Date,ticker,price,ret,log_ret
2022-01-04,AMD,144.4199981689453,-0.03873806650308964,-0.03950834367818823
2022-01-05,AMD,136.14999389648438,-0.05726356721585413,-0.058968534053937004
2022-01-06,AMD,136.22999572753906,0.0005876006951239798,0.0005874281254335956
2022-01-07,AMD,132.0,-0.03105039903252349,-0.03154267982948299
2022-01-10,AMD,132.0,0.0,0.0
2022-01-11,AMD,137.30999755859375,0.04022725423177076,0.039439202967038435
2022-01-12,AMD,137.47000122070312,0.0011652732135625232,0.0011645948096974897
2022-01-13,AMD,132.74000549316406,-0.03440747570770164,-0.03501335126244453
2022-01-14,AMD,136.8800048828125,0.031188784227236255,0.03071229615548802
2022-01-18,AMD,131.92999267578125,-0.03616315042704099,-0.036833241876412584
2022-01-19,AMD,128.27000427246094,-0.027741898025528955,-0.02813397275963759
2022-01-20,AMD,121.88999938964844,-0.04973886856088816,-0.05101845695975154
2022-01-21,AMD,118.80999755859375,-0.025268700028529656,-0.025593435738980687
2022-01-24,AMD,116.52999877929688,-0.019190293966401595,-0.01937681781163679
2022-01-25,AMD,111.12999725341797,-0.04634001186343695,-0.04744807762721297
2022-01-26,AMD,110.70999908447266,-0.0037793411259388066,-0.003786500880742011
2022-01-27,AMD,102.5999984741211,-0.07325445467815028,-0.07607624373722109
2022-01-28,AMD,105.23999786376953,0.025730988585875414,0.025405518008881734
2022-01-31,AMD,114.25,0.08561385708021096,0.08214559390087749
2022-02-01,AMD,116.77999877929688,0.02214440944679974,0.021902782628062088
2022-02-02,AMD,122.76000213623047,0.05120742780820908,0.049939434750840915
2022-02-03,AMD,120.08000183105469,-0.021831217485657084,-0.022073044579387403
2022-02-04,AMD,123.5999984741211,0.029313762403325283,0.02889233010446198
2022-02-07,AMD,123.66999816894531,0.0005663405800031551,0.00056618026970084
2022-02-08,AMD,128.22999572753906,0.03687230230540117,0.03620878020429996
2022-02-09,AMD,132.85000610351562,0.03602909248935071,0.035395224996439205
2022-02-10,AMD,125.7699966430664,-0.053293256568859526,-0.05476590278071969
2022-02-11,AMD,113.18000030517578,-0.10010333683653394,-0.1054753409572586
2022-02-14,AMD,114.2699966430664,0.00963064441554673,0.009584565370660275
2022-02-15,AMD,121.47000122070312,0.06300870560210692,0.061103288980186396
2022-02-16,AMD,117.69000244140625,-0.031118784401992894,-0.03161325912764793
2022-02-17,AMD,112.37000274658203,-0.0452034971914701,-0.04625704727183443
2022-02-18,AMD,113.83000183105469,0.012992783205365344,0.01290910106087836
2022-02-22,AMD,115.6500015258789,0.015988752223033753,0.015862278448389767
2022-02-23,AMD,109.76000213623047,-0.05092952280100438,-0.052272218431069876
2022-02-24,AMD,116.61000061035156,0.06240887701167419,0.06053885532605262
2022-02-25,AMD,121.05999755859375,0.038161366306065814,0.03745123153026133
2022-02-28,AMD,123.33999633789062,0.018833626509808354,0.018658469575542513
2022-03-01,AMD,113.83000183105469,-0.07710389808009444,-0.08023861644917647
2022-03-02,AMD,118.27999877929688,0.03909335743354214,0.03834856124082773
2022-03-03,AMD,111.9800033569336,-0.053263404526395663,-0.054734370765102465
2022-03-04,AMD,108.41000366210938,-0.03188068929990051,-0.03239994444534096
2022-03-07,AMD,102.94999694824219,-0.05036441776060496,-0.05167696562268887
2022-03-08,AMD,105.52999877929688,0.025060727610820344,0.02475185728495075
2022-03-09,AMD,111.05000305175781,0.052307441829932744,0.050985316705728645
2022-03-10,AMD,106.45999908447266,-0.04133276759250393,-0.04221125867649044
2022-03-11,AMD,104.29000091552734,-0.020383225508235125,-0.02059383023309044
2022-03-14,AMD,102.25,-0.019560848572431233,-0.0197546939888789
2022-03-15,AMD,109.33000183105469,0.0692420716973563,0.06695005327144413
2022-03-16,AMD,115.37000274658203,0.055245594204423654,0.05377353055156917
2022-03-17,AMD,111.69000244140625,-0.031897375553150975,-0.0324171803344175
2022-03-18,AMD,113.45999908447266,0.01584740446214039,0.01572314541775015
2022-03-21,AMD,115.91999816894531,0.02168164202646561,0.021449938387321756
2022-03-22,AMD,114.77999877929688,-0.00983436342008015,-0.009883040171517737
2022-03-23,AMD,113.91999816894531,-0.007492599925926102,-0.007520810454558243
2022-03-24,AMD,120.52999877929688,0.05802318044764032,0.0564022428819544
2022-03-25,AMD,119.66999816894531,-0.007135158210084369,-0.007160735187898798
2022-03-28,AMD,120.23999786376953,0.004763096043667758,0.004751788393772814
2022-03-29,AMD,123.2300033569336,0.024866978927858163,0.024562827512904544
2022-03-30,AMD,119.22000122070312,-0.03254079385696007,-0.03308201916037515
2022-03-31,AMD,109.33999633789062,-0.0828720414498435,-0.08650827605686844
2022-04-01,AMD,108.19000244140625,-0.010517595893551834,-0.010573296708596122
2022-04-04,AMD,110.52999877929688,0.021628581986195217,0.021398003013379255
2022-04-05,AMD,106.81999969482422,-0.03356553990270705,-0.034141794224067094
2022-04-06,AMD,103.66999816894531,-0.02948887413291701,-0.02993241238202657
2022-04-07,AMD,103.72000122070312,0.00048232905026512896,0.00048221276699846
2022-04-08,AMD,101.0,-0.02622446190407679,-0.02657445559842054
2022-04-11,AMD,97.37000274658203,-0.03594056686552449,-0.036602333642912696
2022-04-12,AMD,95.0999984741211,-0.02331317868367444,-0.023589229691996075
2022-04-13,AMD,97.73999786376953,0.027760246393346177,0.02738191647940181
2022-04-14,AMD,93.05999755859375,-0.047882140448772925,-0.049066449804004764
2022-04-18,AMD,93.88999938964844,0.008918996914137,0.008879457587999545
2022-04-19,AMD,96.93000030517578,0.03237832501107163,0.031865193883183686
2022-04-20,AMD,94.0199966430664,-0.030021702805606898,-0.030481581761409672
2022-04-21,AMD,89.8499984741211,-0.044352247583842375,-0.04536589364446734
2022-04-22,AMD,88.13999938964844,-0.019031709666252006,-0.019215143758009243
2022-04-25,AMD,90.69000244140625,0.0289312805697306,0.028520671890778268
2022-04-26,AMD,85.16000366210938,-0.060976939358555415,-0.0629152413518515
2022-04-27,AMD,84.91000366210938,-0.0029356504139188555,-0.0029399678873941195
2022-04-28,AMD,89.63999938964844,0.055705988971118,0.054209726983229255
2022-04-29,AMD,85.5199966430664,-0.04596165522796514,-0.04705141466021663
2022-05-02,AMD,89.83999633789062,0.05051449794665608,0.04928004220402605
2022-05-03,AMD,91.12999725341797,0.014358870971850957,0.01425675870125477
2022-05-04,AMD,99.41999816894531,0.09096895825064255,0.08706625388028799
2022-05-05,AMD,93.87000274658203,-0.055823732896596145,-0.057442406640835796
2022-05-06,AMD,95.33999633789062,0.0156598865270845,0.015538535757307195
2022-05-09,AMD,86.36000061035156,-0.0941891763422501,-0.09892479865149745
2022-05-10,AMD,88.7300033569336,0.027443292378786177,0.02707347596624255
2022-05-11,AMD,87.91999816894531,-0.009128875885757393,-0.009170799411382354
2022-05-12,AMD,87.05999755859375,-0.009781626800071108,-0.009829781187642815
2022-05-13,AMD,95.12000274658203,0.09257989218944873,0.08854177317609203
2022-05-16,AMD,94.23999786376953,-0.00925152289111053,-0.009294584022146238
2022-05-17,AMD,102.47000122070312,0.0873302583137856,0.08372538748911598
2022-05-18,AMD,96.27999877929688,-0.06040794737646216,-0.062309484488218846
2022-05-19,AMD,96.66999816894531,0.0040506792126413504,0.004042497299028882
2022-05-20,AMD,93.5,-0.03279195437042692,-0.033341661240580626
2022-05-23,AMD,95.06999969482422,0.016791440586355177,0.016652022866286274
2022-05-24,AMD,91.16000366210938,-0.041127548598569263,-0.041997214611117537
2022-05-25,AMD,92.6500015258789,0.01634486401835078,0.01621272465083974
2022-05-26,AMD,98.75,0.06583916215497587,0.06376243458058146
2022-05-27,AMD,102.26000213623047,0.03554432543018193,0.03492720676080816
2022-05-31,AMD,101.86000061035156,-0.003911612727584557,-0.0039192830935176155
2022-06-01,AMD,101.22000122070312,-0.006283127683227141,-0.006302949602689425
2022-06-02,AMD,108.58999633789062,0.07281164817532204,0.07028291065879007
2022-06-03,AMD,106.30000305175781,-0.0210884369035913,-0.02131397444780417
2022-06-06,AMD,105.6500015258789,-0.006114783699135207,-0.006133555551980251
2022-06-07,AMD,105.27999877929688,-0.0035021556198595594,-0.003508302522655502
2022-06-08,AMD,101.9000015258789,-0.032104837505779305,-0.0326315007792257
2022-06-09,AMD,98.80000305175781,-0.030421966905798348,-0.030894319560898133
2022-06-10,AMD,94.81999969482422,-0.040283433542492975,-0.04111728138656111
2022-06-13,AMD,86.98999786376953,-0.08257753486875508,-0.0861872092932443
2022-06-14,AMD,86.98999786376953,0.0,0.0
2022-06-15,AMD,89.30000305175781,0.02655483670209824,0.026208377094419113
2022-06-16,AMD,82.05000305175781,-0.08118700730388484,-0.08467266732669369
2022-06-17,AMD,81.56999969482422,-0.005850132103356609,-0.005867311158764454
2022-06-21,AMD,83.79000091552734,0.02721590326111012,0.026852135980431832
2022-06-22,AMD,83.75,-0.0004773948572655007,-0.0004775088464703896
2022-06-23,AMD,82.43000030517578,-0.0157611903859608,-0.015886718677797975
2022-06-24,AMD,87.08000183105469,0.05641151896959218,0.05487780536623891
2022-06-27,AMD,86.16000366210938,-0.010564976453838582,-0.010621182041893737
2022-06-28,AMD,80.77999877929688,-0.06244202244827046,-0.06447668032790861
2022-06-29,AMD,77.98999786376953,-0.03453826389809744,-0.035148809072489795
2022-06-30,AMD,76.47000122070312,-0.01948963565458084,-0.019682062932027213
2022-07-01,AMD,73.66999816894531,-0.036615705597762616,-0.037302887179396726
2022-07-05,AMD,75.19999694824219,0.02076827497386624,0.020555554534006978
2022-07-06,AMD,75.3499984741211,0.0019947012229555305,0.0019927144480472907
2022-07-07,AMD,79.30000305175781,0.05242209233744499,0.05109426230255185
2022-07-08,AMD,79.3499984741211,0.0006304592741395165,0.0006302606181832836
2022-07-11,AMD,76.94999694824219,-0.030245766503217197,-0.03071260711677352
2022-07-12,AMD,76.36000061035156,-0.00766726915255711,-0.0076968137752899835
2022-07-13,AMD,77.5199966430664,0.015191147504490576,0.015076917427786404
2022-07-14,AMD,78.5999984741211,0.01393191276861705,0.01383575574353011
2022-07-15,AMD,81.11000061035156,0.03193387003762971,0.03143458558529574
2022-07-18,AMD,81.43000030517578,0.003945255731922392,0.003937493619508253
2022-07-19,AMD,85.87999725341797,0.054648126385421936,0.053207181802207
2022-07-20,AMD,89.43000030517578,0.04133678580918354,0.04050525874159007
2022-07-21,AMD,91.08999633789062,0.018561959376609538,0.018391788782975007
2022-07-22,AMD,88.0999984741211,-0.03282465675680113,-0.03337547293123661
2022-07-25,AMD,87.54000091552734,-0.006356385565185252,-0.006376673401144364
2022-07-26,AMD,85.25,-0.02615948014139391,-0.0265077260575117
2022-07-27,AMD,89.81999969482422,0.05360703454339255,0.05221954809832848
2022-07-28,AMD,91.66999816894531,0.020596732135456763,0.02038748773731374
2022-07-29,AMD,94.47000122070312,0.030544377742841133,0.030087184703370115
2022-08-01,AMD,96.77999877929688,0.024452180890705,0.0241580120493586
2022-08-02,AMD,99.29000091552734,0.025935132960214657,0.025604521514246557
2022-08-03,AMD,98.08999633789062,-0.012085855237907062,-0.01215948302419638
2022-08-04,AMD,103.91000366210938,0.05933334225205367,0.0576397878655967
2022-08-05,AMD,102.30999755859375,-0.01539799872126335,-0.015517779079626547
2022-08-08,AMD,100.06999969482422,-0.021894222629481264,-0.022137457975275627
2022-08-09,AMD,95.54000091552734,-0.04526830012103189,-0.04632492050826578
2022-08-10,AMD,99.05000305175781,0.03673856083938998,0.03607978641035946
2022-08-11,AMD,98.12000274658203,-0.009389200166806777,-0.009433556572475741
2022-08-12,AMD,100.83000183105469,0.027619231640992448,0.027244701182584853
2022-08-15,AMD,101.01000213623047,0.0017851859754736132,0.0017835944248511513
2022-08-16,AMD,100.19999694824219,-0.008019059210550683,-0.008051384795696228
2022-08-17,AMD,98.2699966430664,-0.019261480678215093,-0.019449399980073515
2022-08-18,AMD,100.44000244140625,0.022082078685945916,0.021841800382469453
2022-08-19,AMD,95.94999694824219,-0.04470335906038436,-0.045733367948496154
2022-08-22,AMD,92.83999633789062,-0.032412722347757605,-0.03294964868714674
2022-08-23,AMD,92.48999786376953,-0.0037699104688380114,-0.0037770344915643472
2022-08-24,AMD,92.7300033569336,0.002594934573547869,0.0025915735440062765
2022-08-25,AMD,97.18000030517578,0.047988749996194846,0.04687285110477742
2022-08-26,AMD,91.18000030517578,-0.06174109879767553,-0.06372935398581657
2022-08-29,AMD,88.48999786376953,-0.029502110467239717,-0.029946050993921617
2022-08-30,AMD,86.94000244140625,-0.017516052206821175,-0.017671273496180372
2022-08-31,AMD,84.87000274658203,-0.023809519630728193,-0.024097547298343052
2022-09-01,AMD,82.33000183105469,-0.029928135187077487,-0.030385122793044495
2022-09-02,AMD,80.23999786376953,-0.025385690766459024,-0.025713466520097577
2022-09-06,AMD,78.72000122070312,-0.01894312915669616,-0.019124848779770644
2022-09-07,AMD,79.61000061035156,0.011305886380174046,0.01124245251635944
2022-09-08,AMD,82.77999877929688,0.03981909489563695,0.039046750806976026
2022-09-09,AMD,85.44999694824219,0.03225414602945209,0.03174490227340706
2022-09-12,AMD,84.63999938964844,-0.009479199385862724,-0.009524412948798786
2022-09-13,AMD,77.02999877929688,-0.08991021579901237,-0.09421202038108016
2022-09-14,AMD,77.44999694824219,0.005452397450357971,0.0054375869421743215
2022-09-15,AMD,76.66000366210938,-0.010200042830998957,-0.010252419736729506
2022-09-16,AMD,76.51000213623047,-0.001956711697276514,-0.0019586285585143364
2022-09-19,AMD,76.7699966430664,0.003398176703393707,0.003392415947960866
2022-09-20,AMD,75.25,-0.019799357946223006,-0.019997991483667366
2022-09-21,AMD,74.4800033569336,-0.01023251352912169,-0.01028522558856342
2022-09-22,AMD,69.5,-0.06686362959823888,-0.0692039254696753
2022-09-23,AMD,67.95999908447266,-0.02215828655435026,-0.02240746923857711
2022-09-26,AMD,66.30000305175781,-0.024426074971712564,-0.024729340110824
2022-09-27,AMD,67.16999816894531,0.013122097694449941,0.013036748797420086
2022-09-28,AMD,68.36000061035156,0.017716279199727847,0.017561175157114278
2022-09-29,AMD,64.13999938964844,-0.06173202432745595,-0.06371968242679818
2022-09-30,AMD,63.36000061035156,-0.012160879119415102,-0.012235427609837438
2022-10-03,AMD,66.11000061035156,0.04340277735967568,0.04248727343860618
2022-10-04,AMD,67.9000015258789,0.027076098910927326,0.02671602645924321
2022-10-05,AMD,67.94000244140625,0.0005891150902566089,0.0005889416300838184
2022-10-06,AMD,67.8499984741211,-0.0013247566095214713,-0.0013256348753033303
2022-10-07,AMD,58.439998626708984,-0.13868828384721643,-0.14929880040853744
2022-10-10,AMD,57.810001373291016,-0.0107802407293357,-0.010838768533702027
2022-10-11,AMD,57.630001068115234,-0.0031136533627370566,-0.0031185108670457305
2022-10-12,AMD,57.849998474121094,0.0038174111040851777,0.003810143280624359
2022-10-13,AMD,58.939998626708984,0.018841835459606715,0.018666526746521517
2022-10-14,AMD,55.939998626708984,-0.050899220731242645,-0.05224029078527811
2022-10-17,AMD,57.959999084472656,0.036110127053153196,0.03547343843217706
2022-10-18,AMD,57.91999816894531,-0.0006901469316630271,-0.0006903851926863856
2022-10-19,AMD,57.22999954223633,-0.011912960091889913,-0.011984488041602558
2022-10-20,AMD,57.77000045776367,0.00943562676649723,0.009391389294729111
2022-10-21,AMD,58.81999969482422,0.018175510277660623,0.018012310220475704
2022-10-24,AMD,58.70000076293945,-0.0020401042588805707,-0.002042188106233722
2022-10-25,AMD,61.470001220703125,0.04718910428894785,0.04610953094612056
2022-10-26,AMD,59.72999954223633,-0.028306517714542734,-0.028714871697103673
2022-10-27,AMD,58.599998474121094,-0.018918484459658935,-0.019099728536255158
2022-10-28,AMD,62.0099983215332,0.05819112519120684,0.05656096475002947
2022-10-31,AMD,60.060001373291016,-0.031446492517724245,-0.03195154987360462
2022-11-01,AMD,59.65999984741211,-0.00666003191363207,-0.006682308891524457
2022-11-02,AMD,58.630001068115234,-0.01726447840984291,-0.017415247334958372
2022-11-03,AMD,60.11000061035156,0.02524304136574873,0.024929698010961704
2022-11-04,AMD,62.189998626708984,0.03460319406483636,0.03401796582863271
2022-11-07,AMD,63.08000183105469,0.014311034314181015,0.014209598088723218
2022-11-08,AMD,63.849998474121094,0.012206668051923497,0.012132767458342531
2022-11-09,AMD,59.91999816894531,-0.06155051525598143,-0.06352624993003846
2022-11-10,AMD,68.47000122070312,0.14269030896247625,0.13338540231062204
2022-11-11,AMD,72.37000274658203,0.0569592734971307,0.05539617586871442
2022-11-14,AMD,73.52999877929688,0.01602868576331007,0.01590158277672371
2022-11-15,AMD,76.37000274658203,0.038623745606327864,0.03789651525773973
2022-11-16,AMD,72.69999694824219,-0.04805559337896048,-0.04924864230237936
2022-11-17,AMD,73.9000015258789,0.01650625348018986,0.016371506039982244
2022-11-18,AMD,73.56999969482422,-0.004465518595951901,-0.004475518805971448
2022-11-21,AMD,72.45999908447266,-0.015087679964060907,-0.015202656964075502
2022-11-22,AMD,75.25,0.03850401532954484,0.03778123079698833
2022-11-23,AMD,76.4000015258789,0.015282412304038706,0.015166812515726574
2022-11-25,AMD,75.13999938964844,-0.016492174228604828,-0.016629684121746972
2022-11-28,AMD,73.19000244140625,-0.025951516689935228,-0.02629419905272802
2022-11-29,AMD,73.38999938964844,0.002732571957519747,0.00272884527018541
2022-11-30,AMD,77.62999725341797,0.057773510001794204,0.05616623679674595
2022-12-01,AMD,77.4800033569336,-0.0019321641348862828,-0.001934033171920614
2022-12-02,AMD,74.9800033569336,-0.032266389928805816,-0.03279842578642893
2022-12-05,AMD,73.62000274658203,-0.018138177506840547,-0.01830469082039139
2022-12-06,AMD,70.2699966430664,-0.04550402035500001,-0.04657184782625293
2022-12-07,AMD,70.13999938964844,-0.0018499681176631366,-0.0018516814220463878
2022-12-08,AMD,70.47000122070312,0.004704902109015308,0.00469386865111235
2022-12-09,AMD,68.58999633789062,-0.026678087842294196,-0.027040406541313053
2022-12-12,AMD,70.66999816894531,0.030325148594674056,0.02987443067290646
2022-12-13,AMD,71.6500015258789,0.013867318272610785,0.013772046777633181
2022-12-14,AMD,68.93000030517578,-0.037962333046436925,-0.03870167424557754
2022-12-15,AMD,66.52999877929688,-0.03481795321707981,-0.03543854591925399
2022-12-16,AMD,65.41000366210938,-0.016834437663269974,-0.01697774744552009
2022-12-19,AMD,64.58999633789062,-0.01253642070492289,-0.01261566461351191
2022-12-20,AMD,65.05000305175781,0.007121949836639496,0.007096708525942241
2022-12-21,AMD,67.68000030517578,0.04043039400513759,0.039634467934520634
2022-12-22,AMD,63.86000061035156,-0.05644207561464931,-0.058097522962779834
2022-12-23,AMD,64.5199966430664,0.01033504582534972,0.010282004383371391
2022-12-27,AMD,63.27000045776367,-0.019373779453490836,-0.019563910833782443
2022-12-28,AMD,62.56999969482422,-0.011063707252645605,-0.011125365260953146
2022-12-29,AMD,64.81999969482422,0.035959725283267296,0.035328267872429334
2022-12-30,AMD,64.7699966430664,-0.000771413946208388,-0.0007717116390527107
2023-01-03,AMD,64.0199966430664,-0.01157943552372076,-0.01164699926028446
2023-01-04,AMD,64.66000366210938,0.009996986138740782,0.009947346827667153
2023-01-05,AMD,62.33000183105469,-0.03603466902399921,-0.03669994873614295
2023-01-06,AMD,63.959999084472656,0.02615108624312379,0.025814993454153806
2023-01-09,AMD,67.23999786376953,0.05128203293069067,0.050010403118488936
2023-01-10,AMD,68.05000305175781,0.012046478490814083,0.01197449717310929
2023-01-11,AMD,69.05999755859375,0.014841946532577754,0.014732882666596715
2023-01-12,AMD,70.80000305175781,0.025195562622019496,0.02488338719370984
2023-01-13,AMD,71.0,0.0028248155313777,0.0028208332377184604
2023-01-17,AMD,71.58999633789062,0.008309807575924255,0.008275471212853493
2023-01-18,AMD,70.52999877929688,-0.014806503880664734,-0.014917214341654312
2023-01-19,AMD,67.70999908447266,-0.03998298232853492,-0.04080426793626249
2023-01-20,AMD,70.06999969482422,0.034854536143285264,0.03426087205089168
2023-01-23,AMD,76.52999877929688,0.09219350810058335,0.08818806684403728
2023-01-24,AMD,74.69999694824219,-0.023912215604918408,-0.02420275358592863
2023-01-25,AMD,74.91000366210938,0.0028113349725127357,0.0028073905613269514
2023-01-26,AMD,75.16000366210938,0.0033373379759484845,0.003331781422863936
2023-01-27,AMD,75.4000015258789,0.0031931592878635673,0.0031880719815874027
2023-01-30,AMD,72.44999694824219,-0.03912472835460368,-0.039910668606601446
2023-01-31,AMD,75.1500015258789,0.037267145498509624,0.036589509858997046
2023-02-01,AMD,84.63999938964844,0.12628074079947327,0.11892082439541483
2023-02-02,AMD,88.30999755859375,0.04336009210078218,0.04244636293600509
2023-02-03,AMD,86.08999633789062,-0.025138730405129373,-0.025460105703134547
2023-02-06,AMD,83.68000030517578,-0.027993914917314733,-0.02839321416816104
2023-02-07,AMD,85.91000366210938,0.026649179598481343,0.026300275313690558
2023-02-08,AMD,84.69000244140625,-0.014200921530646005,-0.014302719516171819
2023-02-09,AMD,83.20999908447266,-0.017475538012382885,-0.017630037851343053
2023-02-10,AMD,81.4800033569336,-0.020790719223332976,-0.021009889351642733
2023-02-13,AMD,83.12999725341797,0.020250292446066354,0.0200479819453114
2023-02-14,AMD,85.94999694824219,0.0339227690123407,0.033360081819263296
2023-02-15,AMD,85.18000030517578,-0.008958658178080947,-0.008999028244874684
2023-02-16,AMD,80.08000183105469,-0.059873191545541715,-0.061740510205500615
2023-02-17,AMD,78.5,-0.019730292144448547,-0.01992753308392036
2023-02-21,AMD,76.7699966430664,-0.022038259323994835,-0.022284729675710338
2023-02-22,AMD,76.61000061035156,-0.0020840958670185206,-0.002086270616926871
2023-02-23,AMD,79.75,0.040986808048976364,0.040169117169228497
2023-02-24,AMD,78.08999633789062,-0.020815092941810387,-0.02103478088638081
2023-02-27,AMD,78.7699966430664,0.00870790545607747,0.008670210319754101
2023-02-28,AMD,78.58000183105469,-0.0024120200597779196,-0.0024149336662233636
2023-03-01,AMD,78.29000091552734,-0.0036905180551005667,-0.0036973448182288805
2023-03-02,AMD,80.44000244140625,0.02746201942440507,0.02709170264122543
2023-03-03,AMD,81.5199966430664,0.013426083650940335,0.013336752480104337
2023-03-06,AMD,81.16000366210938,-0.00441600828976052,-0.004425787655494856
2023-03-07,AMD,82.11000061035156,0.01170523540384849,0.011637259074327897
2023-03-08,AMD,85.37000274658203,0.03970286337836759,0.03893496404086092
2023-03-09,AMD,84.02999877929688,-0.015696426428178922,-0.01582091978176361
2023-03-10,AMD,82.66999816894531,-0.016184703440536463,-0.016317106297512866
2023-03-13,AMD,82.01000213623047,-0.007983501237850188,-0.00801554001888811
2023-03-14,AMD,87.44999694824219,0.06633330899047052,0.06422594947070319
2023-03-15,AMD,89.68000030517578,0.025500325154424353,0.025180615599408738
2023-03-16,AMD,96.5999984741211,0.07716322642057283,0.07433094325577853
2023-03-17,AMD,97.83999633789062,0.01283641701197058,0.012754728526719493
2023-03-20,AMD,96.80999755859375,-0.010527379577363938,-0.010583184435897567
2023-03-21,AMD,95.93000030517578,-0.009089941902801435,-0.009131507502355828
2023-03-22,AMD,97.58000183105469,0.017200057548523606,0.017053811141252193
2023-03-23,AMD,100.27999877929688,0.027669572633507666,0.02729368796480309
2023-03-24,AMD,97.94999694824219,-0.023234960704204943,-0.02350914788287815
2023-03-27,AMD,96.61000061035156,-0.013680412247472518,-0.013774851387164052
2023-03-28,AMD,94.55999755859375,-0.021219366926886862,-0.02144773400790964
2023-03-29,AMD,96.08999633789062,0.016180190554138107,0.01605068633873872
2023-03-30,AMD,97.87999725341797,0.01862837947493512,0.018456996335830925
2023-03-31,AMD,98.01000213623047,0.0013282068498214894,0.0013273255633710216
2023-04-03,AMD,96.55999755859375,-0.014794455117154937,-0.014904984571684652
2023-04-04,AMD,95.87000274658203,-0.007145762525449739,-0.007171415767519757
2023-04-05,AMD,92.55999755859375,-0.03452597364305687,-0.035136079228981085
2023-04-06,AMD,92.47000122070312,-0.0009723027254149308,-0.000972775718329577
2023-04-10,AMD,95.4800033569336,0.03255112032545915,0.03203255583850966
2023-04-11,AMD,94.02999877929688,-0.015186473886224738,-0.015302969322203706
2023-04-12,AMD,92.33000183105469,-0.018079304161561782,-0.018244731690755772
2023-04-13,AMD,92.08999633789062,-0.002599431261825602,-0.0026028156495291133
2023-04-14,AMD,91.75,-0.0036920007754494,-0.003698833031960663
2023-04-17,AMD,89.87000274658203,-0.020490433279759857,-0.020703274702675203
2023-04-18,AMD,89.77999877929688,-0.0010014906479857144,-0.0010019924748226158
2023-04-19,AMD,89.94000244140625,0.0017821749196356151,0.0017805887302119103
2023-04-20,AMD,90.11000061035156,0.001890128578282635,0.0018883445329577148
2023-04-21,AMD,88.43000030517578,-0.018643882963005898,-0.018819870981664103
2023-04-24,AMD,87.56999969482422,-0.009725213246451037,-0.009772811989489509
2023-04-25,AMD,83.80000305175781,-0.043051235082843475,-0.044005426144003476
2023-04-26,AMD,85.94000244140625,0.025536984626679526,0.025216362849918763
2023-04-27,AMD,87.44000244140625,0.01745403720488259,0.017303465034101153
2023-04-28,AMD,89.37000274658203,0.022072281007415206,0.021832214336793086
2023-05-01,AMD,89.69000244140625,0.0035806163700320415,0.003574221224399755
2023-05-02,AMD,89.91000366210938,0.0024529068426200062,0.002449903377108817
2023-05-03,AMD,81.62000274658203,-0.0922033208527272,-0.09673484709901094
2023-05-04,AMD,86.61000061035156,0.0611369480011259,0.059340925761574424
2023-05-05,AMD,89.83999633789062,0.03729356546330531,0.036614980277536756
2023-05-08,AMD,95.04000091552734,0.05788073007126315,0.05626759557979269
2023-05-09,AMD,95.05999755859375,0.00021040238713987414,0.0002103802556619065
2023-05-10,AMD,97.0199966430664,0.02061854759952575,0.020408862713570678
2023-05-11,AMD,97.0999984741211,0.0008245911546360674,0.0008242513661281508
2023-05-12,AMD,95.26000213623047,-0.01894949914320565,-0.01913134178479309
2023-05-15,AMD,97.4000015258789,0.022464826177392316,0.022216208516620976
2023-05-16,AMD,101.4800033569336,0.04188913518621096,0.041035541496239045
2023-05-17,AMD,103.75,0.022368905872836686,0.022122391299971473
2023-05-18,AMD,107.93000030517578,0.04028915956795931,0.039498712553981574
2023-05-19,AMD,105.81999969482422,-0.019549713743958752,-0.01974333707271768
2023-05-22,AMD,108.0,0.02060102354434612,0.02039169253214797
2023-05-23,AMD,108.12000274658203,0.0011111365424261166,0.0011105196871161916
2023-05-24,AMD,108.2699966430664,0.0013872909052354832,0.0013863295062649232
2023-05-25,AMD,120.3499984741211,0.11157293992424155,0.1057760752328018
2023-05-26,AMD,127.02999877929688,0.055504780971078915,0.054019117875400785
2023-05-30,AMD,125.2699966430664,-0.013855011832978992,-0.013951888367289389
2023-05-31,AMD,118.20999908447266,-0.056358248166238134,-0.058008685041151684
2023-06-01,AMD,119.47000122070312,0.010659014854826898,0.01060260802942379
2023-06-02,AMD,117.86000061035156,-0.013476191461464282,-0.013567819458404155
2023-06-05,AMD,117.93000030517578,0.0005939224033744139,0.0005937461012668593
2023-06-06,AMD,124.2300033569336,0.0534215469808772,0.0520434825578598
2023-06-07,AMD,117.83000183105469,-0.05151735774723143,-0.052891789982459365
2023-06-08,AMD,121.05000305175781,0.027327515663794877,0.0269607853297388
2023-06-09,AMD,124.91999816894531,0.03197021907990205,0.031469809162270816
2023-06-12,AMD,129.19000244140625,0.034181911103505325,0.03361069011294636
2023-06-13,AMD,124.52999877929688,-0.036070930985723226,-0.03673756693943092
2023-06-14,AMD,127.33000183105469,0.02248456660406961,0.022235515035156438
2023-06-15,AMD,124.23999786376953,-0.024267681794154616,-0.024566994319685332
2023-06-16,AMD,120.08000183105469,-0.03348354881071658,-0.03405695907221621
2023-06-20,AMD,118.93000030517578,-0.009576961262016681,-0.009623115268663943
2023-06-21,AMD,112.11000061035156,-0.05734465380748355,-0.05905454969544301
2023-06-22,AMD,110.69999694824219,-0.012576965965863884,-0.012656725462953124
2023-06-23,AMD,110.01000213623047,-0.006233015637157835,-0.006252521976913741
2023-06-26,AMD,107.51000213623047,-0.022725206358092165,-0.022987403802656348
2023-06-27,AMD,110.38999938964844,0.026788179668795875,0.02643565813401329
2023-06-28,AMD,110.16999816894531,-0.0019929452116996815,-0.0019949337695051943
2023-06-29,AMD,111.23999786376953,0.00971226025785521,0.009665399430258608
2023-06-30,AMD,113.91000366210938,0.024002210082830766,0.02371868489900137
2023-07-03,AMD,115.81999969482422,0.016767588195155003,0.01662856410176193
2023-07-05,AMD,113.94999694824219,-0.016145767151695134,-0.016277530252588157
2023-07-06,AMD,113.4800033569336,-0.004124559928878946,-0.004133089387771041
2023-07-07,AMD,113.16999816894531,-0.0027318045366390153,-0.0027355427242028185
2023-07-10,AMD,113.58000183105469,0.0036229006692860555,0.003616353772396323
2023-07-11,AMD,111.31999969482422,-0.01989788783057178,-0.02009851665430183
2023-07-12,AMD,114.58000183105469,0.029284963574986778,0.028864351044748243
2023-07-13,AMD,115.91999816894531,0.011694853521353687,0.011626997255568752
2023-07-14,AMD,115.94000244140625,0.0001725696409327071,0.00017255475250505705
2023-07-17,AMD,118.31999969482422,0.020527835115587312,0.020319978854219548
2023-07-18,AMD,117.93000030517578,-0.0032961408946444726,-0.003301585133654228
2023-07-19,AMD,116.43000030517578,-0.01271940978646946,-0.012800994019615045
2023-07-20,AMD,110.25,-0.05307910580586894,-0.054539722343078745
2023-07-21,AMD,110.94999694824219,0.00634917866886342,0.006329107545943632
2023-07-24,AMD,110.61000061035156,-0.003064410520436822,-0.003069115440685689
2023-07-25,AMD,113.0,0.02160744396040415,0.021377312280127302
2023-07-26,AMD,110.08999633789062,-0.025752244797428103,-0.026089638894716192
2023-07-27,AMD,111.0999984741211,0.009174331636187416,0.009132503093676232
2023-07-28,AMD,112.95999908447266,0.01674167989106512,0.01660308272875037
2023-07-31,AMD,114.4000015258789,0.012747897070443548,0.012667326643748767
2023-08-01,AMD,117.5999984741211,0.02797200092273,0.027587930205566023
2023-08-02,AMD,109.3499984741211,-0.07015306213473704,-0.07273528932067129
2023-08-03,AMD,113.1500015258789,0.034750828575979664,0.03416065239630408
2023-08-04,AMD,115.81999969482422,0.02359697863843735,0.023322873597731025
2023-08-07,AMD,116.80999755859375,0.008547728081316652,0.008511403104213878
2023-08-08,AMD,113.2300033569336,-0.030648011955178522,-0.03112748429396207
2023-08-09,AMD,110.47000122070312,-0.02437518373579961,-0.024677176038710277
2023-08-10,AMD,110.2300033569336,-0.0021725161683491256,-0.0021748795051453446
2023-08-11,AMD,107.56999969482422,-0.02413139418581045,-0.024427326822208464
2023-08-14,AMD,111.9800033569336,0.04099659453956073,0.040178518291804466
2023-08-15,AMD,111.3499984741211,-0.005626048079355517,-0.005641933898792573
2023-08-16,AMD,107.19000244140625,-0.037359641578097236,-0.038075396520064184
2023-08-17,AMD,104.44000244140625,-0.02565537771587645,-0.025990216272775746
2023-08-18,AMD,105.44999694824219,0.009670571459461375,0.009624110777364293
2023-08-21,AMD,108.22000122070312,0.026268414913473537,0.025929325509965438
2023-08-22,AMD,105.66000366210938,-0.023655493713892195,-0.023939777098876014
2023-08-23,AMD,109.43000030517578,0.035680451565405,0.03505865182358548
2023-08-24,AMD,101.80000305175781,-0.06972491302329908,-0.0722749441247314
2023-08-25,AMD,102.25,0.00442040210954997,0.004410660828514588
2023-08-28,AMD,102.61000061035156,0.0035207883652963456,0.0035146048994724108
2023-08-29,AMD,105.91999816894531,0.03225804053118608,0.03174867507916655
2023-08-30,AMD,106.58999633789062,0.006325511523108673,0.00630558944252516
2023-08-31,AMD,105.72000122070312,-0.008162070992381087,-0.00819556306141942
2023-09-01,AMD,109.44999694824219,0.035281835834945374,0.03467369480354951
2023-09-05,AMD,110.77999877929688,0.012151684496470416,0.01207844549958717
2023-09-06,AMD,109.27999877929688,-0.013540350392929668,-0.013632856933729268
2023-09-07,AMD,106.58999633789062,-0.02461568879442444,-0.02492372030798797
2023-09-08,AMD,106.08999633789062,-0.004690871725100743,-0.004701908391788961
2023-09-11,AMD,105.31999969482422,-0.007257957108547819,-0.0072844242217829785
2023-09-12,AMD,105.30999755859375,-9.496901119876444e-05,-9.49735210408409e-05
2023-09-13,AMD,107.70999908447266,0.022789873530702165,0.02253406365328725
2023-09-14,AMD,106.62999725341797,-0.010026941233261755,-0.010077549590722894
2023-09-15,AMD,101.48999786376953,-0.04820406566674351,-0.04940462185997977
2023-09-18,AMD,102.37000274658203,0.008670853299196368,0.008633477349582324
2023-09-19,AMD,101.61000061035156,-0.007424070683204498,-0.00745176625703344
2023-09-20,AMD,100.33999633789062,-0.012498811778685837,-0.012577578945493745
2023-09-21,AMD,96.11000061035156,-0.04215662628982697,-0.043071007373357235
2023-09-22,AMD,96.19999694824219,0.000936388901457752,0.0009359507628611127
2023-09-25,AMD,97.37999725341797,0.012266115827536339,0.01219149660116263
2023-09-26,AMD,95.95999908447266,-0.014582031310290233,-0.01468939411899349
2023-09-27,AMD,98.06999969482422,0.021988335040459495,0.02175007786163785
2023-09-28,AMD,102.76000213623047,0.04782300862649813,0.04671468673781047
2023-09-29,AMD,102.81999969482422,0.0005838610095998398,0.0005836906290763782
2023-10-02,AMD,103.2699966430664,0.0043765507642268275,0.004367001517634635
2023-10-03,AMD,100.08000183105469,-0.030889851028438997,-0.03137700072236899
2023-10-04,AMD,104.06999969482422,0.039868083440936175,0.03909386226279359
2023-10-05,AMD,102.91000366210938,-0.011146305718424343,-0.011208891283805391
2023-10-06,AMD,107.23999786376953,0.042075542197793414,0.04121443801411439
2023-10-09,AMD,106.97000122070312,-0.0025176860168292237,-0.0025208607179888526
2023-10-10,AMD,109.01000213623047,0.019070775846009136,0.018891208007234515
2023-10-11,AMD,108.30999755859375,-0.006421471093651765,-0.006442177430180952
2023-10-12,AMD,108.79000091552734,0.004431754849536507,0.004421963541805189
2023-10-13,AMD,105.08999633789062,-0.03401052069582822,-0.034602335818396515
2023-10-16,AMD,106.45999908447266,0.013036471541754802,0.012952228114738876
2023-10-17,AMD,105.13999938964844,-0.012399020347321654,-0.012476529558710365
2023-10-18,AMD,102.16999816894531,-0.028248061993003337,-0.0286547149044851
2023-10-19,AMD,102.4000015258789,0.0022511829407421136,0.0022486528248833863
2023-10-20,AMD,101.80999755859375,-0.005761757407162227,-0.005778420367488481
2023-10-23,AMD,100.01000213623047,-0.017679947603646218,-0.017838104790486947
2023-10-24,AMD,101.66999816894531,0.016598300142556255,0.016462053928692905
2023-10-25,AMD,96.05999755859375,-0.05517852573410509,-0.056759285456038505
2023-10-26,AMD,93.66999816894531,-0.024880277434846,-0.025195023148139473
2023-10-27,AMD,96.43000030517578,0.029465166971098578,0.02903941201392396
2023-10-30,AMD,96.18000030517578,-0.0025925541761776527,-0.002595920664550334
2023-10-31,AMD,98.5,0.024121435719099082,0.02383510915556163
2023-11-01,AMD,108.04000091552734,0.09685280117286643,0.09244498922033811
2023-11-02,AMD,107.83000183105469,-0.001943716056026723,-0.0019456075234611124
2023-11-03,AMD,112.25,0.040990430250297694,0.04017259674744357
2023-11-06,AMD,111.75,-0.0044543429844098315,-0.004464293128685493
2023-11-07,AMD,113.44999694824219,0.015212500655411132,0.015097950832588148
2023-11-08,AMD,113.58999633789062,0.0012340184523080833,0.0012332576773470055
2023-11-09,AMD,113.48999786376953,-0.0008803457817150306,-0.0008807335136381998
2023-11-10,AMD,118.58999633789062,0.04493786739024341,0.04395742660630502
2023-11-13,AMD,116.79000091552734,-0.015178307428517557,-0.015294676966715992
2023-11-14,AMD,119.87999725341797,0.02645771310615519,0.02611376140780329
2023-11-15,AMD,118.0,-0.015682326463886898,-0.01580659507170272
2023-11-16,AMD,119.83000183105469,0.015508490093683713,0.015389462509196634
2023-11-17,AMD,120.62000274658203,0.006592680492829794,0.006571043818514889
2023-11-20,AMD,121.52999877929688,0.00754432110755876,0.0075160050448732805
2023-11-21,AMD,119.16000366210938,-0.019501317707502852,-0.019693977260461525
2023-11-22,AMD,122.51000213623047,0.02811344722362019,0.02772551816548359
2023-11-24,AMD,122.30999755859375,-0.0016325571312481024,-0.0016338912048067386
2023-11-27,AMD,122.6500015258789,0.0027798542561681128,0.002775997606953917
2023-11-28,AMD,122.01000213623047,-0.00521809524407868,-0.005231757049525361
2023-11-29,AMD,123.8499984741211,0.015080700808743241,0.014968117519096298
2023-11-30,AMD,121.16000366210938,-0.021719780744073214,-0.021959127230554338
2023-12-01,AMD,121.38999938964844,0.0018982809556564728,0.001896481497255037
2023-12-04,AMD,118.56999969482422,-0.02323090624436308,-0.02350499698551396
2023-12-05,AMD,118.37999725341797,-0.00160244953947275,-0.0016037348350003604
2023-12-06,AMD,116.81999969482422,-0.013177881354856202,-0.013265480061371848
2023-12-07,AMD,128.3699951171875,0.09887001757007385,0.09428239506000835
2023-12-08,AMD,128.9199981689453,0.004284514081781543,0.004275361684394029
2023-12-11,AMD,134.41000366210938,0.04258459177116647,0.041702814584660436
2023-12-12,AMD,137.61000061035156,0.02380772904587225,0.02352874438369558
2023-12-13,AMD,138.19000244140625,0.004214823257627787,0.004205965769856122
2023-12-14,AMD,138.0,-0.0013749362330810477,-0.0013758823252139056
2023-12-15,AMD,139.14999389648438,0.00833328910495923,0.00829875895184378
2023-12-18,AMD,138.89999389648438,-0.0017966224287869759,-0.0017982382905484837
2023-12-19,AMD,140.14999389648438,0.008999280453039882,0.008959028242416718
2023-12-20,AMD,135.47000122070312,-0.03339274262999914,-0.0339630114573976
2023-12-21,AMD,139.91000366210938,0.03277480181145598,0.03224916231642571
2023-12-22,AMD,139.60000610351562,-0.002215692591520546,-0.0022181508702151273
2023-12-26,AMD,143.41000366210938,0.02729224492847493,0.026926452227332306
2023-12-27,AMD,146.07000732421875,0.018548243457106706,0.018378322727497044
2023-12-28,AMD,148.75999450683594,0.018415739356036687,0.018248223125957776
2023-12-29,AMD,147.41000366210938,-0.009074958957897339,-0.00911638722831195
2024-01-02,AMD,138.5800018310547,-0.05990096744922868,-0.06177005548999063
2024-01-03,AMD,135.32000732421875,-0.02352427813365343,-0.023805391374532737
2024-01-04,AMD,136.00999450683594,0.005098929539399277,0.0050859740190369
2024-01-05,AMD,138.5800018310547,0.018895724049820428,0.01871941735549596
2024-01-08,AMD,146.17999267578125,0.05484190174850667,0.05339089953592028
2024-01-09,AMD,149.25999450683594,0.021069927386615506,0.02085102595245252
2024-01-10,AMD,148.5399932861328,-0.004823805756405508,-0.004835477858489882
2024-01-11,AMD,148.02000427246094,-0.0035006667374100076,-0.003506808408698639
2024-01-12,AMD,146.55999755859375,-0.009863577028276227,-0.009912544365645384
2024-01-16,AMD,158.74000549316406,0.08310595071960769,0.07983279399976367
2024-01-17,AMD,160.1699981689453,0.009008395025177363,0.00896806148074212
2024-01-18,AMD,162.6699981689453,0.01560841623637299,0.015487857773849764
2024-01-19,AMD,174.22999572753906,0.07106410333015312,0.0686526433907456
2024-01-22,AMD,168.17999267578125,-0.03472423348513887,-0.035341450057983156
2024-01-23,AMD,168.4199981689453,0.0014270751790717018,0.0014260578750195706
2024-01-24,AMD,178.2899932861328,0.05860346291707419,0.056950551659783584
2024-01-25,AMD,180.3300018310547,0.011442081001416193,0.011377115483416342
2024-01-26,AMD,177.25,-0.01707980812832377,-0.01722735046085398
2024-01-29,AMD,177.8300018310547,0.0032722247168106566,0.0032668826399902978
2024-01-30,AMD,172.05999755859375,-0.03244674246780166,-0.03298480904829779
2024-01-31,AMD,167.69000244140625,-0.02539808891778772,-0.025726187685866302
2024-02-01,AMD,170.47999572753906,0.016637803360445957,0.01650091141093672
2024-02-02,AMD,177.66000366210938,0.042116424885682235,0.041253669225576425
2024-02-05,AMD,174.22999572753906,-0.019306584846715547,-0.019495391041721516
2024-02-06,AMD,167.8800048828125,-0.036446025371295265,-0.037126773362329564
2024-02-07,AMD,170.94000244140625,0.018227290145302,0.018063164469587698
2024-02-08,AMD,169.35000610351562,-0.009301487745301928,-0.009345016715496299
2024-02-09,AMD,172.47999572753906,0.018482370895872346,0.018313647645254116
2024-02-12,AMD,171.91000366210938,-0.0033046850623192903,-0.0033101575939884424
2024-02-13,AMD,171.5399932861328,-0.002152349299601064,-0.0021546689323925033
2024-02-14,AMD,178.6999969482422,0.041739558950351086,0.04089196866434465
2024-02-15,AMD,176.75999450683594,-0.010856197395281098,-0.010915555902259016
2024-02-16,AMD,173.8699951171875,-0.01634984996300548,-0.01648498372899972
2024-02-20,AMD,165.69000244140625,-0.047046603240932794,-0.04818927814058642
2024-02-21,AMD,164.2899932861328,-0.008449569283871083,-0.008485469263696033
2024-02-22,AMD,181.86000061035156,0.10694508516789725,0.10160404560163538
2024-02-23,AMD,176.52000427246094,-0.029363226217797966,-0.029802955048747408
2024-02-26,AMD,176.00999450683594,-0.00288924627963294,-0.0028934282086895257
2024-02-27,AMD,178.0,0.011306207347712816,0.011242769895593712
2024-02-28,AMD,176.5399932861328,-0.008202284909366253,-0.008236108730287912
2024-02-29,AMD,192.52999877929688,0.09057440863979038,0.08670453783911994
2024-03-01,AMD,202.63999938964844,0.05251130044383867,0.051179023280503
2024-03-04,AMD,205.36000061035156,0.013422824856374582,0.01333353685356989
2024-03-05,AMD,205.1300048828125,-0.0011199636095416965,-0.0011205912374424134
2024-03-06,AMD,210.6300048828125,0.026812264754451975,0.026459114581661235
2024-03-07,AMD,211.3800048828125,0.0035607462498863374,0.003554421801682048
2024-03-08,AMD,207.38999938964844,-0.01887598354147113,-0.019056408998621245
2024-03-11,AMD,198.38999938964844,-0.043396499476769046,-0.04436628840411305
2024-03-12,AMD,202.75999450683594,0.022027295380976364,0.02178819923404003
2024-03-13,AMD,194.7899932861328,-0.03930756281626557,-0.040100965790899
2024-03-14,AMD,187.05999755859375,-0.03968374143421338,-0.04049261276635369
2024-03-15,AMD,191.05999755859375,0.02138351359032309,0.02115809410870054
2024-03-18,AMD,190.64999389648438,-0.0021459419415288394,-0.0021482477743164988
2024-03-19,AMD,181.4199981689453,-0.04841330198285032,-0.049624479195434446
2024-03-20,AMD,179.72999572753906,-0.009315414278818657,-0.009359074101502251
2024-03-21,AMD,178.67999267578125,-0.0058421135966061355,-0.005859245499177124
2024-03-22,AMD,179.64999389648438,0.005428706405105066,0.005414024091831177
2024-03-25,AMD,178.6300048828125,-0.005677645690651101,-0.005693824789468562
2024-03-26,AMD,177.8699951171875,-0.004254659042995601,-0.004263735859771142
2024-03-27,AMD,179.58999633789062,0.009669990824309194,0.009623535703339608
2024-03-28,AMD,180.49000549316406,0.005011465970410134,0.004998950371739003
2024-04-01,AMD,183.33999633789062,0.01579029729064141,0.015666927548329088
2024-04-02,AMD,178.6999969482422,-0.025308167788424374,-0.0256339274713794
2024-04-03,AMD,180.77000427246094,0.011583700948905484,0.0115171235337182
2024-04-04,AMD,165.8300018310547,-0.08264646837585021,-0.08626235035378736
2024-04-05,AMD,170.4199981689453,0.027678925931429843,0.027302789387679813
2024-04-08,AMD,169.89999389648438,-0.003051310163408316,-0.0030559749017240326
2024-04-09,AMD,170.77999877929688,0.005179546288557546,0.005166178577928455
2024-04-10,AMD,167.13999938964844,-0.021313967769448827,-0.02154439041009766
2024-04-11,AMD,170.5,0.02010291146716159,0.019903515802019715
2024-04-12,AMD,163.27999877929688,-0.04234604821526755,-0.043268785698115896
2024-04-15,AMD,160.32000732421875,-0.018128316249433007,-0.018294647443959436
2024-04-16,AMD,163.4600067138672,0.019585823641451894,0.019396489579943027
2024-04-17,AMD,154.02000427246094,-0.0577511443391211,-0.05948586131068527
2024-04-18,AMD,155.0800018310547,0.006882207045771915,0.006858632759136399
2024-04-19,AMD,146.63999938964844,-0.054423538443086006,-0.05596052524068549
2024-04-22,AMD,148.63999938964844,0.013638843482845608,0.013546671590083117
2024-04-23,AMD,152.27000427246094,0.02442145383287242,0.024128017951807502
2024-04-24,AMD,151.74000549316406,-0.0034806512407298262,-0.003486722800007255
2024-04-25,AMD,153.75999450683594,0.01331217174473398,0.013224343385320598
2024-04-26,AMD,157.39999389648438,0.023673253900165836,0.023397387709792525
2024-04-29,AMD,160.1999969482422,0.017789092505297477,0.017632718378382907
2024-04-30,AMD,158.3800048828125,-0.011360749688513971,-0.01142577597258931
2024-05-01,AMD,144.27000427246094,-0.0890895326136133,-0.09331066603997379
2024-05-02,AMD,146.16000366210938,0.013100432062641998,0.013015363553212613
2024-05-03,AMD,150.60000610351562,0.03037768425123044,0.029925418768550715
2024-05-06,AMD,155.77999877929688,0.03439570030442596,0.03381739176194692
2024-05-07,AMD,154.42999267578125,-0.008666106779396388,-0.008703875848257821
2024-05-08,AMD,153.6199951171875,-0.005245079304603162,-0.005258883021943606
2024-05-09,AMD,152.38999938964844,-0.008006742394443989,-0.008038968488955125
2024-05-10,AMD,151.9199981689453,-0.003084199898848783,-0.003088965845300621
2024-05-13,AMD,150.55999755859375,-0.008952084167610064,-0.008992394829708823
2024-05-14,AMD,153.16000366210938,0.01726890373057932,0.017121490897878913
2024-05-15,AMD,159.6699981689453,0.04250453350208727,0.041626023364421304
2024-05-16,AMD,162.6199951171875,0.018475587036212104,0.018306986869921126
2024-05-17,AMD,164.47000122070312,0.011376252361725125,0.011312029421431863
2024-05-20,AMD,166.3300018310547,0.011309056949878826,0.011245587635790094
2024-05-21,AMD,164.66000366210938,-0.010040270249269678,-0.010091013700298154
2024-05-22,AMD,165.52000427246094,0.0052228871081305694,0.0052092951389311306
2024-05-23,AMD,160.42999267578125,-0.030751640075486364,-0.031234394540331414
2024-05-24,AMD,166.36000061035156,0.03696321264911151,0.03629645383426049
2024-05-28,AMD,171.61000061035156,0.031558066727209066,0.031070345427260837
2024-05-29,AMD,165.13999938964844,-0.037701772610522655,-0.03843086867751367
2024-05-30,AMD,166.75,0.009749307353167369,0.009702089502414961
2024-05-31,AMD,166.89999389648438,0.0008995136220952826,0.0008991093021598089
2024-06-03,AMD,163.5500030517578,-0.02007184522010419,-0.020276021454020986
2024-06-04,AMD,159.99000549316406,-0.02176702838377287,-0.022007425028830647
2024-06-05,AMD,166.1699981689453,0.03862736710791159,0.037900002078915626
2024-06-06,AMD,166.77999877929688,0.0036709431129160475,0.003664221645640673
2024-06-07,AMD,167.8699951171875,0.006535533912151115,0.006514269907856724
2024-06-10,AMD,160.33999633789062,-0.04485613271174693,-0.0458933034722984
2024-06-11,AMD,158.9600067138672,-0.008606646223911163,-0.008643897295390182
2024-06-12,AMD,160.24000549316406,0.008052332191963885,0.00802008515865052
2024-06-13,AMD,159.89999389648438,-0.002121889572040736,-0.0021241439693379886
2024-06-14,AMD,159.6300048828125,-0.001688486704049863,-0.0016899138043775983
2024-06-17,AMD,158.39999389648438,-0.007705387137155739,-0.0077352270166716666
2024-06-18,AMD,154.6300048828125,-0.02380043660945841,-0.02408824278329609
2024-06-20,AMD,161.77999877929688,0.04623936927314376,0.0452021819796222
2024-06-21,AMD,161.22999572753906,-0.003399697465124474,-0.0034054895678756014
2024-06-24,AMD,160.25,-0.006078246936104592,-0.006096794675700191
2024-06-25,AMD,160.25,0.0,0.0
2024-06-26,AMD,157.5399932861328,-0.01691111833926484,-0.01705574414250692
2024-06-27,AMD,159.47000122070312,0.012250907812754175,0.012176472756359285
2024-06-28,AMD,162.2100067138672,0.017181949408603625,0.017036009037361643
2024-07-01,AMD,157.69000244140625,-0.02786513831069659,-0.028260737552182866
2024-07-02,AMD,164.30999755859375,0.041981070547876476,0.04112377670539189
2024-07-03,AMD,163.89999389648438,-0.0024953056308284483,-0.0024984240946845254
2024-07-05,AMD,171.89999389648438,0.048810251970190066,0.04765642837208619
2024-07-08,AMD,178.69000244140625,0.039499760244382065,0.038739597670768865
2024-07-09,AMD,177.10000610351562,-0.008898071051356093,-0.00893789530091734
2024-07-10,AMD,183.9600067138672,0.038735179977023027,0.038003799915609586
2024-07-11,AMD,181.94000244140625,-0.01098067079114029,-0.011041403355405465
2024-07-12,AMD,181.61000061035156,-0.0018137948039269602,-0.0018154417214706231
2024-07-15,AMD,179.8300018310547,-0.009801215645144468,-0.009849563731940892
2024-07-16,AMD,177.5500030517578,-0.012678634021473623,-0.012759693781991186
2024-07-17,AMD,159.42999267578125,-0.10205581562673571,-0.1076473680980124
2024-07-18,AMD,155.77000427246094,-0.022956711857619605,-0.023224320712721402
2024-07-19,AMD,151.5800018310547,-0.026898647534716713,-0.027267037302849146
2024-07-22,AMD,155.8699951171875,0.02830184215800635,0.02790874471110014
2024-07-23,AMD,154.0,-0.011997146184431373,-0.0120696927611447
2024-07-24,AMD,144.6300048828125,-0.060844124137581224,-0.06277381156727219
2024-07-25,AMD,138.32000732421875,-0.043628551099797575,-0.04460889652006005
2024-07-26,AMD,139.99000549316406,0.012073438985806817,0.012001136400124988
2024-07-29,AMD,139.75,-0.0017144473444269392,-0.001715918691213558
2024-07-30,AMD,138.44000244140625,-0.009373864462209336,-0.009418075632943513
2024-07-31,AMD,144.47999572753906,0.04362895969096203,0.042704023695113065
2024-08-01,AMD,132.5399932861328,-0.0826412153549807,-0.08625662409270224
2024-08-02,AMD,132.5,-0.00030174504420321657,-0.0003017905783991095
2024-08-05,AMD,134.82000732421875,0.017509489239386777,0.017357964324921177
2024-08-06,AMD,130.17999267578125,-0.03441636549743743,-0.03502255786920111
2024-08-07,AMD,128.6699981689453,-0.0115992824688248,-0.011667078915724586
2024-08-08,AMD,136.32000732421875,0.05945449027852545,0.05775414384286236
2024-08-09,AMD,134.27000427246094,-0.015038167118654577,-0.015152386904596391
2024-08-12,AMD,136.77000427246094,0.018619199526701324,0.018447984227210966
2024-08-13,AMD,141.1300048828125,0.03187833935916218,0.03138077189214276
2024-08-14,AMD,140.75,-0.0026925874701700936,-0.0026962190040923204
2024-08-15,AMD,147.36000061035156,0.046962704158803215,0.04589330962910487
2024-08-16,AMD,148.55999755859375,0.008143301732301156,0.008110323961739227
2024-08-19,AMD,155.27999877929688,0.045234257748642426,0.044241030388807764
2024-08-20,AMD,156.39999389648438,0.0072127455306034705,0.007186858086722072
2024-08-21,AMD,157.80999755859375,0.00901536903538891,0.00897497320332515
2024-08-22,AMD,151.6999969482422,-0.03871744949544764,-0.039486896052071535
2024-08-23,AMD,154.97999572753906,0.02162161400976137,0.02139118253055485
2024-08-26,AMD,149.99000549316406,-0.0321976408048662,-0.03272738693717976
2024-08-27,AMD,150.5,0.00340018993371638,0.0033944223581275704
2024-08-28,AMD,146.36000061035156,-0.027508301592348405,-0.0278937398677169
2024-08-29,AMD,145.49000549316406,-0.005944213675590615,-0.00596195083761708
2024-08-30,AMD,148.55999755859375,0.02110105127168982,0.020881507127047578
2024-09-03,AMD,136.94000244140625,-0.07821752361435275,-0.08144600908943568
2024-09-04,AMD,140.8699951171875,0.028698646164131647,0.028294553089172936
2024-09-05,AMD,139.44000244140625,-0.010151151596134111,-0.010203025889965219
2024-09-06,AMD,134.35000610351562,-0.036503128576962585,-0.03718603822895312
2024-09-09,AMD,138.14999389648438,0.02828423982385897,0.0278916266976097
2024-09-10,AMD,142.83999633789062,0.033948625759046,0.03338508989933252
2024-09-11,AMD,149.86000061035156,0.04914592867851231,0.047976431920571126
2024-09-12,AMD,150.77000427246094,0.006072358590705429,0.006053996119457002
2024-09-13,AMD,152.30999755859375,0.010214188780878652,0.010162376469787042
2024-09-16,AMD,152.0800018310547,-0.0015100501032480063,-0.0015111913779712024
2024-09-17,AMD,150.82000732421875,-0.008285076878389752,-0.00831958888310025
2024-09-18,AMD,148.2899932861328,-0.016775055796457772,-0.01691735062542485
2024-09-19,AMD,156.74000549316406,0.05698302373462605,0.05541864595933842
2024-09-20,AMD,155.9499969482422,-0.005040248291661165,-0.005052993186072696
2024-09-23,AMD,156.75,0.005129868979884211,0.0051167560280402195
2024-09-24,AMD,158.32000732421875,0.010015995688795742,0.009966168043398473
2024-09-25,AMD,162.02000427246094,0.023370368728350854,0.023101463215876368
2024-09-26,AMD,167.49000549316406,0.033761270685467304,0.033203870015040625
2024-09-27,AMD,164.35000610351562,-0.01874738364479067,-0.01892534353981565
2024-09-30,AMD,164.0800018310547,-0.00164286134733016,-0.0016442123238809554
2024-10-01,AMD,159.75,-0.026389576930362812,-0.026744031666004867
2024-10-02,AMD,159.77999877929688,0.00018778578589584427,0.0001877681563521693
2024-10-03,AMD,162.85000610351562,0.01921396512500495,0.019031707787616668
2024-10-04,AMD,170.89999389648438,0.04943191581983597,0.04824898520597228
2024-10-07,AMD,170.97000122070312,0.000409639126500716,0.0004095552472997558
2024-10-08,AMD,172.8000030517578,0.010703642849556827,0.010646764375705425
2024-10-09,AMD,171.02000427246094,-0.010300918679750914,-0.010354340320551835
2024-10-10,AMD,164.17999267578125,-0.03999538899427524,-0.04081719140082683
2024-10-11,AMD,167.88999938964844,0.02259719137150662,0.022345657103669484
2024-10-14,AMD,165.27000427246094,-0.015605426926632249,-0.015728473408746446
2024-10-15,AMD,156.63999938964844,-0.05221761154301929,-0.05363035111845894
2024-10-16,AMD,156.1300048828125,-0.0032558382841110234,-0.003261150058229149
2024-10-17,AMD,156.25,0.0007685589792785219,0.0007682637890639175
2024-10-18,AMD,155.97000122070312,-0.0017919921875000355,-0.0017935997262517182
2024-10-21,AMD,157.89999389648438,0.012374127464743978,0.012298193717026009
2024-10-22,AMD,154.08999633789062,-0.02412918116444951,-0.024425059079565166
2024-10-23,AMD,152.91000366210938,-0.007657814938185514,-0.007687286558216918
2024-10-24,AMD,153.44000244140625,0.003466083098578876,0.0034600900767709384
2024-10-25,AMD,156.22999572753906,0.018182959083295147,0.01801962603028683
2024-10-28,AMD,159.9199981689453,0.023619039507890127,0.02334442566576692
2024-10-29,AMD,166.25,0.039582303048599554,0.038819000793635615
2024-10-30,AMD,148.60000610351562,-0.10616537682095861,-0.11223450617884911
2024-10-31,AMD,144.07000732421875,-0.030484512740472258,-0.030958829945816745
2024-11-01,AMD,141.86000061035156,-0.015339811213403554,-0.015458683334864597
2024-11-04,AMD,140.7100067138672,-0.008106540896211323,-0.008139577562054875
2024-11-05,AMD,141.66000366210938,0.006751452653783074,0.006728763662498309
2024-11-06,AMD,145.10000610351562,0.02428351230041903,0.02399335577746603
2024-11-07,AMD,149.82000732421875,0.03252929718924924,0.0320114204521822
2024-11-08,AMD,147.9499969482422,-0.012481713286328633,-0.01256026418726009
2024-11-11,AMD,147.35000610351562,-0.004055362332561985,-0.004063607613670878
2024-11-12,AMD,143.6300048828125,-0.02524602013310928,-0.025570168166092647
2024-11-13,AMD,139.3000030517578,-0.030146916966183546,-0.030610679745932245
2024-11-14,AMD,138.83999633789062,-0.003302273537612699,-0.0033077380764557646
2024-11-15,AMD,134.89999389648438,-0.02837800738497276,-0.02878844664814546
2024-11-18,AMD,138.92999267578125,0.029873973029155954,0.029436438473030967
2024-11-19,AMD,139.38999938964844,0.0033110684381931765,0.003305598921063581
2024-11-20,AMD,137.60000610351562,-0.012841619154679074,-0.012924785506874982
2024-11-21,AMD,137.49000549316406,-0.0007994230048856688,-0.0007997427138558652
2024-11-22,AMD,138.35000610351562,0.006255004552998766,0.006235523207087069
2024-11-25,AMD,141.1300048828125,0.02009395487280896,0.019894735674473737
2024-11-26,AMD,137.72000122070312,-0.02416214514369841,-0.024458838689910063
2024-11-27,AMD,136.24000549316406,-0.010746410938286988,-0.010804570659790284
2024-11-29,AMD,137.17999267578125,0.006899494603032297,0.006875802005680502
2024-12-02,AMD,142.05999755859375,0.035573736283440294,0.03495560770405135
2024-12-03,AMD,141.97999572753906,-0.0005631552332083789,-0.0005633138646756136
2024-12-04,AMD,143.99000549316406,0.014156992718060257,0.0140577183505523
2024-12-05,AMD,141.36000061035156,-0.018265190516555396,-0.018434058540648817
2024-12-06,AMD,138.58999633789062,-0.019595389505523864,-0.019789924672492718
2024-12-09,AMD,130.8699951171875,-0.055703885018376864,-0.057315480899673664
2024-12-10,AMD,127.73999786376953,-0.023916843968819657,-0.02420749534681177
2024-12-11,AMD,130.14999389648438,0.018866416729433677,0.018690653134390584
2024-12-12,AMD,130.60000610351562,0.003457642936112393,0.0034516790321885826
2024-12-13,AMD,126.91000366210938,-0.02825422870563643,-0.028661060898723837
2024-12-16,AMD,126.69000244140625,-0.0017335215062231901,-0.0017350257933568974
2024-12-17,AMD,125.0199966430664,-0.01318182781717303,-0.013269479232178378
2024-12-18,AMD,121.41000366210938,-0.028875324571185246,-0.029300419933448955
2024-12-19,AMD,118.87999725341797,-0.020838533336450138,-0.02105871985341484
2024-12-20,AMD,119.20999908447266,0.0027759239458191587,0.002772078184326357
2024-12-23,AMD,124.5999984741211,0.04521432288435023,0.04422195805717762
2024-12-24,AMD,126.29000091552734,0.013563422649296886,0.013472262800350042
2024-12-26,AMD,125.05999755859375,-0.009739514989443365,-0.009787254290211413
2024-12-27,AMD,125.19000244140625,0.0010395401035538931,0.0010390001559062022
2024-12-30,AMD,122.44000244140625,-0.021966610323273295,-0.02221146875635348
2024-12-31,AMD,120.79000091552734,-0.013476000432689594,-0.013567625820141663
2025-01-02,AMD,120.62999725341797,-0.0013246432725939616,-0.0013255213880392484
2025-01-03,AMD,125.37000274658203,0.039293754464789776,0.03854140022709878
2025-01-06,AMD,129.5500030517578,0.033341311426985154,0.03279754352897823
2025-01-07,AMD,127.33000183105469,-0.017136249852623964,-0.017284774598989663
2025-01-08,AMD,121.83999633789062,-0.04311635446647022,-0.04407347743553379
2025-01-10,AMD,116.04000091552734,-0.04760337817376936,-0.048773711387237594
2025-01-13,AMD,117.31999969482422,0.01103066846947609,0.010970274365065081
2025-01-14,AMD,116.08999633789062,-0.010484174566426141,-0.010539520703514361
2025-01-15,AMD,119.95999908447266,0.03333622937947234,0.03279262544435933
2025-01-16,AMD,118.44000244140625,-0.012670862409694283,-0.012751822402458117
2025-01-17,AMD,121.45999908447266,0.025498113650921583,0.025178459085331565
2025-01-21,AMD,122.27999877929688,0.0067511913469875395,0.006728504108038509
2025-01-22,AMD,123.75,0.012021599896777202,0.011949914409017725
2025-01-23,AMD,123.04000091552734,-0.005737366339172989,-0.00575388825057394
2025-01-24,AMD,122.83999633789062,-0.0016255248386581878,-0.0016268474376313778
2025-01-27,AMD,115.01000213623047,-0.0637414069935539,-0.06586356608180255
2025-01-28,AMD,114.16999816894531,-0.007303747080103173,-0.007330550028523058
2025-01-29,AMD,117.3499984741211,0.027853204486086636,0.02747235964396084
2025-01-30,AMD,118.86000061035156,0.012867508784531134,0.012785425779330848
2025-01-31,AMD,115.94999694824219,-0.024482615237812366,-0.0247872976916219
2025-02-03,AMD,114.2699966430664,-0.014489006894288226,-0.014594997600525017
2025-02-04,AMD,119.5,0.04576882393083492,0.04475233159015182
2025-02-05,AMD,112.01000213623047,-0.06267780639137688,-0.06472819927613399
2025-02-06,AMD,110.16000366210938,-0.016516368528152192,-0.01665428443148344
2025-02-07,AMD,107.55999755859375,-0.023602088027253054,-0.023885078961371455
2025-02-10,AMD,110.4800033569336,0.027147693051491117,0.02678573078344869
2025-02-11,AMD,111.0999984741211,0.005611831085707397,0.005596143425275311
2025-02-12,AMD,111.72000122070312,0.005580582854161298,0.005565069092126451
2025-02-13,AMD,111.80999755859375,0.0008055526038961425,0.000805228320537171
2025-02-14,AMD,113.0999984741211,0.011537438008182743,0.011471389306696429
2025-02-18,AMD,114.27999877929688,0.010433247755045505,0.010379197050224942
2025-02-19,AMD,114.69000244140625,0.0035877114673512622,0.0035812909825469405
2025-02-20,AMD,114.16999816894531,-0.004533998268302475,-0.00454430801316413
2025-02-21,AMD,110.83999633789062,-0.02916704812526183,-0.029600862695092562
2025-02-24,AMD,108.11000061035156,-0.02463005970531429,-0.024938454004842972
2025-02-25,AMD,103.95999908447266,-0.038386842127920096,-0.03914303198357839
2025-02-26,AMD,104.73999786376953,0.007502874049307051,0.007474867489031242
2025-02-27,AMD,99.51000213623047,-0.04993312807148875,-0.05122290536122012
2025-02-28,AMD,99.86000061035156,0.003517219039367969,0.0035110480899698386
2025-03-03,AMD,98.2300033569336,-0.016322824388697255,-0.016457509323538472
2025-03-04,AMD,100.75,0.025654042114908737,0.025330498965795048
2025-03-05,AMD,101.66999816894531,0.009131495473402529,0.009090055450493567
2025-03-06,AMD,98.8499984741211,-0.027736793012804184,-0.028128722096966773
2025-03-07,AMD,100.30999755859375,0.014769844279308497,0.01466183237646143
2025-03-10,AMD,96.62999725341797,-0.036686276490298986,-0.03737614296926297
2025-03-11,AMD,96.76000213623047,0.0013453884560459262,0.0013444842319280256
2025-03-12,AMD,100.79000091552734,0.041649428382845244,0.04080544563085445
2025-03-13,AMD,98.11000061035156,-0.026589942264430566,-0.0269498490539064
2025-03-14,AMD,100.97000122070312,0.029150959051668757,0.028734150709596368
2025-03-17,AMD,104.58999633789062,0.03585218454414796,0.03522445464623268
2025-03-18,AMD,103.51000213623047,-0.010325979916579242,-0.0103796627186504
2025-03-19,AMD,106.2300033569336,0.026277665583692267,0.025938339358966625
2025-03-20,AMD,107.13999938964844,0.008566280748925958,0.008529798363508704
2025-03-21,AMD,106.44000244140625,-0.006533479113588814,-0.006554915709635024
2025-03-24,AMD,113.8499984741211,0.06961664658730116,0.06730031006079827
2025-03-25,AMD,114.80999755859375,0.008432139634071856,0.0083967877337568
2025-03-26,AMD,110.19000244140625,-0.04024035550414207,-0.041072396184950045
2025-03-27,AMD,106.6500015258789,-0.03212633484974958,-0.032653711431307866
2025-03-28,AMD,103.22000122070312,-0.0321612776005773,-0.032689814677901996
2025-03-31,AMD,102.73999786376953,-0.004650294044341807,-0.004661140300273933
2025-04-01,AMD,102.77999877929688,0.00038934121431832835,0.00038926544069496996
2025-04-02,AMD,102.95999908447266,0.0017513164751277177,0.0017497847085742632
2025-04-03,AMD,93.80000305175781,-0.08896655122538999,-0.09317566584889302
2025-04-04,AMD,85.76000213623047,-0.08571429268601372,-0.08961216631501466
2025-04-07,AMD,83.63999938964844,-0.024720180664342672,-0.025030854968826975
2025-04-08,AMD,78.20999908447266,-0.06492109450980954,-0.06712436235556218
2025-04-09,AMD,96.83999633789062,0.23820480081192907,0.21366258934626892
2025-04-10,AMD,88.69999694824219,-0.08405617201023685,-0.08780023934362875
2025-04-11,AMD,93.4000015258789,0.05298765207826617,0.051631506661683785
2025-04-14,AMD,94.5,0.011777285397755799,0.011708472927867107
2025-04-15,AMD,95.29000091552734,0.008359798047908429,0.00832504846820063
2025-04-16,AMD,88.29000091552734,-0.07345996361365725,-0.07629802168485925
2025-04-17,AMD,87.5,-0.008947795982958362,-0.008988067919469765
2025-04-21,AMD,85.55999755859375,-0.02217145647321428,-0.022420937683799165
2025-04-22,AMD,86.26000213623047,0.00818144690989886,0.008148160304945291
2025-04-23,AMD,90.38999938964844,0.04787847381333776,0.04676761907318107
2025-04-24,AMD,94.47000122070312,0.04513775703733369,0.044148701644742404
2025-04-25,AMD,96.6500015258789,0.023076111749832817,0.022813884739377698
2025-04-28,AMD,96.38999938964844,-0.0026901410463077147,-0.0026937659782438473
2025-04-29,AMD,96.05999755859375,-0.0034236106768782415,-0.003429484642524627
2025-04-30,AMD,97.3499984741211,0.013429116680337971,0.01333974532280681
2025-05-01,AMD,96.6500015258789,-0.0071905183278279106,-0.007216494702038421
2025-05-02,AMD,98.80000305175781,0.022245230128663973,0.02200141420004257
2025-05-05,AMD,100.58999633789062,0.018117340393148496,0.017955177097890917
2025-05-06,AMD,98.62000274658203,-0.019584388736740954,-0.019778704093817573
2025-05-07,AMD,100.36000061035156,0.01764345787173327,0.017489618933711308
2025-05-08,AMD,101.69999694824219,0.01335189647012025,0.013263545467219003
2025-05-09,AMD,102.83999633789062,0.011209433862899854,0.011147073740849625
2025-05-12,AMD,108.12000274658203,0.0513419544604361,0.0500674000234239
2025-05-13,AMD,112.45999908447266,0.04014054964522118,0.039355847911804256
2025-05-14,AMD,117.72000122070312,0.046772205042252324,0.04571133901167914
2025-05-15,AMD,114.98999786376953,-0.023190650090253895,-0.02346378425177868
2025-05-16,AMD,117.16999816894531,0.01895817328180538,0.01878070656968965
2025-05-19,AMD,114.73999786376953,-0.020739099967143515,-0.02095717549701557
2025-05-20,AMD,113.51000213623047,-0.010719851406999603,-0.010777722968711271
2025-05-21,AMD,112.05999755859375,-0.012774245003506213,-0.012856537236464032
2025-05-22,AMD,110.70999908447266,-0.012047104261404318,-0.012120258748763461
2025-05-23,AMD,110.30999755859375,-0.003613056898082889,-0.003619599752715578
2025-05-27,AMD,114.55999755859375,0.03852778618495134,0.037804120052116925
2025-05-28,AMD,112.86000061035156,-0.014839359152156839,-0.014950563952141817
2025-05-29,AMD,113.02999877929688,0.0015062747477048166,0.0015051414537889667
2025-05-30,AMD,110.7300033569336,-0.02034853974345574,-0.02055842337642034
2025-06-02,AMD,114.62999725341797,0.03522075118080603,0.03461469014010196
2025-06-03,AMD,117.30999755859375,0.023379572270694426,0.023110456539544567
2025-06-04,AMD,118.58000183105469,0.010826053182948936,0.010767871014684776
2025-06-05,AMD,115.69000244140625,-0.024371726640432412,-0.02467363257693632
2025-06-06,AMD,116.19000244140625,0.004321894627439704,0.004312582063160517
2025-06-09,AMD,121.7300033569336,0.047680530158531687,0.04657870179142511
2025-06-10,AMD,123.23999786376953,0.012404456298324096,0.012328151396177297
2025-06-11,AMD,121.13999938964844,-0.017039910017220605,-0.017186759880158997
2025-06-12,AMD,118.5,-0.02179296188665847,-0.02203393593921701
2025-06-13,AMD,116.16000366210938,-0.019746804539161444,-0.019944377972276786
2025-06-16,AMD,126.38999938964844,0.08806814226088067,0.08440377722701298
2025-06-17,AMD,127.0999984741211,0.0056175258161350605,0.00560180636014461
2025-06-18,AMD,126.79000091552734,-0.0024390052109786176,-0.002441984429393573
2025-06-20,AMD,128.24000549316406,0.011436269162919066,0.011371369375651955
2025-06-23,AMD,129.5800018310547,0.010449128824796095,0.010394914016175028
2025-06-24,AMD,138.42999267578125,0.06829750516800503,0.06606626463795509
2025-06-25,AMD,143.39999389648438,0.035902632981737126,0.03527315581219341
2025-06-26,AMD,143.67999267578125,0.0019525717657908892,0.0019506679753294582
2025-06-27,AMD,143.80999755859375,0.0009048224487724355,0.0009044133437002377
2025-06-30,AMD,141.89999389648438,-0.013281438665842193,-0.013370425768477438
2025-07-01,AMD,136.11000061035156,-0.040803337104838744,-0.041659154324966564
2025-07-02,AMD,138.52000427246094,0.017706293816048158,0.017551363549625842
2025-07-03,AMD,137.91000366210938,-0.00440370048756078,-0.004413425337271688
2025-07-07,AMD,134.8000030517578,-0.02255094284509862,-0.02280910392322921
2025-07-08,AMD,137.82000732421875,0.022403592018476193,0.022156317955067433
2025-07-09,AMD,138.41000366210938,0.0042809193624744335,0.004271782294599444
2025-07-10,AMD,144.16000366210938,0.04154323999612819,0.040703497896090526
2025-07-11,AMD,146.4199981689453,0.01567698702431386,0.015555372449883812
2025-07-14,AMD,146.24000549316406,-0.0012292902474535516,-0.0012300464444970876
2025-07-15,AMD,155.61000061035156,0.06407272131582009,0.0621037356852306
2025-07-16,AMD,160.0800018310547,0.028725668036568175,0.028320820760116234
2025-07-17,AMD,160.41000366210938,0.0020614806801599883,0.0020593587445816904
2025-07-18,AMD,156.99000549316406,-0.021320354659110086,-0.02155091641567185
2025-07-21,AMD,157.0,6.366333197171947e-05,6.366130554780608e-05
2025-07-22,AMD,154.72000122070312,-0.014522285218451447,-0.014628765753567412
2025-07-23,AMD,158.64999389648438,0.025400676349370155,0.0250834399628865
2025-07-24,AMD,162.1199951171875,0.021872053918686074,0.021636292083972188
2025-07-25,AMD,166.47000122070312,0.026832014770116652,0.026478348697191564
2025-07-28,AMD,173.66000366210938,0.04319097968812935,0.04228426538151951
2025-07-29,AMD,177.44000244140625,0.021766663017303678,0.021533151640798515
2025-07-30,AMD,179.50999450683594,0.011665870361522446,0.011598348720988517
2025-07-31,AMD,176.30999755859375,-0.017826288486239794,-0.017987090636665447
2025-08-01,AMD,171.6999969482422,-0.02614713104297728,-0.026495045315781292
2025-08-04,AMD,176.77999877929688,0.029586499250702003,0.02915726459794046
2025-08-05,AMD,174.30999755859375,-0.013972175799066622,-0.014070705506934258
2025-08-06,AMD,163.1199951171875,-0.06419598759758327,-0.06634921288832546
2025-08-07,AMD,172.39999389648438,0.05689062688255975,0.05533122649403767
2025-08-08,AMD,172.75999450683594,0.002088170667614575,0.002085993469626515
2025-08-11,AMD,172.27999877929688,-0.0027783962884999625,-0.0027822631956624347
2025-08-12,AMD,174.9499969482422,0.01549801594998712,0.015379148269763606
2025-08-13,AMD,184.4199981689453,0.054129759279188505,0.05271555381217736
2025-08-14,AMD,180.9499969482422,-0.01881575347118425,-0.018995022037722343
2025-08-15,AMD,177.50999450683594,-0.01901079027036512,-0.019193818733499787
2025-08-18,AMD,176.13999938964844,-0.00771784778087381,-0.00774778449888901
2025-08-19,AMD,166.5500030517578,-0.05444530697809358,-0.05598354694910146
2025-08-20,AMD,165.1999969482422,-0.008105710470002747,-0.008138740349294439
2025-08-21,AMD,163.7100067138672,-0.009019311512710404,-0.009060231736784337
2025-08-22,AMD,167.75999450683594,0.02473879193009454,0.024437742972498414
2025-08-25,AMD,163.36000061035156,-0.02622790915926676,-0.026577995696889765
2025-08-26,AMD,166.6199951171875,0.019955891862486697,0.0197593830890906
2025-08-27,AMD,167.1300048828125,0.0030609157398324705,0.0030562406748065817
2025-08-28,AMD,168.5800018310547,0.008675862537423473,0.008638443514483769
2025-08-29,AMD,162.6300048828125,-0.03529479703176819,-0.03593271346655883
2025-09-02,AMD,162.32000732421875,-0.001906152304534059,-0.001907971324758716
2025-09-03,AMD,162.1300048828125,-0.0011705423412576854,-0.00117122796102756
2025-09-04,AMD,161.7899932861328,-0.002097154051931671,-0.0020993561588006572
2025-09-05,AMD,151.13999938964844,-0.06582603583924618,-0.0680926009655723
2025-09-08,AMD,151.41000366210938,0.0017864514592516034,0.0017848576527331457
2025-09-09,AMD,155.82000732421875,0.029126237074472705,0.028710128700079118
2025-09-10,AMD,159.5399932861328,0.023873609209719815,0.023593090493258133
2025-09-11,AMD,155.6699981689453,-0.024257209978984506,-0.024556262114979195
2025-09-12,AMD,158.57000732421875,0.018629210441218902,0.018457812105312308
2025-09-15,AMD,161.16000366210938,0.016333456632785515,0.016201500655926734
2025-09-16,AMD,160.4600067138672,-0.004343490520823057,-0.00435295087969986
2025-09-17,AMD,159.16000366210938,-0.008101726270496656,-0.008134723599176625
2025-09-18,AMD,157.9199981689453,-0.0077909365709525336,-0.007821444477361526
2025-09-19,AMD,157.38999938964844,-0.003356121994947503,-0.003361766404793686
2025-09-22,AMD,159.7899932861328,0.015248706434916048,0.015133613448926076
2025-09-23,AMD,160.89999389648438,0.006946621546969567,0.0069226049302614215
2025-09-24,AMD,160.8800048828125,-0.00012423253219473462,-0.0001242402496949454
2025-09-25,AMD,161.27000427246094,0.002424163213648134,0.00242122966997421
2025-09-26,AMD,159.4600067138672,-0.011223398714219734,-0.011286856306901204
2025-09-29,AMD,161.36000061035156,0.01191517506890416,0.011844748250383216
2025-09-30,AMD,161.7899932861328,0.002664803384697434,0.0026612590913249285
2025-10-01,AMD,164.00999450683594,0.01372149893582697,0.01362821156232954
2025-10-02,AMD,169.72999572753906,0.03487593081081841,0.03428154591918081
2025-10-03,AMD,164.6699981689453,-0.02981204080577704,-0.030265453890970104
2025-10-06,AMD,203.7100067138672,0.23708027557556832,0.21275398667706413
2025-10-07,AMD,211.50999450683594,0.03828966440477655,0.037574805933872545
2025-10-08,AMD,235.55999755859375,0.11370622512583206,0.10769339499080105
2025-10-09,AMD,232.88999938964844,-0.011334684142544904,-0.011399411247178212
2025-10-10,AMD,214.89999389648438,-0.07724679265022871,-0.08039346121811726
2025-10-13,AMD,216.4199981689453,0.007073077317969245,0.007048180436039366
2025-10-14,AMD,218.08999633789062,0.0077164688248525515,0.007686849154551295
2025-10-15,AMD,238.60000610351562,0.09404378976580152,0.08988073040695022
2025-10-16,AMD,234.55999755859375,-0.016932139319263628,-0.01707712695451463
2025-10-17,AMD,233.0800018310547,-0.006309668071894259,-0.0063296581590557375
2025-10-20,AMD,240.55999755859375,0.032091967001788735,0.03158777840064827
2025-10-21,AMD,238.02999877929688,-0.01051712173667041,-0.01057281751183037
2025-10-22,AMD,230.22999572753906,-0.03276899168911074,-0.03331792032067882
2025-10-23,AMD,234.99000549316406,0.02067501999721233,0.020464192724498478
2025-10-24,AMD,252.9199981689453,0.07630108624472043,0.07353024252733531
2025-10-27,AMD,259.6700134277344,0.026688341403039884,0.0263384198507311
2025-10-28,AMD,258.010009765625,-0.006392743005619872,-0.006413264091289618
2025-10-29,AMD,264.3299865722656,0.02449508378524401,0.024199890037420985
2025-10-30,AMD,254.83999633789062,-0.035902056960837925,-0.03656238886955803
2025-10-31,AMD,256.1199951171875,0.005022754660535034,0.005010182707993929
2025-11-03,AMD,259.6499938964844,0.013782597401978514,0.013688481197572594
2025-11-04,AMD,250.0500030517578,-0.03697281367375582,-0.037673636714120946
2025-11-05,AMD,256.3299865722656,0.0251149107932942,0.024804714397747823
2025-11-06,AMD,237.6999969482422,-0.0726797120896786,-0.07545626293979761
2025-11-07,AMD,233.5399932861328,-0.01750106737702306,-0.017656021628138414
2025-11-10,AMD,243.97999572753906,0.04470327456340706,0.043732897309755485
2025-11-11,AMD,237.52000427246094,-0.026477545570138594,-0.02683438876577158
2025-11-12,AMD,258.8900146484375,0.08997141289818633,0.08615146919821483
2025-11-13,AMD,247.9600067138672,-0.04221873118363728,-0.04313584773138287
2025-11-14,AMD,246.80999755859375,-0.004637881610482841,-0.004648669953026953
2025-11-17,AMD,240.52000427246094,-0.02548516408716195,-0.02581553602230269
2025-11-18,AMD,230.2899932861328,-0.0425328904232829,-0.043463908828844065
2025-11-19,AMD,223.5500030517578,-0.029267403842426765,-0.02970423877462386
2025-11-20,AMD,206.02000427246094,-0.07841645511066364,-0.08166184413769763
2025-11-21,AMD,203.77999877929688,-0.010872757240610764,-0.010932297637795064
2025-11-24,AMD,215.0500030517578,0.055304761703659056,0.053829598864827154
2025-11-25,AMD,206.1300048828125,-0.0414787167745283,-0.04236351202154882
2025-11-26,AMD,214.24000549316406,0.03934410526484089,0.03858984618397894
2025-11-28,AMD,217.52999877929688,0.015356577678195427,0.015239858856859172
2025-12-01,AMD,219.75999450683594,0.010251439985533128,0.010199250350865078
2025-12-02,AMD,215.24000549316406,-0.020567842767812206,-0.020782306648491802
2025-12-03,AMD,217.60000610351562,0.010964507294748849,0.01090483288870167
2025-12-04,AMD,215.97999572753906,-0.0074449004160684895,-0.0074727520081617075
2025-12-05,AMD,217.97000122070312,0.009213841710018711,0.009171653217877404
2025-12-08,AMD,221.11000061035156,0.014405649273126597,0.014302873763714837
2025-12-09,AMD,221.6199951171875,0.0023065194040439163,0.00230386347135281
2025-12-10,AMD,221.4199981689453,-0.000902431877306209,-0.000902839314093871
2025-12-11,AMD,221.42999267578125,4.513823014451468e-05,4.513721144525913e-05
2025-12-12,AMD,210.77999877929688,-0.048096437920576274,-0.049291549658737166
2025-12-15,AMD,207.5800018310547,-0.015181691653736284,-0.015298113356327449
2025-12-16,AMD,209.1699981689453,0.00765967975655335,0.0076304933538198
2025-12-17,AMD,198.11000061035156,-0.05287564017503432,-0.05432487464481438
2025-12-18,AMD,201.05999755859375,0.014890701828043085,0.01478092376749154
2025-12-19,AMD,213.42999267578125,0.06152389966871752,0.05970551690415167
2025-12-22,AMD,214.9499969482422,0.0071217932091200975,0.007096553006015778
2025-12-23,AMD,214.89999389648438,-0.0002326264362304542,-0.00023265349795680086
2025-12-24,AMD,215.0399932861328,0.000651462976382744,0.0006512508664941054
2025-12-26,AMD,214.99000549316406,-0.00023245812188166237,-0.0002324851444587029
2025-12-29,AMD,215.61000061035156,0.002883832277529752,0.0028796820104288494
2025-12-30,AMD,215.33999633789062,-0.001252280838999198,-0.0012530655978764797
2025-12-31,AMD,214.16000366210938,-0.005479672591475859,-0.005494741069424784
2026-01-02,AMD,223.47000122070312,0.04347215819664707,0.04255376600681411
2026-01-05,AMD,221.0800018310547,-0.010694945078055573,-0.01075254707140738
2026-01-06,AMD,214.35000610351562,-0.03044144957390582,-0.030914413728863093
2026-01-07,AMD,210.02000427246094,-0.020200614451877374,-0.02040743689755448
2026-01-08,AMD,204.67999267578125,-0.0254262045902639,-0.02575503646782525
2026-01-09,AMD,203.1699981689453,-0.0073773429786457845,-0.007404690156043931
2026-01-12,AMD,207.69000244140625,0.022247400271679707,0.022003537116000754
2026-01-13,AMD,220.97000122070312,0.06394144457215001,0.0619803561082137
2026-01-14,AMD,223.60000610351562,0.01190209018547117,0.011831817356218195
2026-01-15,AMD,227.9199981689453,0.019320178656121012,0.019135913578367043
2026-01-16,AMD,231.8300018310547,0.017155158360483647,0.017009670189174472
2026-01-20,AMD,231.9199981689453,0.0003881997031436324,0.00038812437313363315
2026-01-21,AMD,249.8000030517578,0.077095571852271,0.07426813319008141
2026-01-22,AMD,253.72999572753906,0.01573255655632222,0.015610082768832368
2026-01-23,AMD,259.67999267578125,0.02345011251500373,0.023179382884380744
2026-01-26,AMD,251.30999755859375,-0.032231959924759024,-0.03276284844238707
2026-01-27,AMD,252.02999877929688,0.002864992350872342,0.0028608960822741067
2026-01-28,AMD,252.74000549316406,0.002817151598246692,0.0028131908635992014
2026-01-29,AMD,252.17999267578125,-0.0022157664208721783,-0.0022182248635158994
2026-01-30,AMD,236.72999572753906,-0.06126575222843189,-0.0632228560482342
2026-02-02,AMD,246.27000427246094,0.040299111718405944,0.03950827922373941
2026-02-03,AMD,242.11000061035156,-0.016892043651028477,-0.01703634151926166
2026-02-04,AMD,200.19000244140625,-0.17314443047898198,-0.1901252430786384
2026-02-05,AMD,192.5,-0.038413518895165866,-0.03917077405123151
2026-02-06,AMD,208.44000244140625,0.08280520748782472,0.079555088025928
2026-02-09,AMD,216.0,0.03626941791424576,0.03562716593039822
2026-02-10,AMD,213.57000732421875,-0.01124996609157991,-0.011313725606043832
2026-02-11,AMD,213.5800018310547,4.6797333395076635e-05,4.679623843403089e-05
2026-02-12,AMD,205.94000244140625,-0.03577113645542429,-0.036426602233010946
2026-02-13,AMD,207.32000732421875,0.006701004498653074,0.00667865256604669
2026-02-17,AMD,203.0800018310547,-0.020451501752714596,-0.020663529553976885
2026-02-18,AMD,200.1199951171875,-0.014575569663081156,-0.014682836875032947
2026-02-19,AMD,203.3699951171875,0.016240256242745055,0.016109793880900183
2026-02-20,AMD,200.14999389648438,-0.015833216787204396,-0.015959901157606222
2026-02-23,AMD,196.60000610351562,-0.01773663702835171,-0.017895816185460326
2026-02-24,AMD,213.83999633789062,0.08769069022967191,0.08405681594678392
2026-02-25,AMD,210.86000061035156,-0.013935633083487109,-0.014033645661813133
2026-02-26,AMD,203.67999267578125,-0.03405106664984914,-0.034644310193729905
2026-02-27,AMD,200.2100067138672,-0.01703645957724287,-0.01718324963192313
2026-03-02,AMD,198.6199951171875,-0.007941718911942619,-0.007973422326210317
2026-03-03,AMD,190.9499969482422,-0.03861644525980357,-0.03938182920197055
2026-03-04,AMD,202.07000732421875,0.05823519535845123,0.056602610581800564
2026-03-05,AMD,199.4499969482422,-0.012965854807798327,-0.013050645220803299
2026-03-06,AMD,192.42999267578125,-0.03519681313548806,-0.03583114987981242
2026-03-09,AMD,202.67999267578125,0.05326612477333437,0.05189593130011176
2026-03-10,AMD,203.22999572753906,0.002713652415794243,0.0027099771085801524
2026-03-11,AMD,204.8300018310547,0.00787288361537275,0.007842054172522655
2026-03-12,AMD,197.74000549316406,-0.03461405201635703,-0.03522731150323374
2026-03-13,AMD,193.38999938964844,-0.021998614254443383,-0.022244192030576492
2026-03-16,AMD,196.5800018310547,0.016495177886520107,0.01636061023489428
2026-03-17,AMD,196.30999755859375,-0.0013735083423845884,-0.001374452469577963
2026-03-18,AMD,199.4600067138672,0.01604609645177768,0.015918718650482312
2026-03-19,AMD,205.27000427246094,0.029128634127283615,0.02871245790900698
2026-03-20,AMD,201.3300018310547,-0.019194243481266637,-0.019380844609896128
2026-03-23,AMD,202.67999267578125,0.006705363495001615,0.006682982537797889
2026-03-24,AMD,205.3699951171875,0.013272165673053449,0.013184862105467519
2026-03-25,AMD,220.27000427246094,0.07255202565872021,0.07004087941622202
2026-03-26,AMD,203.77000427246094,-0.07490806591890964,-0.077862158212618
2026-03-27,AMD,201.99000549316406,-0.00873533268869564,-0.008773709359393644
2026-03-30,AMD,196.0399932861328,-0.02945696343986992,-0.029899532626615665
2026-03-31,AMD,203.42999267578125,0.03769638666974573,0.03700324356631723
2026-04-01,AMD,210.2100067138672,0.03332848784442355,0.032785133629180695
2026-04-02,AMD,217.5,0.034679573061694224,0.034091787539329704
2026-04-06,AMD,220.17999267578125,0.012321805405890895,0.012246509848830998
2026-04-07,AMD,221.52999877929688,0.006131375004192696,0.006112654606685582
2026-04-08,AMD,231.82000732421875,0.046449729615055224,0.04540322507076436
2026-04-09,AMD,236.63999938964844,0.020791958904084362,0.020578756328229034
2026-04-10,AMD,245.0399932861328,0.03549693170279733,0.03488143874220433
2026-04-13,AMD,246.8300018310547,0.0073049648790664,0.007278412852461604
2026-04-14,AMD,255.07000732421875,0.03338332225433449,0.03283819802805418
2026-04-15,AMD,258.1199951171875,0.011957453661307627,0.011886528144838473
2026-04-16,AMD,278.260009765625,0.07802578269573357,0.07513138935824705
2026-04-17,AMD,278.3900146484375,0.0004672064912309981,0.0004670973842606077
2026-04-20,AMD,274.95001220703125,-0.012356773807962962,-0.012433753542215667
2026-04-21,AMD,284.489990234375,0.034697136220384506,0.034108761885867894
2026-04-22,AMD,303.4599914550781,0.06668073349461201,0.06455170870181362
2026-04-23,AMD,305.3299865722656,0.006162245995661397,0.006143336999303598
2026-04-24,AMD,347.80999755859375,0.1391281985212871,0.13026323170580673
2026-04-27,AMD,334.6300048828125,-0.03789423181707385,-0.03863088822396614
2026-04-28,AMD,323.2099914550781,-0.03412728464601866,-0.03472321809525405
2026-04-29,AMD,337.1099853515625,0.04300607736136852,0.042107002810258386
2026-04-30,AMD,354.489990234375,0.051555888695161034,0.05027086614628791
2026-05-01,AMD,360.5400085449219,0.017066824105659073,0.016922821993017426
2026-05-04,AMD,341.5400085449219,-0.05269872843427492,-0.05413810379633952
2026-05-05,AMD,355.260009765625,0.04017099278984926,0.03938511578251425
2026-05-06,AMD,421.3900146484375,0.1861453669565576,0.17070886216789183
2026-05-07,AMD,408.4599914550781,-0.030684218286820997,-0.031164836059139663
2026-05-08,AMD,455.19000244140625,0.11440535661732598,0.10832095019958607
2026-05-11,AMD,458.7900085449219,0.007908798708686549,0.007877688084302418
2026-05-12,AMD,448.2900085449219,-0.0228862874178567,-0.023152244170491394
2026-05-13,AMD,445.5,-0.006223668812021521,-0.0062431165716948945
2026-05-14,AMD,449.70001220703125,0.009427636828353014,0.009383474010630048
2026-05-15,AMD,424.1000061035156,-0.05692685214277915,-0.05861143004925938
2026-05-18,AMD,420.989990234375,-0.007333213450559373,-0.007360233637890782
2026-05-19,AMD,414.04998779296875,-0.01648495831823127,-0.01662234723665734
2026-05-20,AMD,447.5799865722656,0.08098055734290321,0.07786855268857464
2026-05-21,AMD,449.5899963378906,0.004490839237514699,0.004480785507538596
2026-05-22,AMD,467.510009765625,0.039858567970152414,0.039084711569093177
2026-05-26,AMD,503.8900146484375,0.0778165261125654,0.07493725959006282
2026-05-27,AMD,495.5400085449219,-0.016571088651838872,-0.01670992505861813
2026-05-28,AMD,518.0900268554688,0.045505948907660576,0.04450092988247275
2026-05-29,AMD,516.0999755859375,-0.003841130240645252,-0.003848526327037011
2026-06-01,AMD,510.1300048828125,-0.011567469454628831,-0.01163489308090046
2026-06-02,AMD,521.5399780273438,0.022366794807830104,0.022120326421849686
2026-06-03,AMD,542.52001953125,0.04022710125359996,0.03943905590476774
2026-06-04,AMD,523.2000122070312,-0.035611602574429746,-0.03626116362101993
2026-06-05,AMD,466.3800048828125,-0.10860092889626116,-0.11496306053468626
2026-06-08,AMD,490.3299865722656,0.05135293417107589,0.05007784348880659
2026-06-09,AMD,475.510009765625,-0.03022449618111711,-0.03069067363290709
2026-06-10,AMD,452.3999938964844,-0.04860048241788084,-0.04982120204513226
2026-06-11,AMD,488.45001220703125,0.07968616002854234,0.07667040633976269
2026-06-12,AMD,511.57000732421875,0.04733339039694395,0.04624730564998783
2026-06-15,AMD,547.260009765625,0.06976562724637403,0.06743958452440006
2026-06-16,AMD,507.2900085449219,-0.07303658317336414,-0.07584117824394447
2026-06-17,AMD,512.47998046875,0.010230778916215488,0.010178798728846262
2026-06-18,AMD,537.3699951171875,0.04856777941973722,0.04742521344763847
2026-06-22,AMD,551.6300048828125,0.026536669138951918,0.02619067933170848
2026-06-23,AMD,519.8499755859375,-0.05761113249020289,-0.059337279068640114
2026-06-24,AMD,519.739990234375,-0.00021157133159144248,-0.00021159371596293468
2026-06-25,AMD,532.5700073242188,0.024685452978244093,0.024385690351382987
2026-06-26,AMD,521.5800170898438,-0.020635766346647655,-0.02085165901117608
2026-06-29,AMD,539.489990234375,0.0343379204680041,0.03376153165907363
2026-06-30,AMD,580.9099731445312,0.07677618428501676,0.07397156254358388
2026-07-01,AMD,540.8800048828125,-0.06890907388804501,-0.07139834147725596
2026-07-02,AMD,517.8200073242188,-0.0426342208076077,-0.04356974614239108
2026-07-06,AMD,552.0499877929688,0.06610401294772261,0.06401089410539638
2026-07-07,AMD,516.1099853515625,-0.06510280452154371,-0.06731870709848374
2026-07-08,AMD,517.4099731445312,0.0025188193018261806,0.002515652393287383
2026-07-09,AMD,546.719970703125,0.056647531125973094,0.05510118971259844
2026-07-10,AMD,557.8900146484375,0.020431015042210676,0.020225101808127435
2026-07-13,AMD,534.3900146484375,-0.04212299805152253,-0.04303589970447698
2026-07-14,AMD,548.1300048828125,0.025711539994650146,0.02538655711579807
2026-07-15,AMD,529.1400146484375,-0.03464504782662825,-0.03525941918818655
2026-07-16,AMD,500.94000244140625,-0.05329404585999309,-0.05476673650401158
2026-07-17,AMD,495.760009765625,-0.01034054507632809,-0.010394379955470797
2026-07-20,AMD,503.57000732421875,0.01575358521209891,0.015630785500044833
2026-07-21,AMD,544.4299926757812,0.08114062544883693,0.07801661849311892
2026-07-22,AMD,552.3300170898438,0.014510634095001196,0.014406362333281655
2026-07-23,AMD,539.6900024414062,-0.02288489536570204,-0.023150819514235796
2026-07-24,AMD,521.9500122070312,-0.032870703837618365,-0.03342308392268839
2026-07-27,AMD,494.95001220703125,-0.05172909161517647,-0.05311504921268814
2026-07-28,AMD,454.6199951171875,-0.08148301059738983,-0.08499487759806562
2026-07-29,AMD,429.55999755859375,-0.055122955056418066,-0.056700471124399736
2026-07-30,AMD,485.3900146484375,0.12997024259045054,0.12219129838675184
2026-07-31,AMD,476.1499938964844,-0.019036281079341077,-0.019219803871680374
2022-01-04,ASML,745.3341064453125,-0.022947021663812683,-0.02321440288628344
2022-01-05,ASML,713.2704467773438,-0.04301917675670108,-0.04397192613821047
2022-01-06,ASML,729.9625244140625,0.023402171942123573,0.02313253966735628
2022-01-07,ASML,723.247314453125,-0.00919939001845027,-0.009241965721633848
2022-01-10,ASML,695.5745849609375,-0.0382617798077991,-0.03901298573022751
2022-01-11,ASML,697.4779663085938,0.0027364158909906067,0.0027326787211080176
2022-01-12,ASML,709.9225463867188,0.017842255496597348,0.01768495081365577
2022-01-13,ASML,698.3580322265625,-0.016289825163344873,-0.01642396308227799
2022-01-14,ASML,712.1802368164062,0.01979243303864453,0.019599109566914776
2022-01-18,ASML,684.1532592773438,-0.03935377042242694,-0.04014906517802908
2022-01-19,ASML,668.4561767578125,-0.02294381018678726,-0.023211115990056996
2022-01-20,ASML,675.7642822265625,0.010932811637998752,0.010873480498591747
2022-01-21,ASML,664.5438232421875,-0.016604101873222588,-0.016743495126707347
2022-01-24,ASML,657.5514526367188,-0.010522060940020839,-0.010577809225973674
2022-01-25,ASML,620.389404296875,-0.05651580296998426,-0.05817566361956302
2022-01-26,ASML,624.8758544921875,0.0072316679882649115,0.0072056448624057395
2022-01-27,ASML,607.0839233398438,-0.02847274546526135,-0.02888595648224865
2022-01-28,ASML,616.9459228515625,0.016244870161383096,0.0161143340554659
2022-01-31,ASML,647.7756958007812,0.04997159687306407,0.048763113206476166
2022-02-01,ASML,651.86962890625,0.006319985655540483,0.006300098294107865
2022-02-02,ASML,656.9105834960938,0.007733071716045092,0.007703324775358414
2022-02-03,ASML,617.8642578125,-0.059439331112292715,-0.06127912526390608
2022-02-04,ASML,624.4452514648438,0.010651196551882292,0.010594872153059513
2022-02-07,ASML,621.7861328125,-0.004258369562593178,-0.0042674622407627115
2022-02-08,ASML,625.0764770507812,0.00529176201373005,0.005277809840534033
2022-02-09,ASML,650.807861328125,0.04116517773752881,0.040340449223954945
2022-02-10,ASML,628.3386840820312,-0.0345250550603986,-0.03513512779766734
2022-02-11,ASML,600.943115234375,-0.043600003535799625,-0.04457904709495571
2022-02-14,ASML,600.627197265625,-0.0005257036161014916,-0.0005258418466951543
2022-02-15,ASML,627.8888549804688,0.04538865012932036,0.04438873027325543
2022-02-16,ASML,635.0150756835938,0.01134949385802786,0.0112855715551108
2022-02-17,ASML,622.1686401367188,-0.020230126872257004,-0.020437558231874455
2022-02-18,ASML,619.6817626953125,-0.0039971115240713395,-0.004005121325510437
2022-02-22,ASML,612.4503173828125,-0.011669611319601758,-0.011738235635609889
2022-02-23,ASML,604.28125,-0.013338334801950014,-0.013428089401018814
2022-02-24,ASML,628.3002319335938,0.0397480178866938,0.038978393302633946
2022-02-25,ASML,638.1334838867188,0.015650562347976793,0.01552935530031409
2022-02-28,ASML,637.550048828125,-0.0009142837248410363,-0.0009147019371350179
2022-03-01,ASML,606.653564453125,-0.04846126893377323,-0.04967488780245534
2022-03-02,ASML,626.8942260742188,0.0333644485206972,0.03281993384129206
2022-03-03,ASML,603.382080078125,-0.037505762564337464,-0.03822719991795153
2022-03-04,ASML,568.4966430664062,-0.057816494993026324,-0.05955521976078986
2022-03-07,ASML,549.3849487304688,-0.03361795459837935,-0.03419603082183623
2022-03-08,ASML,548.1412963867188,-0.0022637175383560804,-0.0022662836202239174
2022-03-09,ASML,594.3427734375,0.08428753198369798,0.08092311875212257
2022-03-10,ASML,573.9968872070312,-0.03423257948068292,-0.03483223926624038
2022-03-11,ASML,560.394775390625,-0.02369718742307425,-0.023982481901515612
2022-03-14,ASML,552.455322265625,-0.014167607325506926,-0.014268925974498513
2022-03-15,ASML,570.7734375,0.03315764098217433,0.03261978351116613
2022-03-16,ASML,622.3601684570312,0.09038039888993832,0.08652662516555697
2022-03-17,ASML,625.6792602539062,0.005333072335113931,0.005318901863952784
2022-03-18,ASML,650.3199462890625,0.03938229633048218,0.03862659086150483
2022-03-21,ASML,653.237548828125,0.004486410966957566,0.004476377025006811
2022-03-22,ASML,658.814208984375,0.008536955914818734,0.008500722177841782
2022-03-23,ASML,636.4501342773438,-0.03394595077344731,-0.03453549475456805
2022-03-24,ASML,660.535888671875,0.03784389867696292,0.03714538680343672
2022-03-25,ASML,657.4939575195312,-0.004605247352206798,-0.004615884173152224
2022-03-28,ASML,664.6395874023438,0.010867978026399161,0.010809345978560645
2022-03-29,ASML,678.3276977539062,0.020594786424114053,0.020385581290686836
2022-03-30,ASML,654.8157958984375,-0.034661568344211635,-0.03527653274720339
2022-03-31,ASML,638.9085083007812,-0.024292767061049103,-0.024592703818994345
2022-04-01,ASML,638.717041015625,-0.0002996787218649821,-0.00029972363450628416
2022-04-04,ASML,651.2479248046875,0.01961883429497524,0.019428865588302712
2022-04-05,ASML,618.3711547851562,-0.05048272519162522,-0.05180155531091145
2022-04-06,ASML,601.2012329101562,-0.02776636934328769,-0.028159142645782502
2022-04-07,ASML,598.130615234375,-0.00510747068983497,-0.00512055840067744
2022-04-08,ASML,584.3851318359375,-0.022980738735554285,-0.023248912431080862
2022-04-11,ASML,571.7682495117188,-0.021590012539471792,-0.021826486708977404
2022-04-12,ASML,568.1907348632812,-0.006256931285521072,-0.006276587916431746
2022-04-13,ASML,586.135498046875,0.031582287570936174,0.031093825016206653
2022-04-14,ASML,571.8925170898438,-0.024299809522698834,-0.02459992164707602
2022-04-18,ASML,579.2674560546875,0.01289567312818174,0.012813231935454021
2022-04-19,ASML,590.3347778320312,0.019105719925510467,0.018925497559270123
2022-04-20,ASML,606.3665161132812,0.027157028322345456,0.026794819280162224
2022-04-21,ASML,593.0418701171875,-0.021974574192359375,-0.02221961152693183
2022-04-22,ASML,581.2092895507812,-0.019952352713423216,-0.020154088819237397
2022-04-25,ASML,573.7578735351562,-0.012820538400864612,-0.012903430748472375
2022-04-26,ASML,536.0791015625,-0.06567016107422108,-0.06792575649340242
2022-04-27,ASML,532.6835327148438,-0.006334081738607722,-0.006354227147844098
2022-04-28,ASML,564.8809204101562,0.06044374514679873,0.0586874480209121
2022-04-29,ASML,539.2742309570312,-0.045331128257141584,-0.04639072978586436
2022-05-02,ASML,546.2762451171875,0.012984143795875536,0.012900572425260928
2022-05-03,ASML,549.6355590820312,0.006149478390961471,0.006130647509354928
2022-05-04,ASML,570.78564453125,0.038480198560192136,0.037758296805295494
2022-05-05,ASML,543.3656005859375,-0.048039126786082464,-0.04923134460059468
2022-05-06,ASML,530.6812744140625,-0.023343999248750524,-0.023620786431274455
2022-05-09,ASML,493.7550048828125,-0.06958276334890678,-0.07212215188405434
2022-05-10,ASML,504.070068359375,0.02089105603903829,0.0206758302954477
2022-05-11,ASML,502.07635498046875,-0.00395523063965153,-0.003963073250745529
2022-05-12,ASML,503.0973815917969,0.0020336082374718956,0.0020315432553426613
2022-05-13,ASML,528.1000366210938,0.04969744614887217,0.04850197612236195
2022-05-16,ASML,515.2230834960938,-0.024383549009747707,-0.024685750348908134
2022-05-17,ASML,540.9192504882812,0.0498738659336142,0.0486700292712519
2022-05-18,ASML,508.8182067871094,-0.05934535269764318,-0.06117921281484306
2022-05-19,ASML,506.6031799316406,-0.004353277508396092,-0.004362780610718203
2022-05-20,ASML,513.19091796875,0.013003743952018532,0.012919921164966765
2022-05-23,ASML,534.1581420898438,0.040856576737724914,0.040044005633583686
2022-05-24,ASML,526.2797241210938,-0.014749223774679243,-0.01485907506128434
2022-05-25,ASML,527.8687133789062,0.003019286483943784,0.0030147375924786516
2022-05-26,ASML,539.4166870117188,0.021876601776402937,0.02164074258986409
2022-05-27,ASML,561.8671264648438,0.04161984601829216,0.04077704568763196
2022-05-31,ASML,555.0386962890625,-0.012153104985415997,-0.01222755780265492
2022-06-01,ASML,542.8741455078125,-0.021916581425008852,-0.022160317518283946
2022-06-02,ASML,559.1319580078125,0.029947663992714535,0.029507989293029696
2022-06-03,ASML,542.8648681640625,-0.029093471783851577,-0.02952507874755494
2022-06-06,ASML,550.6082763671875,0.014263970017645011,0.014163196751386472
2022-06-07,ASML,555.7318725585938,0.00930533813478207,0.009262310196260002
2022-06-08,ASML,546.514892578125,-0.016585300278052606,-0.01672437625965312
2022-06-09,ASML,522.4078369140625,-0.044110519203493403,-0.045112978475003195
2022-06-10,ASML,502.2978820800781,-0.038494741872129534,-0.039255245296523605
2022-06-13,ASML,475.378662109375,-0.05359214309092297,-0.055081664462017926
2022-06-14,ASML,473.05755615234375,-0.004882646492234022,-0.004894605554414068
2022-06-15,ASML,486.6953430175781,0.028829022362856893,0.028421284020566026
2022-06-16,ASML,450.8864440917969,-0.07357559393061197,-0.07642282744416627
2022-06-17,ASML,455.8946533203125,0.011107473498351617,0.01104623854112055
2022-06-21,ASML,476.1202392578125,0.044364604388745565,0.043408666411333674
2022-06-22,ASML,467.5965576171875,-0.017902372001475708,-0.018064558055492477
2022-06-23,ASML,467.5965576171875,0.0,0.0
2022-06-24,ASML,496.2591552734375,0.0612977088674711,0.059492412985110266
2022-06-27,ASML,489.30535888671875,-0.014012429418833072,-0.014111530360410098
2022-06-28,ASML,472.3255615234375,-0.034701842223666124,-0.03531825357615771
2022-06-29,ASML,466.7491149902344,-0.011806361940727594,-0.011876610499253327
2022-06-30,ASML,458.33135986328125,-0.018034860392031504,-0.018199470638676576
2022-07-01,ASML,433.2419738769531,-0.054740714215610775,-0.05629601263132282
2022-07-05,ASML,416.4546813964844,-0.03874807496199939,-0.03951875552397587
2022-07-06,ASML,413.0645446777344,-0.008140469708209253,-0.008173784252285573
2022-07-07,ASML,435.23565673828125,0.05367469163407468,0.05228376076611268
2022-07-08,ASML,436.24700927734375,0.002323689530958184,0.0023209939394442883
2022-07-11,ASML,422.8691711425781,-0.030665741770760646,-0.031145774840580117
2022-07-12,ASML,418.46771240234375,-0.01040855905466409,-0.010463106945570665
2022-07-13,ASML,430.5260009765625,0.028815337998227886,0.028407983019778107
2022-07-14,ASML,440.05126953125,0.02212472309008362,0.021883522584065535
2022-07-15,ASML,458.09051513671875,0.04099350883519648,0.040175554104453864
2022-07-18,ASML,456.01983642578125,-0.004520239215866528,-0.004530486388592319
2022-07-19,ASML,479.9822998046875,0.052546975953328356,0.05121291831314234
2022-07-20,ASML,495.45013427734375,0.03222584349245872,0.03171748371072901
2022-07-21,ASML,522.273193359375,0.05413876639907467,0.05272409837827652
2022-07-22,ASML,514.5585327148438,-0.01477131268198717,-0.014881494891297824
2022-07-25,ASML,519.0949096679688,0.008816056220447344,0.00877742170016675
2022-07-26,ASML,504.840576171875,-0.027459975489282473,-0.027844048027212246
2022-07-27,ASML,526.0389404296875,0.04199021484872767,0.04113255254689732
2022-07-28,ASML,540.033203125,0.026603092698577635,0.026255383703893492
2022-07-29,ASML,553.2568359375,0.02448670329153657,0.024191709883004443
2022-08-01,ASML,556.8300170898438,0.006458449169071567,0.006437682750850686
2022-08-02,ASML,544.7428588867188,-0.021707088037918654,-0.021946152805062933
2022-08-03,ASML,562.32958984375,0.03228446352279479,0.031774272025277626
2022-08-04,ASML,568.1180419921875,0.0102937000879606,0.010241080747618399
2022-08-05,ASML,557.3535766601562,-0.018947585776864395,-0.019129391462690666
2022-08-08,ASML,552.9512939453125,-0.007898545733255435,-0.007929904480419261
2022-08-09,ASML,522.4049072265625,-0.05524245454025667,-0.05682695005805685
2022-08-10,ASML,546.4828491210938,0.04609057373208958,0.04505995246003572
2022-08-11,ASML,542.968505859375,-0.006430839078245265,-0.006451606004253752
2022-08-12,ASML,556.05029296875,0.024093086372790617,0.023807427146666074
2022-08-15,ASML,555.0654907226562,-0.00177106685950279,-0.0017726370526317608
2022-08-16,ASML,547.0911254882812,-0.014366530378231435,-0.01447072815348009
2022-08-17,ASML,538.0160522460938,-0.016587864104152583,-0.01672698332810831
2022-08-18,ASML,541.8971557617188,0.007213731819752045,0.007187837312481527
2022-08-19,ASML,526.4115600585938,-0.028576632186521844,-0.028992893550195274
2022-08-22,ASML,502.09234619140625,-0.04619809995145352,-0.0472992810372268
2022-08-23,ASML,507.5758972167969,0.010921399354094419,0.010862191570000942
2022-08-24,ASML,507.2767333984375,-0.0005893972113328871,-0.0005895709741494849
2022-08-25,ASML,521.082275390625,0.02721501122217651,0.026851267575534573
2022-08-26,ASML,492.3124694824219,-0.055211637906194544,-0.05679433202645289
2022-08-29,ASML,482.6001892089844,-0.019727877873270683,-0.019925070222745003
2022-08-30,ASML,475.977294921875,-0.013723356175978196,-0.013818391902780003
2022-08-31,ASML,473.0037841796875,-0.006247169295492516,-0.0062667645099719
2022-09-01,ASML,453.6758728027344,-0.040862065005405346,-0.0417203823303933
2022-09-02,ASML,451.040283203125,-0.005809410986145513,-0.005826351254664267
2022-09-06,ASML,453.6758728027344,0.005843357451118081,0.0058263512546643335
2022-09-07,ASML,460.2021789550781,0.014385393942210944,0.014282905880887216
2022-09-08,ASML,466.0623779296875,0.01273396616225364,0.012653570995334425
2022-09-09,ASML,483.6815185546875,0.03780425423580991,0.037107187226015866
2022-09-12,ASML,487.4756164550781,0.00784420688995513,0.007813601047275435
2022-09-13,ASML,454.8150634765625,-0.06699935725200601,-0.06934938923042817
2022-09-14,ASML,461.5730895996094,0.014858844101136803,0.014749532971545517
2022-09-15,ASML,449.5535583496094,-0.026040363965815994,-0.026385417641665198
2022-09-16,ASML,451.09814453125,0.0034358223907982044,0.003429933438122887
2022-09-19,ASML,454.8247375488281,0.008261157938147967,0.008227221348487005
2022-09-20,ASML,445.9909973144531,-0.019422295018477587,-0.01961338612226738
2022-09-21,ASML,439.1943664550781,-0.015239390257429153,-0.01535670314237711
2022-09-22,ASML,425.794189453125,-0.03051081258193622,-0.030985957102144975
2022-09-23,ASML,421.0635986328125,-0.011110040807246091,-0.011172218268959803
2022-09-26,ASML,415.91778564453125,-0.012220987530125238,-0.012296277841685375
2022-09-27,ASML,418.31207275390625,0.0057566355467695285,0.005740129436505509
2022-09-28,ASML,425.9776306152344,0.018324974010104134,0.018159095093708028
2022-09-29,ASML,412.99261474609375,-0.030482858572612237,-0.030957123767348625
2022-09-30,ASML,400.9923400878906,-0.02905687469879059,-0.02948738573151837
2022-10-03,ASML,416.7577209472656,0.039315915251447286,0.03856272292849983
2022-10-04,ASML,449.03216552734375,0.07744174362677736,0.0745894752944842
2022-10-05,ASML,453.0676574707031,0.008987088794897513,0.008946945248866012
2022-10-06,ASML,446.164794921875,-0.015235831635751818,-0.01535308945676432
2022-10-07,ASML,419.24859619140625,-0.06032793047954821,-0.06222432679695082
2022-10-10,ASML,407.3061828613281,-0.028485279231861393,-0.028898857661697707
2022-10-11,ASML,385.7480773925781,-0.05292850041534891,-0.05438068750077193
2022-10-12,ASML,384.5605773925781,-0.003078434008088271,-0.0030831821330896034
2022-10-13,ASML,391.38616943359375,0.017749068527239453,0.017593393173059437
2022-10-14,ASML,366.0242919921875,-0.0648001371078325,-0.06699501543232218
2022-10-17,ASML,378.66180419921875,0.034526430303978284,0.03394376674512511
2022-10-18,ASML,385.19769287109375,0.01726049102231708,0.017113220967462588
2022-10-19,ASML,409.3625793457031,0.06273372588110537,0.06084457492484015
2022-10-20,ASML,422.1545104980469,0.031248413503719652,0.03077012024493483
2022-10-21,ASML,446.251708984375,0.05708146635197364,0.05551177709879075
2022-10-24,ASML,456.620361328125,0.0232349862980874,0.02296916371795077
2022-10-25,ASML,469.2096862792969,0.027570660481618825,0.027197434348927452
2022-10-26,ASML,467.3560791015625,-0.003950487877675712,-0.003958311666898908
2022-10-27,ASML,458.0106506347656,-0.01999637724786285,-0.020199010638497942
2022-10-28,ASML,472.2701110839844,0.031133469122292867,0.030658652642824746
2022-10-31,ASML,456.08941650390625,-0.03426152576740282,-0.03486221203184334
2022-11-01,ASML,458.9470520019531,0.006265515915610864,0.006245969175220349
2022-11-02,ASML,430.9013366699219,-0.061108825538140454,-0.06305570163202465
2022-11-03,ASML,425.9918518066406,-0.011393524330238991,-0.01145892778705259
2022-11-04,ASML,453.9187316894531,0.06555730999166776,0.06349795805673027
2022-11-07,ASML,468.0855407714844,0.03121001204181062,0.030732881713056725
2022-11-08,ASML,487.6460266113281,0.0417882718778384,0.04093872870927942
2022-11-09,ASML,473.9634094238281,-0.028058502357911297,-0.02845966394406477
2022-11-10,ASML,543.0350952148438,0.1457321059340475,0.13604382650992275
2022-11-11,ASML,558.1895141601562,0.027906886827115507,0.02752458591420309
2022-11-14,ASML,559.5260009765625,0.002394324476727494,0.0023914626490632858
2022-11-15,ASML,578.5537109375,0.034006837801509926,0.03344138902521318
2022-11-16,ASML,558.4413452148438,-0.03476317814998675,-0.03538179650802745
2022-11-17,ASML,570.3809204101562,0.021380177699269476,0.02115482805196785
2022-11-18,ASML,574.3800659179688,0.007011359189463606,0.006986893900672477
2022-11-21,ASML,561.9176635742188,-0.02169713589177702,-0.021935979885072572
2022-11-22,ASML,577.3336181640625,0.02743454350907326,0.02706496074498689
2022-11-23,ASML,584.7317504882812,0.01281431063679439,0.012732902083616215
2022-11-25,ASML,573.1019897460938,-0.01988905294175669,-0.02008950244151148
2022-11-28,ASML,564.8709106445312,-0.014362328606133734,-0.014466465145707813
2022-11-29,ASML,560.494140625,-0.0077482659082891425,-0.007778439684600412
2022-11-30,ASML,588.8665771484375,0.0506203980862312,0.049380845003374856
2022-12-01,ASML,591.9071044921875,0.0051633552688177264,0.005150070858466639
2022-12-02,ASML,586.5328979492188,-0.009079476326913527,-0.009120945978092078
2022-12-05,ASML,581.7685546875,-0.008122891790685594,-0.008156062224892461
2022-12-06,ASML,574.2736206054688,-0.012883016831422234,-0.012966722591745517
2022-12-07,ASML,582.3107299804688,0.013995261294653005,0.01389823187863671
2022-12-08,ASML,587.6754760742188,0.009212858045617667,0.009170678533583778
2022-12-09,ASML,578.7764282226562,-0.015142792602151456,-0.015258615427578316
2022-12-12,ASML,590.6773071289062,0.020562134748292937,0.02035358798778571
2022-12-13,ASML,608.3785400390625,0.02996768742682243,0.029527430319181307
2022-12-14,ASML,596.361328125,-0.019752853072843246,-0.01995054837026249
2022-12-15,ASML,567.776123046875,-0.04793269403970035,-0.049119547151736415
2022-12-16,ASML,556.1365966796875,-0.020500204032402713,-0.020713249900169442
2022-12-19,ASML,550.6074829101562,-0.00994200669860934,-0.009991758476875669
2022-12-20,ASML,545.3300170898438,-0.009584805844663147,-0.009631035736389416
2022-12-21,ASML,562.5664672851562,0.03160737471833097,0.03111814381525317
2022-12-22,ASML,538.3482666015625,-0.04304949209018161,-0.044003604739202694
2022-12-23,ASML,533.9132690429688,-0.008238157032789628,-0.008272278174539347
2022-12-27,ASML,520.1724853515625,-0.02573598464041993,-0.026072949073023342
2022-12-28,ASML,514.8079223632812,-0.010313046420853178,-0.010366594363864848
2022-12-29,ASML,534.0101928710938,0.03729987374643029,0.03662106174198735
2022-12-30,ASML,529.1006469726562,-0.009193730688999424,-0.009236253862727825
2023-01-03,ASML,532.1702270507812,0.005801505055206713,0.005784741130832374
2023-01-04,ASML,552.7570190429688,0.03868459929875612,0.03795510424150318
2023-01-05,ASML,547.421630859375,-0.009652321001425435,-0.009699206598942925
2023-01-06,ASML,576.9850463867188,0.054004836237350196,0.05259703856912769
2023-01-09,ASML,601.6583862304688,0.04276252911277867,0.04187346947492984
2023-01-10,ASML,613.33642578125,0.019409751144576992,0.019223784450525545
2023-01-11,ASML,624.2691040039062,0.017824928967377973,0.01766792786476508
2023-01-12,ASML,631.8995361328125,0.012222985375964557,0.01214888787429651
2023-01-13,ASML,638.8037719726562,0.01092616063954921,0.010866901406240836
2023-01-17,ASML,637.3511962890625,-0.0022738996657896138,-0.002276488901487457
2023-01-18,ASML,631.6380004882812,-0.008963968113727572,-0.009004386194788319
2023-01-19,ASML,610.2959594726562,-0.033788405699351154,-0.03437242703665565
2023-01-20,ASML,628.3070068359375,0.029511988542156198,0.029084892432140665
2023-01-23,ASML,654.6265869140625,0.04188968098679435,0.04103606535278194
2023-01-24,ASML,648.7969970703125,-0.008905213995708539,-0.00894510240029208
2023-01-25,ASML,659.9522094726562,0.01719368685847167,0.01704754815497486
2023-01-26,ASML,662.2472534179688,0.0034775911230700007,0.0034715582855094963
2023-01-27,ASML,646.2601318359375,-0.02414071406037399,-0.02443687720533614
2023-01-30,ASML,629.7208251953125,-0.025592336314541164,-0.02592551702720087
2023-01-31,ASML,639.91748046875,0.016192342488077882,0.01606264471127363
2023-02-01,ASML,657.0473022460938,0.026768798009386918,0.026416781950279206
2023-02-02,ASML,674.496826171875,0.02655748507927913,0.02621095696026746
2023-02-03,ASML,658.1029052734375,-0.02430540850945384,-0.024605660093039657
2023-02-06,ASML,642.4028930664062,-0.023856469985507833,-0.024145643940146122
2023-02-07,ASML,658.6578369140625,0.025303347825950562,0.024988517904563808
2023-02-08,ASML,643.19873046875,-0.0234706179429085,-0.02375043996590545
2023-02-09,ASML,644.4992065429688,0.0020218884344982424,0.0020198471690883145
2023-02-10,ASML,636.9490356445312,-0.011714786956737888,-0.01178394572421245
2023-02-13,ASML,648.9729614257812,0.018877374967815053,0.018701408400510034
2023-02-14,ASML,657.4544677734375,0.013069121291313213,0.012984457184809783
2023-02-15,ASML,656.8043212890625,-0.0009888844265928398,-0.0009893736953775346
2023-02-16,ASML,636.8812255859375,-0.03033338097414373,-0.030802958286167387
2023-02-17,ASML,632.6597900390625,-0.006628293278689856,-0.0066503579694582385
2023-02-21,ASML,611.1646118164062,-0.03397588808564722,-0.034566484507264836
2023-02-22,ASML,605.7590942382812,-0.008844618084249967,-0.008883963889666018
2023-02-23,ASML,619.22900390625,0.022236413445689385,0.021992789341020377
2023-02-24,ASML,600.1014404296875,-0.03088932100386299,-0.03137645380370177
2023-02-27,ASML,613.3965454101562,0.022154762653042726,0.021912911484331634
2023-02-28,ASML,599.4706420898438,-0.02270293731602413,-0.02296461718368716
2023-03-01,ASML,596.7728881835938,-0.004500226894923909,-0.0045103833984785026
2023-03-02,ASML,605.72021484375,0.014992850441630123,0.014881568569070476
2023-03-03,ASML,618.5399169921875,0.021164395432542227,0.02094354035683653
2023-03-06,ASML,602.6148071289062,-0.025746292883927824,-0.026083529673229425
2023-03-07,ASML,591.10546875,-0.019098996975765115,-0.01928373885735383
2023-03-08,ASML,601.0912475585938,0.016893396079908474,0.016752289625226017
2023-03-09,ASML,586.8646240234375,-0.023667993159007805,-0.023952579470422713
2023-03-10,ASML,583.43896484375,-0.005837222145376186,-0.005854325315709851
2023-03-13,ASML,586.9035034179688,0.005938133691750558,0.005920572462205865
2023-03-14,ASML,601.964599609375,0.025661963344390415,0.025338222036702343
2023-03-15,ASML,588.7569580078125,-0.021940894215595308,-0.02218517541108567
2023-03-16,ASML,611.9212646484375,0.039344429523188174,0.038590158167560756
2023-03-17,ASML,614.9589233398438,0.004964133242127966,0.00495185255790538
2023-03-20,ASML,627.225341796875,0.019946728133339864,0.0197503986120307
2023-03-21,ASML,623.1494140625,-0.006498346706939939,-0.006519552881876553
2023-03-22,ASML,621.4412841796875,-0.0027411241096684247,-0.0027448878698900637
2023-03-23,ASML,644.5282592773438,0.03715069417721639,0.03647723612205911
2023-03-24,ASML,628.3898315429688,-0.025039131336878406,-0.025357943494199352
2023-03-27,ASML,625.0126342773438,-0.005374366509611539,-0.005388860370840844
2023-03-28,ASML,620.8008422851562,-0.006738730965106465,-0.006761538733975986
2023-03-29,ASML,639.6372680664062,0.030342139536914114,0.029890921391556968
2023-03-30,ASML,656.67822265625,0.02664159116518916,0.026292883829347212
2023-03-31,ASML,660.5890502929688,0.005955470277207553,0.00593780655989694
2023-04-03,ASML,654.0677490234375,-0.009871948780621032,-0.009920999551762151
2023-04-04,ASML,648.91455078125,-0.00787869184787282,-0.00790989272996532
2023-04-05,ASML,644.2760009765625,-0.0071481673497735265,-0.007173837902759176
2023-04-06,ASML,637.6964111328125,-0.010212377666988903,-0.010264881762777588
2023-04-10,ASML,642.0827026367188,0.0068783380733072885,0.0068547902243583595
2023-04-11,ASML,640.26806640625,-0.0028261721161727538,-0.0028301732810196937
2023-04-12,ASML,635.3090209960938,-0.007745264320288214,-0.007775414662463521
2023-04-13,ASML,645.7413330078125,0.016420846654061405,0.016287482538920095
2023-04-14,ASML,646.5079345703125,0.001187165081921071,0.0011864609586737967
2023-04-17,ASML,620.1506958007812,-0.04076862380204049,-0.04162296500527913
2023-04-18,ASML,624.3140258789062,0.006713416765176783,0.006690982135550891
2023-04-19,ASML,605.1671752929688,-0.030668621546636965,-0.031148745725112066
2023-04-20,ASML,614.8424072265625,0.01598770113218695,0.01586124389816644
2023-04-21,ASML,615.7156982421875,0.0014203493535265288,0.001419341611501127
2023-04-24,ASML,608.83544921875,-0.011174392732035243,-0.011237295296114953
2023-04-25,ASML,587.8545532226562,-0.03446070037974325,-0.03506847403697087
2023-04-26,ASML,591.0957641601562,0.005513627341544813,0.005498482939869857
2023-04-27,ASML,610.640380859375,0.03306505964729456,0.03253016941979686
2023-04-28,ASML,618.0352172851562,0.012109969562403178,0.012037230537095045
2023-05-01,ASML,618.2279052734375,0.0003117750945127451,0.0003117265027575029
2023-05-02,ASML,617.1085815429688,-0.0018105357602286043,-0.0018121767611244777
2023-05-03,ASML,617.7802734375,0.0010884500955274934,0.0010878581632091883
2023-05-04,ASML,618.0819702148438,0.000488356119992428,0.0004882369129512074
2023-05-05,ASML,632.9439086914062,0.02404525482501385,0.02376071980583529
2023-05-08,ASML,637.4891357421875,0.0071810898064859074,0.007155428558330102
2023-05-09,ASML,625.8682250976562,-0.018229190103768222,-0.018397389011989583
2023-05-10,ASML,639.5816650390625,0.021911065926484063,0.021674468353679005
2023-05-11,ASML,632.8174438476562,-0.010576008602424691,-0.010632332051573974
2023-05-12,ASML,630.2089233398438,-0.004122074277776222,-0.004130593445105233
2023-05-15,ASML,638.17041015625,0.012633091220310977,0.012553959478835844
2023-05-16,ASML,634.627685546875,-0.005551377113375722,-0.005566843272850621
2023-05-17,ASML,652.584716796875,0.02829537957286865,0.02790245997525645
2023-05-18,ASML,677.335205078125,0.03792685860425049,0.037225318488610284
2023-05-19,ASML,675.4566650390625,-0.0027734274329440645,-0.002777280508606429
2023-05-22,ASML,679.972900390625,0.006686195555271279,0.006663942088716086
2023-05-23,ASML,663.2421875,-0.024604970111329005,-0.02491273117880278
2023-05-24,ASML,648.973876953125,-0.021512971906472722,-0.02174774916435801
2023-05-25,ASML,689.5498657226562,0.06252330056801658,0.06064655152234563
2023-05-26,ASML,716.2664184570312,0.03874491760849774,0.03801317437988109
2023-05-30,ASML,708.8013305664062,-0.010422222371818224,-0.010476914069313422
2023-05-31,ASML,703.61376953125,-0.007318780046604689,-0.007345693714504391
2023-06-01,ASML,707.3512573242188,0.00531184572391008,0.005297787632380628
2023-06-02,ASML,705.2879028320312,-0.0029170153736529647,-0.0029212781547482687
2023-06-05,ASML,702.9033813476562,-0.003380919302316321,-0.0033866475247300502
2023-06-06,ASML,697.4821166992188,-0.007712674020778576,-0.007742570511520885
2023-06-07,ASML,691.233642578125,-0.008958615527899338,-0.008998985209151662
2023-06-08,ASML,700.8106689453125,0.01385497721359119,0.013759874441167563
2023-06-09,ASML,696.732666015625,-0.005818979519568002,-0.0058359757467631
2023-06-12,ASML,710.6603393554688,0.019989981838358872,0.01979280552084709
2023-06-13,ASML,717.5706787109375,0.009723828632024256,0.009676856464460202
2023-06-14,ASML,720.43212890625,0.003987691080762801,0.003979761314666187
2023-06-15,ASML,718.9526977539062,-0.0020535330019079145,-0.0020556443918373375
2023-06-16,ASML,702.591796875,-0.022756574848414424,-0.023019502240034243
2023-06-20,ASML,701.1611328125,-0.0020362663909020418,-0.0020383423999931647
2023-06-21,ASML,688.4014282226562,-0.01819796333927126,-0.018365582945253277
2023-06-22,ASML,698.2411499023438,0.014293581152340362,0.014192391027565992
2023-06-23,ASML,679.242919921875,-0.027208694278654133,-0.027585705185434305
2023-06-26,ASML,681.530029296875,0.003367144960838342,0.0033614888213827528
2023-06-27,ASML,705.7063598632812,0.03547361015236361,0.034858916403075535
2023-06-28,ASML,704.8402709960938,-0.0012272652146074758,-0.001228018921289406
2023-06-29,ASML,704.0225830078125,-0.0011601039581998762,-0.0011607773996886
2023-06-30,ASML,705.3851928710938,0.0019354632879242661,0.0019335926921122697
2023-07-03,ASML,714.2714233398438,0.012597699184158984,0.012519008364796611
2023-07-05,ASML,696.5478515625,-0.02481349693995949,-0.025126541087183943
2023-07-06,ASML,680.6249389648438,-0.022859754088592643,-0.023125089737312053
2023-07-07,ASML,678.1235961914062,-0.0036750677652831465,-0.0036818374178670425
2023-07-10,ASML,690.8638916015625,0.018787571294835548,0.01861326469150394
2023-07-11,ASML,686.1629028320312,-0.00680450784398845,-0.006827764065622863
2023-07-12,ASML,705.4921875,0.028170110316646513,0.027780630304889545
2023-07-13,ASML,730.6807250976562,0.03570349614630741,0.035080902243097345
2023-07-14,ASML,733.873046875,0.004368969465996297,0.00435945322627148
2023-07-17,ASML,734.3303833007812,0.00062318193552513,0.000622987838297152
2023-07-18,ASML,736.802734375,0.0033668102674788702,0.003361155251146798
2023-07-19,ASML,696.655029296875,-0.05448908263374008,-0.05602984429110149
2023-07-20,ASML,658.0641479492188,-0.05539453492011037,-0.056987935934602316
2023-07-21,ASML,674.8338623046875,0.025483403719424036,0.025164114800536
2023-07-24,ASML,666.1911010742188,-0.012807242957477039,-0.012889962727334071
2023-07-25,ASML,668.9358520507812,0.004120065506934445,0.004111601277864502
2023-07-26,ASML,666.0159912109375,-0.004364933993135867,-0.004374488129771744
2023-07-27,ASML,689.199462890625,0.034809181739819506,0.03421704425115674
2023-07-28,ASML,699.1755981445312,0.014474960865559217,0.014371198722919651
2023-07-31,ASML,697.2679443359375,-0.0027284330483733354,-0.0027321620061753166
2023-08-01,ASML,691.3109130859375,-0.008543388948811237,-0.008580092896425588
2023-08-02,ASML,666.2906494140625,-0.03619249052526485,-0.0368636832782079
2023-08-03,ASML,664.2910766601562,-0.003001051801739485,-0.0030055639874946027
2023-08-04,ASML,661.3938598632812,-0.00436136642304652,-0.004370904925624473
2023-08-07,ASML,676.3964233398438,0.022683251821635775,0.022429812262407117
2023-08-08,ASML,662.69140625,-0.0202618118856579,-0.020469897995134805
2023-08-09,ASML,655.980224609375,-0.010127159606010072,-0.010178788149619217
2023-08-10,ASML,661.1696166992188,0.0079108971508004,0.00787977005831841
2023-08-11,ASML,645.533203125,-0.023649625117804107,-0.023933766332785825
2023-08-14,ASML,650.1858520507812,0.007207450992850584,0.007181601449837636
2023-08-15,ASML,635.7005004882812,-0.02227878616062018,-0.022530707007856896
2023-08-16,ASML,630.5697021484375,-0.008071093755475656,-0.00810384135768638
2023-08-17,ASML,628.5211791992188,-0.0032486859775202603,-0.0032539744145641996
2023-08-18,ASML,639.2415161132812,0.017056444983637675,0.01691261698511136
2023-08-21,ASML,646.2549438476562,0.010971483480951116,0.010911733390234974
2023-08-22,ASML,651.13232421875,0.007547145932926824,0.007518808714497484
2023-08-23,ASML,660.4963989257812,0.014381216165648913,0.014278787342518907
2023-08-24,ASML,631.9158325195312,-0.04327134326959681,-0.0442354630198469
2023-08-25,ASML,635.027587890625,0.004924319364948859,0.004912234561063147
2023-08-28,ASML,642.8115844726562,0.01225772979074402,0.012183212147699149
2023-08-29,ASML,651.1223754882812,0.012928813382296012,0.012845949729456317
2023-08-30,ASML,653.1221923828125,0.003071338000067314,0.003066631076750928
2023-08-31,ASML,644.3139038085938,-0.0134864328252009,-0.013578200775922793
2023-09-01,ASML,646.2549438476562,0.0030125689164688385,0.0030080402237834475
2023-09-05,ASML,647.2694702148438,0.0015698547095783777,0.0015686237757635588
2023-09-06,ASML,649.6885986328125,0.0037374363063436,0.003730469444677068
2023-09-07,ASML,622.132080078125,-0.04241496404997214,-0.04334075147907135
2023-09-08,ASML,612.4457397460938,-0.015569588263017797,-0.015692067264071415
2023-09-11,ASML,612.2994384765625,-0.00023888037753660996,-0.00023890891399862033
2023-09-12,ASML,603.6082763671875,-0.014194300309990693,-0.01429600293612628
2023-09-13,ASML,601.9013061523438,-0.002827943687447654,-0.002831949874828159
2023-09-14,ASML,606.6321411132812,0.007859818399762908,0.007829090930325945
2023-09-15,ASML,582.0119018554688,-0.04058512167296291,-0.041431682084621585
2023-09-18,ASML,583.0556030273438,0.0017932643104852097,0.001791658331717875
2023-09-19,ASML,579.19287109375,-0.00662498038529713,-0.0066470229762768595
2023-09-20,ASML,575.3982543945312,-0.006551559745638702,-0.00657311541360223
2023-09-21,ASML,567.8287353515625,-0.013155269389779178,-0.013242566401868935
2023-09-22,ASML,572.6865234375,0.008555023343314705,0.008518636510635967
2023-09-25,ASML,571.740234375,-0.0016523683093151442,-0.00165373497552807
2023-09-26,ASML,558.6498413085938,-0.022895700318722678,-0.023161877589902107
2023-09-27,ASML,560.4251708984375,0.003177893303764723,0.0031728544732611934
2023-09-28,ASML,566.3949584960938,0.010652247450066987,0.01059591197534628
2023-09-29,ASML,574.208251953125,0.013794779314027172,0.013700497421652325
2023-10-02,ASML,567.8873291015625,-0.011008066899182212,-0.011069104014714842
2023-10-03,ASML,556.5916137695312,-0.019890768385168678,-0.02009125269735585
2023-10-04,ASML,576.3540649414062,0.03550619643374309,0.03489038583728106
2023-10-05,ASML,567.4093017578125,-0.015519562934813491,-0.015641252034681516
2023-10-06,ASML,582.6946411132812,0.0269388240695303,0.02658236156706977
2023-10-09,ASML,576.8517456054688,-0.010027371277431363,-0.010077983990688839
2023-10-10,ASML,587.3670654296875,0.018228808189150625,0.01806465533781694
2023-10-11,ASML,591.307861328125,0.006709255813576398,0.006686848923327686
2023-10-12,ASML,601.618408203125,0.017436850664967807,0.017286573180078275
2023-10-13,ASML,585.0260009765625,-0.027579620238216473,-0.027967078551455405
2023-10-16,ASML,588.9765625,0.006752796485699708,0.006730098481550425
2023-10-17,ASML,593.6878662109375,0.007999136147183172,0.00796731265196756
2023-10-18,ASML,568.93115234375,-0.04169988183385143,-0.04259427432433196
2023-10-19,ASML,573.3009643554688,0.007680739565265604,0.007651392858946688
2023-10-20,ASML,565.8582763671875,-0.012982165478560903,-0.01306717028795509
2023-10-23,ASML,573.3594970703125,0.013256359439121068,0.01316926278501697
2023-10-24,ASML,586.00146484375,0.022048937600290808,0.021809374784115956
2023-10-25,ASML,569.0187377929688,-0.028980690441293477,-0.029408924628287307
2023-10-26,ASML,573.759521484375,0.008331507165816987,0.008296991737832273
2023-10-27,ASML,575.5153198242188,0.003060164187430603,0.0030554914155426346
2023-10-30,ASML,574.4227905273438,-0.0018983496342177553,-0.0019001537835169674
2023-10-31,ASML,584.1090698242188,0.016862630551240043,0.016722034738929022
2023-11-01,ASML,594.8567504882812,0.018400126310822218,0.018232892289746266
2023-11-02,ASML,617.4668579101562,0.0380093314958867,0.03730477458371851
2023-11-03,ASML,628.2437133789062,0.017453334265137288,0.01730277415278129
2023-11-06,ASML,623.3834228515625,-0.007736313828280883,-0.007766394346089696
2023-11-07,ASML,622.2783203125,-0.0017727493201654676,-0.001774322499751826
2023-11-08,ASML,625.192626953125,0.0046832848670694815,0.004672352408420398
2023-11-09,ASML,620.2735595703125,-0.007868082844779467,-0.007899199535207568
2023-11-10,ASML,646.6978149414062,0.04260097010970276,0.04171852382304769
2023-11-13,ASML,640.1650390625,-0.010101744165469495,-0.01015311301920602
2023-11-14,ASML,660.5162353515625,0.03179054626111122,0.03129568741108509
2023-11-15,ASML,663.049072265625,0.0038346323352891343,0.0038272988741552745
2023-11-16,ASML,665.855712890625,0.0042329304758843556,0.004223996827147406
2023-11-17,ASML,670.9606323242188,0.007666705165646492,0.007637465335277227
2023-11-20,ASML,678.99951171875,0.011981149127459956,0.01190994334737551
2023-11-21,ASML,669.3274536132812,-0.0142445729909082,-0.014347000777631272
2023-11-22,ASML,669.6990356445312,0.0005551573138737886,0.000555003271061574
2023-11-24,ASML,675.9384155273438,0.009316692350926914,0.00927355966839841
2023-11-27,ASML,673.2000732421875,-0.004051171263908526,-0.004059399488362819
2023-11-28,ASML,661.0833740234375,-0.017998659982900733,-0.01816260604907138
2023-11-29,ASML,672.4471435546875,0.01718961628408322,0.017043546377746185
2023-11-30,ASML,668.6820068359375,-0.00559915638699382,-0.005614890422151851
2023-12-01,ASML,676.9359741210938,0.012343635989567447,0.012268074481911664
2023-12-04,ASML,675.0972900390625,-0.0027161860978337504,-0.00271988162463535
2023-12-05,ASML,679.2144775390625,0.006098658016775227,0.006080136468218845
2023-12-06,ASML,676.8185424804688,-0.003527508817648739,-0.0035337451470018313
2023-12-07,ASML,684.2216186523438,0.010938051644896474,0.010878663823593251
2023-12-08,ASML,681.0726928710938,-0.0046022015315040354,-0.004612824265477707
2023-12-11,ASML,694.5780639648438,0.019829558922436652,0.01963551423792004
2023-12-12,ASML,704.6705932617188,0.014530446353666848,0.014425891024797256
2023-12-13,ASML,719.07568359375,0.020442303779634408,0.020236164461864672
2023-12-14,ASML,737.089599609375,0.025051488218314155,0.02474284373687771
2023-12-15,ASML,736.3560180664062,-0.000995240664578012,-0.0009957362454103102
2023-12-18,ASML,725.6963500976562,-0.014476242072063439,-0.014582045193452265
2023-12-19,ASML,728.297607421875,0.0035844982875670173,0.0035780892843880765
2023-12-20,ASML,713.52099609375,-0.020289248759766232,-0.020497902679063096
2023-12-21,ASML,738.6151733398438,0.03516950080442571,0.03456518220183608
2023-12-22,ASML,735.9356689453125,-0.003627740792834233,-0.0036343370021881633
2023-12-26,ASML,745.8616943359375,0.01348762644546131,0.01339747809879578
2023-12-27,ASML,747.1820678710938,0.0017702659154950062,0.0017687008415816679
2023-12-28,ASML,741.13818359375,-0.008088904347723802,-0.008121797031764527
2023-12-29,ASML,740.2286376953125,-0.0012272284960777036,-0.0012279821576415626
2024-01-02,ASML,701.1107788085938,-0.052845643757463145,-0.054293204102017004
2024-01-03,ASML,687.859619140625,-0.018900236693674355,-0.019081129066183942
2024-01-04,ASML,684.8475341796875,-0.0043789239506465405,-0.004388539518958128
2024-01-05,ASML,687.8302612304688,0.004355315456240794,0.004345858518567488
2024-01-08,ASML,704.9444580078125,0.024881424592642754,0.02457692257428868
2024-01-09,ASML,700.1621704101562,-0.006783921120780301,-0.006807036514989278
2024-01-10,ASML,701.9616088867188,0.002570030990832306,0.002566734108703422
2024-01-11,ASML,702.6853637695312,0.001031046247615075,0.0010305150845038504
2024-01-12,ASML,697.4924926757812,-0.007390037364508384,-0.007417478970550683
2024-01-16,ASML,690.9205932617188,-0.009422179425689348,-0.009466848969318636
2024-01-17,ASML,696.563232421875,0.008166841769063904,0.008133673580685188
2024-01-18,ASML,728.1119995117188,0.04529203613023336,0.04429630678669362
2024-01-19,ASML,741.1187744140625,0.01786370079200217,0.017706019962016185
2024-01-22,ASML,749.7734375,0.01167783543573031,0.011610175751832284
2024-01-23,ASML,761.225341796875,0.015273819695533097,0.015158349210578705
2024-01-24,ASML,828.6254272460938,0.08854156811190839,0.08483878939868282
2024-01-25,ASML,849.9153442382812,0.025693052967181718,0.025368533340739404
2024-01-26,ASML,848.6148681640625,-0.0015301242447672836,-0.001531296080391442
2024-01-29,ASML,863.1567993164062,0.017136078682906453,0.01699091213012145
2024-01-30,ASML,848.888671875,-0.016530168623714925,-0.01666831638071215
2024-01-31,ASML,850.6390380859375,0.002061950252052913,0.00205982735034287
2024-02-01,ASML,870.9022216796875,0.023821130569489313,0.023541834181247827
2024-02-02,ASML,871.0195922851562,0.00013476898157671613,0.00013475990105335793
2024-02-05,ASML,880.2635498046875,0.010612800907588538,0.010556880436641835
2024-02-06,ASML,886.4844360351562,0.0070670723919548095,0.00704221766724662
2024-02-07,ASML,903.4716796875,0.01916248380887553,0.018981195708587015
2024-02-08,ASML,904.1673583984375,0.0007700061070847752,0.0007697098044757576
2024-02-09,ASML,930.284912109375,0.028885751590501885,0.02847642210712442
2024-02-12,ASML,910.3098754882812,-0.02147195591488349,-0.02170583227554266
2024-02-13,ASML,884.946533203125,-0.02786231696272834,-0.028257835337700737
2024-02-14,ASML,905.636962890625,0.023380429112038525,0.023111293805607534
2024-02-15,ASML,910.9270629882812,0.005841303209148219,0.005824308944544825
2024-02-16,ASML,910.0453491210938,-0.0009679302580988258,-0.0009683990050917732
2024-02-20,ASML,891.0692138671875,-0.02085185674783463,-0.021072326906474516
2024-02-21,ASML,889.7368774414062,-0.0014952109275541137,-0.0014963298709230412
2024-02-22,ASML,932.4893188476562,0.048050656874189634,0.04693192144268221
2024-02-23,ASML,914.2677001953125,-0.01954083364178527,-0.019734279946534004
2024-02-26,ASML,928.3160400390625,0.015365674452623601,0.015248818008627653
2024-02-27,ASML,922.2224731445312,-0.006564108161133175,-0.006585746662731282
2024-02-28,ASML,920.390380859375,-0.001986605551813625,-0.0019885814699698834
2024-02-29,ASML,932.32275390625,0.012964469528390365,0.012881150148351833
2024-03-01,ASML,970.7842407226562,0.04125340356143847,0.040425183220044646
2024-03-04,ASML,977.7396850585938,0.0071647684873414885,0.007139223477084917
2024-03-05,ASML,949.1337890625,-0.029257169810366745,-0.029693696244009016
2024-03-06,ASML,983.5100708007812,0.03621858386501664,0.035578109869088645
2024-03-07,ASML,1026.0860595703125,0.04328983508513096,0.04237902340313719
2024-03-08,ASML,974.1052856445312,-0.050659273109654124,-0.051987506991742434
2024-03-11,ASML,943.0892333984375,-0.03184055430473465,-0.03235848864251397
2024-03-12,ASML,964.2694091796875,0.022458294540090185,0.022209820367124322
2024-03-13,ASML,949.0750732421875,-0.015757355561477282,-0.015882822451622588
2024-03-14,ASML,940.2581176757812,-0.009290050718839482,-0.009333472375513309
2024-03-15,ASML,921.0860595703125,-0.0203902074813882,-0.02060095750797602
2024-03-18,ASML,922.1930541992188,0.0012018362642711722,0.0012011146371953031
2024-03-19,ASML,932.548095703125,0.011228713398734103,0.011166139377898588
2024-03-20,ASML,951.1713256835938,0.019970262194817012,0.019773472160209152
2024-03-21,ASML,970.6372680664062,0.020465232558206647,0.02025863366065488
2024-03-22,ASML,960.0276489257812,-0.010930570553673746,-0.010990748158809216
2024-03-25,ASML,959.0184936523438,-0.0010511731350307807,-0.0010517260049860066
2024-03-26,ASML,951.5436401367188,-0.007794274630886,-0.007824808753774212
2024-03-27,ASML,954.1985473632812,0.0027901055869397062,0.0027862204672648924
2024-03-28,ASML,950.7305297851562,-0.0036344821397057414,-0.003641102916850006
2024-04-01,ASML,972.7533569335938,0.02316411060599277,0.022899895028152973
2024-04-02,ASML,947.047119140625,-0.02642626479748411,-0.02678171466272583
2024-04-03,ASML,960.3311157226562,0.014026753593934682,0.013929289035859866
2024-04-04,ASML,934.017578125,-0.027400484235955536,-0.027782878890383035
2024-04-05,ASML,959.6259155273438,0.027417404128251333,0.027048278880542075
2024-04-08,ASML,962.7217407226562,0.0032260750207140365,0.003220882405541263
2024-04-09,ASML,969.6968383789062,0.00724518556214826,0.007219065293481656
2024-04-10,ASML,954.786376953125,-0.015376415427638013,-0.015495858489338387
2024-04-11,ASML,971.9990234375,0.018027746205704354,0.01786717336172139
2024-04-12,ASML,942.276123046875,-0.030579146350897757,-0.03105644388857909
2024-04-15,ASML,935.39892578125,-0.007298494674138012,-0.00732525899206111
2024-04-16,ASML,957.04931640625,0.023145622715909697,0.022881825534779097
2024-04-17,ASML,889.1490478515625,-0.07094751272552513,-0.07359004308347633
2024-04-18,ASML,870.9471435546875,-0.020471150861439913,-0.020683589107778778
2024-04-19,ASML,842.0570068359375,-0.03317094146590538,-0.033733574197693454
2024-04-22,ASML,854.3125610351562,0.014554304637009574,0.014449407325269354
2024-04-23,ASML,883.2319946289062,0.033851115988168035,0.033290777312884615
2024-04-24,ASML,874.170166015625,-0.01025985094333981,-0.010312846006620129
2024-04-25,ASML,884.1528930664062,0.011419661112757273,0.0113549489772305
2024-04-26,ASML,902.1503295898438,0.02035557047268033,0.020151165052466447
2024-04-29,ASML,893.1187744140625,-0.010011142134024764,-0.010061590597668932
2024-04-30,ASML,856.5013427734375,-0.040999509460147854,-0.04186369258699217
2024-05-01,ASML,837.2306518554688,-0.022499311974886527,-0.02275628326085526
2024-05-02,ASML,854.3516235351562,0.020449528026409425,0.02024324396177982
2024-05-03,ASML,885.127685546875,0.03602271145031932,0.0353890658463453
2024-05-06,ASML,900.1378173828125,0.016958154265238612,0.016815969971356523
2024-05-07,ASML,891.5970458984375,-0.00948829314738453,-0.009533593778984654
2024-05-08,ASML,894.7875366210938,0.0035783998358152047,0.0035720125959862203
2024-05-09,ASML,896.8197021484375,0.002271115146526892,0.002268540062660142
2024-05-10,ASML,913.2631225585938,0.01833525776782574,0.018169193742035555
2024-05-13,ASML,900.451904296875,-0.014027959681353286,-0.014127281456360231
2024-05-14,ASML,898.2824096679688,-0.002409339819876677,-0.0024122469495080293
2024-05-15,ASML,920.2626342773438,0.024469169576079697,0.024174595102067008
2024-05-16,ASML,902.7098999023438,-0.019073614119716642,-0.01925786210979342
2024-05-17,ASML,908.0405883789062,0.005905206619689407,0.005887839225572248
2024-05-20,ASML,922.24560546875,0.015643592667155426,0.015522492994523285
2024-05-21,ASML,908.3350219726562,-0.015083382792616784,-0.015198293974616993
2024-05-22,ASML,905.448974609375,-0.00317729394272781,-0.003182352258472787
2024-05-23,ASML,917.1506958007812,0.012923667174568942,0.01284086919395191
2024-05-24,ASML,938.718505859375,0.02351610281422989,0.02324385908213607
2024-05-28,ASML,973.6964111328125,0.037261335592202904,0.03658390867650214
2024-05-29,ASML,940.34814453125,-0.0342491419504819,-0.034849388956184446
2024-05-30,ASML,948.4373168945312,0.008602316504078944,0.008565527409861986
2024-05-31,ASML,942.77294921875,-0.005972316330116634,-0.005990221938858087
2024-06-03,ASML,947.80908203125,0.005341829988517732,0.0053276130219761285
2024-06-04,ASML,933.4075927734375,-0.015194504390007135,-0.015311123694895956
2024-06-05,ASML,1022.2805786132812,0.09521348072150904,0.09094930382934022
2024-06-06,ASML,1033.344482421875,0.010822766312944987,0.010764619342117063
2024-06-07,ASML,1009.59716796875,-0.022981024099018588,-0.02324920450670034
2024-06-10,ASML,1022.6439208984375,0.012922731306721946,0.012839945266207242
2024-06-11,ASML,1017.0482788085938,-0.005471740432317573,-0.0054867652369486285
2024-06-12,ASML,1049.296875,0.03170802887467983,0.031215709273499082
2024-06-13,ASML,1033.4423828125,-0.01510963442781621,-0.015224947992427343
2024-06-14,ASML,1009.0866088867188,-0.02356761666721785,-0.02384977496171347
2024-06-17,ASML,1033.2069091796875,0.023903102152529332,0.023621895335746976
2024-06-18,ASML,1041.9537353515625,0.008465706233826475,0.008430073107953105
2024-06-20,ASML,1031.508544921875,-0.010024620168152865,-0.01007520501945665
2024-06-21,ASML,1017.62744140625,-0.013457090185012843,-0.01354845744061291
2024-06-24,ASML,983.6704711914062,-0.03336876427773894,-0.03393820504851726
2024-06-25,ASML,1004.610107421875,0.02128724694267481,0.02106383844148334
2024-06-26,ASML,997.993408203125,-0.00658633550455745,-0.006608121123197439
2024-06-27,ASML,1009.1946411132812,0.011223754403672848,0.011161235435640153
2024-06-28,ASML,1004.0111694335938,-0.005136245743407208,-0.005149481594750901
2024-07-01,ASML,1014.5744018554688,0.010521030784781171,0.010466069901058856
2024-07-02,ASML,1028.710693359375,0.013933223111142645,0.013837048080483305
2024-07-03,ASML,1051.8001708984375,0.022445064183848507,0.022196880531913606
2024-07-05,ASML,1054.8140869140625,0.0028654834815728947,0.0028613858097888156
2024-07-08,ASML,1057.670654296875,0.002708124036501669,0.0027044636755881478
2024-07-09,ASML,1040.5694580078125,-0.016168734775411808,-0.016300875064287193
2024-07-10,ASML,1078.8363037109375,0.03677490763219926,0.0361148445793713
2024-07-11,ASML,1043.0533447265625,-0.03316810795232805,-0.03373064347338372
2024-07-12,ASML,1065.39697265625,0.02142136645517878,0.021195153805619985
2024-07-15,ASML,1044.1627197265625,-0.01993083655639294,-0.020132134865357348
2024-07-16,ASML,1048.6390380859375,0.004286993085280022,0.004277830108833622
2024-07-17,ASML,915.0007934570312,-0.12743970019734707,-0.13632351577198076
2024-07-18,ASML,907.235595703125,-0.008486547563055113,-0.008522763351397858
2024-07-19,ASML,878.982177734375,-0.031142316397818393,-0.03163754722532339
2024-07-22,ASML,924.0322875976562,0.05125258623491136,0.04998239245411003
2024-07-23,ASML,915.7369995117188,-0.008977270813235294,-0.009017809307936307
2024-07-24,ASML,856.7763061523438,-0.06438605559326915,-0.066552340143408
2024-07-25,ASML,846.8414306640625,-0.011595646864812736,-0.01166340065319277
2024-07-26,ASML,872.1300659179688,0.029862302832864174,0.029425106734663618
2024-07-29,ASML,856.2000122070312,-0.018265685742837157,-0.01843456298075004
2024-07-30,ASML,846.0599365234375,-0.011843115555973505,-0.011913803916950906
2024-07-31,ASML,921.2595825195312,0.08888217341326698,0.08515164104775882
2024-08-01,ASML,869.1431884765625,-0.056570802661761066,-0.058233959556150815
2024-08-02,ASML,796.0088500976562,-0.08414532766125271,-0.08789758154701004
2024-08-05,ASML,806.827392578125,0.013590982661991102,0.013499453637539065
2024-08-06,ASML,829.114013671875,0.02762253897024447,0.027247919615860507
2024-08-07,ASML,822.563720703125,-0.007900352497650975,-0.007931725630900359
2024-08-08,ASML,862.199462890625,0.04818561916834785,0.04706068774244255
2024-08-09,ASML,846.3649291992188,-0.018365279002052648,-0.01853601437120448
2024-08-12,ASML,838.8016967773438,-0.008936136364996683,-0.00897630310089824
2024-08-13,ASML,855.1575317382812,0.019499048492362725,0.019311377723808518
2024-08-14,ASML,865.0811157226562,0.011604392893790338,0.011537578324796252
2024-08-15,ASML,912.9488525390625,0.055333235168842254,0.05385657977318484
2024-08-16,ASML,903.5169677734375,-0.010331230210097075,-0.010384967806323647
2024-08-19,ASML,917.7682495117188,0.01577312020315569,0.01565001733293712
2024-08-20,ASML,910.9130249023438,-0.007469450608061701,-0.007497486650727008
2024-08-21,ASML,928.0556640625,0.018819183271634676,0.018644293227045274
2024-08-22,ASML,892.74755859375,-0.038045245383440895,-0.038787862045618494
2024-08-23,ASML,892.3048706054688,-0.0004958714073423076,-0.0004959943922267564
2024-08-26,ASML,868.7496337890625,-0.026398193703036643,-0.02675288203428413
2024-08-27,ASML,875.2113037109375,0.007437896570606117,0.007410371817822538
2024-08-28,ASML,873.4901733398438,-0.0019665312408513325,-0.0019684674021761914
2024-08-29,ASML,873.0770874023438,-0.0004729142354521487,-0.0004730260946571258
2024-08-30,ASML,888.970703125,0.01820413793007014,0.01804042644373162
2024-09-03,ASML,831.4547729492188,-0.06469946644315205,-0.06688737507579645
2024-09-04,ASML,798.103759765625,-0.04011163838208032,-0.04093829126379293
2024-09-05,ASML,782.4854736328125,-0.019569242647596408,-0.019763255571804562
2024-09-06,ASML,740.3811645507812,-0.05380842264912,-0.05531021737736112
2024-09-09,ASML,737.4600219726562,-0.003945457715550327,-0.003953261567116952
2024-09-10,ASML,738.9943237304688,0.002080521943017777,0.002078360654459772
2024-09-11,ASML,786.95068359375,0.06489408419430864,0.06287534275502095
2024-09-12,ASML,786.9801635742188,3.746102657165018e-05,3.746032492491716e-05
2024-09-13,ASML,802.9032592773438,0.020233160173704023,0.020031189579423077
2024-09-16,ASML,789.8028564453125,-0.01631629051278516,-0.016450867048639538
2024-09-17,ASML,792.4091186523438,0.0032998895683429286,0.0032944568809927252
2024-09-18,ASML,774.8534545898438,-0.022154798133011244,-0.022403901774570776
2024-09-19,ASML,814.5087890625,0.051177850776502165,0.049911298108133086
2024-09-20,ASML,782.1707763671875,-0.03970247237299129,-0.04051211792549934
2024-09-23,ASML,790.2552490234375,0.010335943122036007,0.010282892500923624
2024-09-24,ASML,800.5821533203125,0.013067808546209037,0.012983161373964184
2024-09-25,ASML,804.6932373046875,0.005135118197832522,0.0051219784419824655
2024-09-26,ASML,838.3886108398438,0.04187356370487039,0.041020595954360264
2024-09-27,ASML,827.668212890625,-0.012786907897615385,-0.012869364064833978
2024-09-30,ASML,819.5148315429688,-0.009851026317877598,-0.009899868707459947
2024-10-01,ASML,808.7944946289062,-0.013081321412912628,-0.013167635458720867
2024-10-02,ASML,818.472412109375,0.011965854793446917,0.011894829973375399
2024-10-03,ASML,818.6886596679688,0.00026420873250510013,0.0002641738355245235
2024-10-04,ASML,819.2689208984375,0.000708769107299112,0.000708518049096576
2024-10-07,ASML,803.778564453125,-0.018907535792185626,-0.01908856880466517
2024-10-08,ASML,810.6730346679688,0.008577574122712095,0.008540995754075548
2024-10-09,ASML,831.9564208984375,0.02625397086161363,0.025915251069695992
2024-10-10,ASML,820.2230224609375,-0.014103381069923149,-0.014203778831834902
2024-10-11,ASML,826.832275390625,0.008057872979299718,0.008025581671015405
2024-10-14,ASML,857.8916625976562,0.03756431398660354,0.03687596058613191
2024-10-15,ASML,718.3897705078125,-0.16261015017611724,-0.17746554653111987
2024-10-16,ASML,672.2529296875,-0.06422257486726113,-0.0663776244435444
2024-10-17,ASML,689.0514526367188,0.02498839678843434,0.02468129231989196
2024-10-18,ASML,711.3380126953125,0.0323438256654307,0.03183177597692174
2024-10-21,ASML,702.3289184570312,-0.01266499762067419,-0.01274588236546509
2024-10-22,ASML,709.026611328125,0.009536404802764187,0.009491220332281747
2024-10-23,ASML,696.9391479492188,-0.01704796856110158,-0.017194958154937618
2024-10-24,ASML,699.0931396484375,0.0030906452960162145,0.0030858790697946155
2024-10-25,ASML,699.968505859375,0.0012521453312754893,0.0012513620510957375
2024-10-28,ASML,696.9686889648438,-0.004285645524648718,-0.004294855225858931
2024-10-29,ASML,704.9841918945312,0.011500520836297934,0.011434892540308522
2024-10-30,ASML,674.1189575195312,-0.04378145599556593,-0.044768789541210816
2024-10-31,ASML,662.9990844726562,-0.01649541660687215,-0.016632980876004563
2024-11-01,ASML,665.1480712890625,0.0032413118912759664,0.0032360701635498024
2024-11-04,ASML,661.6288452148438,-0.005290891195697922,-0.005304937527502451
2024-11-05,ASML,666.8536376953125,0.00789686320095706,0.00786584616128855
2024-11-06,ASML,652.037109375,-0.02221856113962184,-0.02246911157004531
2024-11-07,ASML,667.5929565429688,0.023857303433050925,0.023577164790746577
2024-11-08,ASML,659.962890625,-0.011429218722557977,-0.011495034203103497
2024-11-11,ASML,661.7767333984375,0.002748401158919389,0.0027446312104283366
2024-11-12,ASML,659.677001953125,-0.003172869850726956,-0.003177914074875531
2024-11-13,ASML,663.8468627929688,0.0063210644413824735,0.006301170304282694
2024-11-14,ASML,683.1193237304688,0.029031486051490862,0.028618055073277696
2024-11-15,ASML,649.2767944335938,-0.049541168169659144,-0.050810430111228405
2024-11-18,ASML,655.7830810546875,0.010020821130330981,0.009970945621208016
2024-11-19,ASML,652.7566528320312,-0.004614983689101737,-0.00462566560357143
2024-11-20,ASML,649.0796508789062,-0.005633036350027321,-0.005648961732953492
2024-11-21,ASML,662.6146240234375,0.020852561201393005,0.02063812248793965
2024-11-22,ASML,663.3243408203125,0.0010710853204016768,0.0010705121177826487
2024-11-25,ASML,674.749755859375,0.017224477282008044,0.017077817667980052
2024-11-26,ASML,662.4273681640625,-0.01826215954627275,-0.01843097118388554
2024-11-27,ASML,660.9584350585938,-0.0022175006288461807,-0.002219962924133335
2024-11-29,ASML,676.8594360351562,0.02405749005253699,0.02377266767080826
2024-12-02,ASML,701.366455078125,0.03620695485391123,0.03556688725974683
2024-12-03,ASML,707.8628540039062,0.009262488787060041,0.009219854998909703
2024-12-04,ASML,709.6962890625,0.0025900992660135014,0.002586750739673732
2024-12-05,ASML,701.39599609375,-0.011695556390346362,-0.011764487394733283
2024-12-06,ASML,698.9117431640625,-0.003541869277160048,-0.0035481565463287472
2024-12-09,ASML,696.4866943359375,-0.0034697497242591746,-0.003475783266464248
2024-12-10,ASML,695.2544555664062,-0.0017692208330069015,-0.0017707877526088162
2024-12-11,ASML,704.284423828125,0.012988004879971982,0.012904384011811092
2024-12-12,ASML,702.9732666015625,-0.0018616870999869084,-0.0018634221932175828
2024-12-13,ASML,708.3754272460938,0.007684731271001777,0.007655354131275644
2024-12-16,ASML,712.1215209960938,0.005288288675629804,0.0052743547797926725
2024-12-17,ASML,724.7496337890625,0.01773308686880437,0.017577690103992443
2024-12-18,ASML,709.2725219726562,-0.0213551150560648,-0.02158643469219732
2024-12-19,ASML,700.173583984375,-0.012828549966908298,-0.012911546393970377
2024-12-20,ASML,695.65869140625,-0.006448247522325534,-0.006469127277331125
2024-12-23,ASML,710.8004150390625,0.0217660237985442,0.021532526039100434
2024-12-24,ASML,709.489501953125,-0.0018442773220179731,-0.001845980095351137
2024-12-26,ASML,705.694091796875,-0.005349494454536363,-0.005363854234600224
2024-12-27,ASML,703.4563598632812,-0.003170965946301063,-0.0031760041122048575
2024-12-30,ASML,686.2640380859375,-0.024439784410627996,-0.024743392900563325
2024-12-31,ASML,683.2376098632812,-0.0044100055586436815,-0.0044197583168648765
2025-01-02,ASML,690.473388671875,0.010590428138230967,0.01053474236656855
2025-01-03,ASML,704.21533203125,0.019902205624184433,0.01970674586066691
2025-01-06,ASML,757.5963745117188,0.0758021588744675,0.07306657761690599
2025-01-07,ASML,746.8215942382812,-0.014222322909586249,-0.014324429428180806
2025-01-08,ASML,733.4147338867188,-0.017951891663278374,-0.018114981668055516
2025-01-10,ASML,728.5153198242188,-0.006680277660275014,-0.006702690587233301
2025-01-13,ASML,717.0800170898438,-0.015696722393063967,-0.015821220466366904
2025-01-14,ASML,725.8338623046875,0.012207626772769098,0.01213371461708178
2025-01-15,ASML,715.9857788085938,-0.013567958189252605,-0.013660844072044903
2025-01-16,ASML,739.625244140625,0.033016668810611716,0.032483326319618235
2025-01-17,ASML,745.5892944335938,0.00806361105197051,0.008031273860415949
2025-01-21,ASML,752.1646118164062,0.008818953587319989,0.008780293742789486
2025-01-22,ASML,755.822021484375,0.004862512288548615,0.004850728459573887
2025-01-23,ASML,735.6426391601562,-0.026698590078902518,-0.027061470952056046
2025-01-24,ASML,721.851318359375,-0.018747310265383788,-0.018925268758456685
2025-01-27,ASML,680.3492431640625,-0.05749393834957384,-0.05921292822131487
2025-01-28,ASML,673.6456909179688,-0.009853104583342986,-0.009901967651862973
2025-01-29,ASML,702.5297241210938,0.04287718839819954,0.04198342066599483
2025-01-30,ASML,726.5240478515625,0.03415417584001457,0.03358387119926255
2025-01-31,ASML,728.81103515625,0.0031478480463935643,0.0031429039455336417
2025-02-03,ASML,720.67822265625,-0.011159013938717877,-0.011221742833056164
2025-02-04,ASML,721.0232543945312,0.0004787597674444921,0.00047864519855288906
2025-02-05,ASML,732.0445556640625,0.015285639127945005,0.015169990763216509
2025-02-06,ASML,728.633544921875,-0.004659567120328112,-0.004670456743657529
2025-02-07,ASML,717.365966796875,-0.015463984884484194,-0.015584799433401823
2025-02-10,ASML,733.5133666992188,0.022509291839483136,0.02225969626710747
2025-02-11,ASML,743.8564453125,0.014100736377613332,0.01400224577460266
2025-02-12,ASML,747.0078125,0.004236526022404874,0.004227577211712268
2025-02-13,ASML,767.5756225585938,0.02753359431377267,0.02716136204966216
2025-02-14,ASML,742.44384765625,-0.03274175750732011,-0.033289763863586994
2025-02-18,ASML,735.2025756835938,-0.009753292448332007,-0.009801167351411701
2025-02-19,ASML,735.7754516601562,0.0007792083372801795,0.000778904912074472
2025-02-20,ASML,734.0863647460938,-0.0022956554343466218,-0.0022982944909666347
2025-02-21,ASML,728.2775268554688,-0.007913017009428036,-0.007944491075019983
2025-02-24,ASML,727.042724609375,-0.0016955105719455021,-0.0016969495767906065
2025-02-25,ASML,721.3425903320312,-0.007840164111959647,-0.007871059789347268
2025-02-26,ASML,737.8797607421875,0.022925542775096952,0.022666701109614072
2025-02-27,ASML,689.2462768554688,-0.06590976806004456,-0.06818223734679633
2025-02-28,ASML,700.4883422851562,0.016310665443093786,0.016179075491142447
2025-03-03,ASML,691.380126953125,-0.013002665115479428,-0.01308793977061862
2025-03-04,ASML,699.6388549804688,0.011945278299709816,0.011874496576912124
2025-03-05,ASML,730.7866821289062,0.044519864679766874,0.04355732019626651
2025-03-06,ASML,706.1785888671875,-0.03367342873577173,-0.03425343640996188
2025-03-07,ASML,723.3480224609375,0.024313160812893253,0.024022300969914513
2025-03-10,ASML,674.8330688476562,-0.067070002414918,-0.06942511033325881
2025-03-11,ASML,681.8470458984375,0.010393647517538351,0.010340004937724004
2025-03-12,ASML,694.8475341796875,0.01906657564838432,0.018887086403141698
2025-03-13,ASML,686.1740112304688,-0.012482627515485678,-0.012561189972222794
2025-03-14,ASML,705.3487548828125,0.02794443295507354,0.027561112026379512
2025-03-17,ASML,721.48095703125,0.022871242114998358,0.022613616012880713
2025-03-18,ASML,722.2515258789062,0.0010680376802001401,0.0010674677337370769
2025-03-19,ASML,726.00537109375,0.005197420954252241,0.005183960979922127
2025-03-20,ASML,725.165771484375,-0.0011564647353918822,-0.0011571339567376633
2025-03-21,ASML,707.5418090820312,-0.024303356688041733,-0.02460355716116673
2025-03-24,ASML,719.0210571289062,0.016224126828304763,0.01609392210024319
2025-03-25,ASML,717.9343872070312,-0.0015113186339967832,-0.001512461827968932
2025-03-26,ASML,697.2086181640625,-0.028868611689708668,-0.029293507475712893
2025-03-27,ASML,682.2619018554688,-0.021437939691497876,-0.021671070234374833
2025-03-28,ASML,666.4064331054688,-0.023239563438731792,-0.023513860116820058
2025-03-31,ASML,654.6011962890625,-0.017714770191208373,-0.017873554748685894
2025-04-01,ASML,659.2542114257812,0.007108167786885611,0.007083023843508477
2025-04-02,ASML,660.9039306640625,0.002502402274705773,0.0024992764797118986
2025-04-03,ASML,615.668701171875,-0.06844448548934501,-0.07089949381813813
2025-04-04,ASML,598.2127685546875,-0.028352801732427824,-0.028762505154641
2025-04-07,ASML,608.378173828125,0.01699295937463452,0.016850194106996657
2025-04-08,ASML,588.1561279296875,-0.033239269205194266,-0.033804248691005755
2025-04-09,ASML,678.9328002929688,0.15434111463365285,0.14352971767688757
2025-04-10,ASML,641.6796264648438,-0.05487019306189034,-0.05643299908239842
2025-04-11,ASML,660.7063598632812,0.029651453176501752,0.029220349998775007
2025-04-14,ASML,664.7171630859375,0.006070477698271626,0.006052126577792382
2025-04-15,ASML,674.8823852539062,0.015292552580975727,0.015176800107529352
2025-04-16,ASML,627.23681640625,-0.07059832926255871,-0.07321426468122727
2025-04-17,ASML,632.4034423828125,0.008237121676250903,0.008203381742828824
2025-04-21,ASML,617.120849609375,-0.024165891184675936,-0.024462677491765356
2025-04-22,ASML,630.9512939453125,0.02241124140383821,0.022163799693987775
2025-04-23,ASML,650.007568359375,0.03020244921744175,0.02975533556589832
2025-04-24,ASML,666.8213500976562,0.02586705533401612,0.02553816265508176
2025-04-25,ASML,669.0639038085938,0.003363050254178379,0.003357407847597904
2025-04-28,ASML,666.666748046875,-0.0035828502301097354,-0.0035892840101059403
2025-04-29,ASML,660.0770263671875,-0.009884581312917362,-0.009933758116543177
2025-04-30,ASML,662.0291137695312,0.0029573630415336005,0.0029529986460711736
2025-05-01,ASML,660.681396484375,-0.00203573718606187,-0.002037812115492802
2025-05-02,ASML,684.07763671875,0.03541228852344158,0.03479969379792944
2025-05-05,ASML,677.1707153320312,-0.010096692269971785,-0.010148009582992317
2025-05-06,ASML,673.8311767578125,-0.004931605130888306,-0.004943805624009671
2025-05-07,ASML,694.0465087890625,0.030000588765449532,0.029559373858322323
2025-05-08,ASML,701.6173706054688,0.010908291765080014,0.01084922550359865
2025-05-09,ASML,699.8137817382812,-0.0025706160405223333,-0.0025739257471428917
2025-05-12,ASML,743.4053955078125,0.06229030480259068,0.060427242152553524
2025-05-13,ASML,756.9813232421875,0.01826180952735945,0.018097065345429663
2025-05-14,ASML,761.9458618164062,0.006558336938823572,0.006536924615621339
2025-05-15,ASML,751.491455078125,-0.013720668701262984,-0.013815667037428541
2025-05-16,ASML,741.3242797851562,-0.013529329208289864,-0.013621684532427543
2025-05-19,ASML,742.3450317382812,0.001376930421624456,0.0013759833222250907
2025-05-20,ASML,741.9783935546875,-0.0004938918803500947,-0.0004940138851179291
2025-05-21,ASML,730.4933471679688,-0.015478949908090844,-0.015599999626297564
2025-05-22,ASML,733.9913940429688,0.004788608806036931,0.004777179890104033
2025-05-23,ASML,725.855712890625,-0.011084164226409787,-0.011146051310703701
2025-05-27,ASML,749.9356689453125,0.033174576747205364,0.032636175613932665
2025-05-28,ASML,739.748779296875,-0.013583684668264984,-0.01367678698925471
2025-05-29,ASML,740.3037109375,0.0007501622931402885,0.0007498810620444508
2025-05-30,ASML,730.0969848632812,-0.013787214522122615,-0.013883140889738407
2025-06-02,ASML,739.7685546875,0.013246965848009662,0.013159992046603411
2025-06-03,ASML,740.482177734375,0.0009646571787258473,0.0009641921959982049
2025-06-04,ASML,736.0525512695312,-0.005982083834072727,-0.006000048176200911
2025-06-05,ASML,740.9874877929688,0.006704598081924695,0.006682222222619633
2025-06-06,ASML,746.1997680664062,0.007034235205458428,0.007009610383416928
2025-06-09,ASML,763.2242431640625,0.022814902692573913,0.022558534814250422
2025-06-10,ASML,777.8603515625,0.019176681728244382,0.018995126578983005
2025-06-11,ASML,776.9884643554688,-0.0011208788380586698,-0.001121507492551057
2025-06-12,ASML,779.0891723632812,0.0027036540491693906,0.002700005750905415
2025-06-13,ASML,754.1075439453125,-0.03206517213195215,-0.032590520554691325
2025-06-16,ASML,768.2086181640625,0.01869902288071068,0.01852634543084844
2025-06-17,ASML,752.9778442382812,-0.019826351287468236,-0.020025530450459655
2025-06-18,ASML,754.74169921875,0.0023425058173565105,0.00233976642779426
2025-06-20,ASML,749.6780395507812,-0.006709129326245344,-0.006731736708374328
2025-06-23,ASML,772.6578979492188,0.03065296992320521,0.03019255276100662
2025-06-24,ASML,805.9932861328125,0.043143787531418676,0.04223902608679059
2025-06-25,ASML,807.8562622070312,0.002311403961138936,0.00230873677617374
2025-06-26,ASML,790.8616333007812,-0.021036698855092517,-0.021261123216649646
2025-06-27,ASML,788.740966796875,-0.002681463374389903,-0.002685064937050311
2025-06-30,ASML,794.1317749023438,0.006834700278547823,0.006811449595445302
2025-07-01,ASML,783.310546875,-0.013626489166328137,-0.013720181878565418
2025-07-02,ASML,792.3480834960938,0.011537616411714025,0.011471565675369349
2025-07-03,ASML,787.3041381835938,-0.006365820044953563,-0.006386168278805671
2025-07-07,ASML,777.9793701171875,-0.011843921064507046,-0.011914619079881542
2025-07-08,ASML,786.90771484375,0.011476325812106891,0.011410972321713553
2025-07-09,ASML,792.5858154296875,0.007215713455122286,0.007189804753311871
2025-07-10,ASML,794.825439453125,0.0028257180230046863,0.0028217331867493485
2025-07-11,ASML,794.6668090820312,-0.00019957888011601366,-0.00019959879863096187
2025-07-14,ASML,799.42333984375,0.005985566161009537,0.005967723822141869
2025-07-15,ASML,815.5657958984375,0.02019262542152278,0.019991457919028722
2025-07-16,ASML,747.6167602539062,-0.08331521011088716,-0.08699160639694613
2025-07-17,ASML,738.1632080078125,-0.012644917488049745,-0.012725544862604491
2025-07-18,ASML,727.9268798828125,-0.013867296573377375,-0.013964345781831877
2025-07-21,ASML,713.1618041992188,-0.020283734660232255,-0.020492274401523455
2025-07-22,ASML,699.0903930664062,-0.01973102183818265,-0.019928277464777832
2025-07-23,ASML,710.4366455078125,0.016230021974180442,0.016099723112658813
2025-07-24,ASML,718.5128784179688,0.011367984691138089,0.011303854714580019
2025-07-25,ASML,704.8081665039062,-0.01907371784934142,-0.01925796785639353
2025-07-28,ASML,723.37841796875,0.026347951609242415,0.026006823377668232
2025-07-29,ASML,713.78857421875,-0.01325702220551217,-0.013345680963628542
2025-07-30,ASML,716.729248046875,0.00411981073155121,0.004111347547833295
2025-07-31,ASML,690.1641235351562,-0.03706437903031046,-0.03776872199435248
2025-08-01,ASML,685.30615234375,-0.007038863693062947,-0.007063753359522092
2025-08-04,ASML,694.78369140625,0.013829642459923575,0.013734885590906408
2025-08-05,ASML,685.117431640625,-0.013912617531451232,-0.014010305113050497
2025-08-06,ASML,686.4387817382812,0.0019286476108075767,0.0019267901578689083
2025-08-07,ASML,708.4536743164062,0.03207116667035659,0.031567624633638734
2025-08-08,ASML,717.593505859375,0.012901099781559955,0.012818589485086636
2025-08-11,ASML,716.5901489257812,-0.0013982246569973489,-0.0013992030852410795
2025-08-12,ASML,736.93603515625,0.02839264014579146,0.02799703977740711
2025-08-13,ASML,750.6259155273438,0.01857675526504976,0.018406314930197225
2025-08-14,ASML,750.2682495117188,-0.00047649036387686916,-0.0004766039214844728
2025-08-15,ASML,737.3035888671875,-0.017280033711900677,-0.01743107603436574
2025-08-18,ASML,742.6583251953125,0.007262593603202472,0.0072363479679242015
2025-08-19,ASML,738.744140625,-0.0052705052074695224,-0.005284443315525005
2025-08-20,ASML,744.5856323242188,0.007907327284216059,0.00787622820465217
2025-08-21,ASML,730.587890625,-0.018799371209359594,-0.018978325759605782
2025-08-22,ASML,749.9503784179688,0.026502612541804638,0.026157502570353458
2025-08-25,ASML,749.523193359375,-0.0005696177652378953,-0.000569780059070359
2025-08-26,ASML,758.2059936523438,0.011584431769285697,0.011517845985172822
2025-08-27,ASML,764.9614868164062,0.008909838778141,0.00887038037011657
2025-08-28,ASML,758.4642944335938,-0.008493489534816101,-0.00852976476529271
2025-08-29,ASML,737.7606811523438,-0.027296754024144332,-0.027676232034222977
2025-09-02,ASML,721.100341796875,-0.022582308573894427,-0.022841193812549048
2025-09-03,ASML,731.99853515625,0.015113282753712598,0.015000214890318907
2025-09-04,ASML,748.4999389648438,0.02254294648973776,0.022292609509739506
2025-09-05,ASML,776.5849609375,0.037521742502073074,0.036834929531633406
2025-09-08,ASML,791.039794921875,0.018613332360859713,0.018442224289894248
2025-09-09,ASML,799.8616333007812,0.011152205534460613,0.01109047819696701
2025-09-10,ASML,787.9500732421875,-0.014892025773805995,-0.015004025313967063
2025-09-11,ASML,798.89794921875,0.013894123940512149,0.013798485457593155
2025-09-12,ASML,808.54443359375,0.012074739188445038,0.012002421091287662
2025-09-15,ASML,861.624755859375,0.0656492334375467,0.06358422228693296
2025-09-16,ASML,872.6719970703125,0.0128214064600769,0.012739908104711371
2025-09-17,ASML,866.5623168945312,-0.007001118629098135,-0.007025741452300021
2025-09-18,ASML,921.7288818359375,0.06366139383847735,0.06171710139710491
2025-09-19,ASML,926.0504760742188,0.004688574182110106,0.004677617053704262
2025-09-22,ASML,951.5325927734375,0.027516984611081208,0.027145197286748624
2025-09-23,ASML,957.2052612304688,0.00596161235055237,0.0059439122522218085
2025-09-24,ASML,940.7437133789062,-0.017197510835242902,-0.017347105610647277
2025-09-25,ASML,943.3366088867188,0.0027562187989538245,0.002752427392951854
2025-09-26,ASML,945.2937622070312,0.002074713630187963,0.002072564384064411
2025-09-29,ASML,956.3111572265625,0.011654996002309792,0.011587599700016573
2025-09-30,ASML,961.75537109375,0.005692931454419625,0.00567678796037178
2025-10-01,ASML,996.7051391601562,0.0363395610951045,0.03569485180997888
2025-10-02,ASML,1023.4291381835938,0.026812341958982744,0.026459189770213727
2025-10-03,ASML,1025.4656982421875,0.001989937537061115,0.0019879602340655187
2025-10-06,ASML,1036.47314453125,0.01073409506327816,0.010676893637816737
2025-10-07,ASML,995.7413940429688,-0.0392984137632455,-0.040091442441800774
2025-10-08,ASML,981.3462524414062,-0.014456707020197745,-0.014562223389970402
2025-10-09,ASML,974.123779296875,-0.007359760254408765,-0.007386976910844906
2025-10-10,ASML,930.0640258789062,-0.04523013846327739,-0.046284950226459586
2025-10-13,ASML,978.216796875,0.05177360875837511,0.05047789035647968
2025-10-14,ASML,976.7465209960938,-0.0015030163902349791,-0.0015041470524475439
2025-10-15,ASML,1003.2022705078125,0.027085583560347848,0.026725261028753024
2025-10-16,ASML,1012.9182739257812,0.009684989461846705,0.009638390582926615
2025-10-17,ASML,1022.5348510742188,0.009493931935067534,0.009449147791884417
2025-10-20,ASML,1035.3306884765625,0.012513839884187083,0.012436188926556273
2025-10-21,ASML,1018.3128051757812,-0.016437147560865006,-0.01657373629194735
2025-10-22,ASML,1004.9507446289062,-0.013121764234879096,-0.01320861517824323
2025-10-23,ASML,1029.6282958984375,0.024555980879086503,0.024259329350487007
2025-10-24,ASML,1026.33984375,-0.0031938245690578126,-0.0031989357123782514
2025-10-27,ASML,1053.0439453125,0.026018771194665558,0.025686042092586903
2025-10-28,ASML,1045.593017578125,-0.0070756094914574685,-0.007100760324830551
2025-10-29,ASML,1065.72021484375,0.019249552098430156,0.019066623274823714
2025-10-30,ASML,1070.308349609375,0.0043051963373874624,0.004295955492576322
2025-10-31,ASML,1054.1658935546875,-0.015082061221496579,-0.015196952165360789
2025-11-03,ASML,1061.7196044921875,0.007165580848028208,0.007140030058475092
2025-11-04,ASML,1025.2149658203125,-0.0343825606284579,-0.03498754870372341
2025-11-05,ASML,1038.759765625,0.013211668046466452,0.013125155113881083
2025-11-06,ASML,1024.2794189453125,-0.013940034220496611,-0.014038109008202144
2025-11-07,ASML,1012.0979614257812,-0.011892709444532579,-0.011963993450513136
2025-11-10,ASML,1033.82373046875,0.021466073316028345,0.02123892211119213
2025-11-11,ASML,1017.5318603515625,-0.015758847119712094,-0.015884337890293553
2025-11-12,ASML,1032.37060546875,0.0145830766537971,0.014477766190523862
2025-11-13,ASML,1014.984130859375,-0.01684131116991716,-0.016984738669519016
2025-11-14,ASML,1002.1655883789062,-0.012629303346462617,-0.012709730877946782
2025-11-17,ASML,1015.1234741210938,0.012929884933634561,0.012847007603176178
2025-11-18,ASML,999.2595825195312,-0.015627548772131017,-0.015750946200322736
2025-11-19,ASML,1034.3609619140625,0.03512738832689166,0.03452449965262206
2025-11-20,ASML,976.3496704101562,-0.056084184960497385,-0.05771829579689609
2025-11-21,ASML,961.9488525390625,-0.014749652002283287,-0.014859509699558614
2025-11-24,ASML,983.0972900390625,0.021984991659565578,0.021746806409070202
2025-11-25,ASML,998.423583984375,0.015589803878620634,0.01546953129289034
2025-11-26,ASML,1035.9930419921875,0.03762877661391495,0.03693808745772196
2025-11-28,ASML,1054.93212890625,0.018281094704693412,0.018116004477322697
2025-12-01,ASML,1082.7884521484375,0.026405796618469424,0.026063181827182463
2025-12-02,ASML,1103.47900390625,0.01910858184418096,0.018928305820077644
2025-12-03,ASML,1135.46533203125,0.02898680265938025,0.028574631365759898
2025-12-04,ASML,1104.772705078125,-0.027030879840442612,-0.027402934031965077
2025-12-05,ASML,1094.21337890625,-0.009557917319407583,-0.009603887364246054
2025-12-08,ASML,1114.336669921875,0.018390646105734598,0.018223583326630294
2025-12-09,ASML,1106.126220703125,-0.007368014927953137,-0.007395292821822987
2025-12-10,ASML,1113.968505859375,0.0070898646189445635,0.007064849694147713
2025-12-11,ASML,1117.4716796875,0.0031447691830590596,0.003139834738870499
2025-12-12,ASML,1075.6824951171875,-0.03739619117864246,-0.03811336531505806
2025-12-15,ASML,1082.619140625,0.006448599414139222,0.0064278961539590345
2025-12-16,ASML,1070.9053955078125,-0.01081982081937427,-0.010878780756988726
2025-12-17,ASML,1010.5752563476562,-0.05633563843568867,-0.05798472524958419
2025-12-18,ASML,1031.3555908203125,0.02056287677946811,0.020354315068362334
2025-12-19,ASML,1050.97119140625,0.019019241045986623,0.018840636344936608
2025-12-22,ASML,1051.9266357421875,0.0009091061141828227,0.0009086931274995932
2025-12-23,ASML,1056.7633056640625,0.004597915631694649,0.004587377507540411
2025-12-24,ASML,1060.4259033203125,0.0034658637715929697,0.0034598715073408705
2025-12-26,ASML,1067.6212158203125,0.006785304355043209,0.006762387782987286
2025-12-29,ASML,1060.903564453125,-0.00629216736014937,-0.006312046477554416
2025-12-30,ASML,1067.01416015625,0.005759803160124921,0.005743278914475902
2025-12-31,ASML,1064.7451171875,-0.002126535010948394,-0.0021287992971502144
2026-01-02,ASML,1158.216064453125,0.08778715746781396,0.08414550196885248
2026-01-05,ASML,1222.3179931640625,0.0553453977010796,0.05386810453308724
2026-01-06,ASML,1236.2510986328125,0.011398920368244747,0.011334442200495171
2026-01-07,ASML,1222.5966796875,-0.011045020676149986,-0.01110646980723429
2026-01-08,ASML,1188.6099853515625,-0.02779877853473689,-0.028192477978583014
2026-01-09,ASML,1267.78955078125,0.06661526186511724,0.06449032797484677
2026-01-12,ASML,1275.1044921875,0.0057698388519942245,0.005753257083984106
2026-01-13,ASML,1264.08740234375,-0.00864014667915547,-0.00867768915120722
2026-01-14,ASML,1257.67822265625,-0.005070202958764369,-0.0050831000501690374
2026-01-15,ASML,1325.233642578125,0.05371439109376963,0.052321437206619116
2026-01-16,ASML,1352.07470703125,0.020253835694140854,0.020051454859701175
2026-01-20,ASML,1319.7301025390625,-0.023922202171214768,-0.024212984855639955
2026-01-21,ASML,1353.58740234375,0.025654715111482762,0.02533115512891204
2026-01-22,ASML,1388.33056640625,0.025667470015118266,0.025343590916647528
2026-01-23,ASML,1382.3990478515625,-0.004272410835152507,-0.004281563661383579
2026-01-26,ASML,1406.5927734375,0.01750126030796806,0.017349876965755538
2026-01-27,ASML,1447.6356201171875,0.029178911945768826,0.028761311462103197
2026-01-28,ASML,1416.1170654296875,-0.021772436550676066,-0.02201295355016423
2026-01-29,ASML,1448.2030029296875,0.022657687194994836,0.022404814350171946
2026-01-30,ASML,1416.1966552734375,-0.022100732833381653,-0.022348613059199815
2026-02-02,ASML,1434.4989013671875,0.01292352020858023,0.012840724103058946
2026-02-03,ASML,1389.206298828125,-0.031573814727843375,-0.032083014556253356
2026-02-04,ASML,1332.727783203125,-0.04065524009835175,-0.041504769327049496
2026-02-05,ASML,1343.7049560546875,0.008236620403590189,0.008202884565354849
2026-02-06,ASML,1406.2545166015625,0.04655007058285299,0.04549910751458031
2026-02-09,ASML,1422.655517578125,0.01166289656882169,0.011595409215803435
2026-02-10,ASML,1408.7171630859375,-0.009797420612345897,-0.009845731142377932
2026-02-11,ASML,1430.65087890625,0.01556999261105374,0.015450023947774746
2026-02-12,ASML,1401.9906005859375,-0.020033034434105756,-0.020236416491897648
2026-02-13,ASML,1401.7315673828125,-0.00018476101267494993,-0.00018477808309351652
2026-02-17,ASML,1414.8558349609375,0.009362896494247819,0.009319336267700536
2026-02-18,ASML,1463.6259765625,0.034470043093054015,0.03388925992342362
2026-02-19,ASML,1453.8701171875,-0.006665541286656307,-0.006687855218542042
2026-02-20,ASML,1464.4930419921875,0.007306653241651029,0.007280088969654062
2026-02-23,ASML,1480.836181640625,0.011159588458136582,0.011097779666204278
2026-02-24,ASML,1492.6053466796875,0.007947648217254688,0.007916232008034877
2026-02-25,ASML,1521.2156982421875,0.019168061823002347,0.01898666882887046
2026-02-26,ASML,1458.72314453125,-0.04108066580114156,-0.04194832213197661
2026-02-27,ASML,1445.5291748046875,-0.009044875839549604,-0.009086029067532869
2026-03-02,ASML,1418.602783203125,-0.018627359496359297,-0.0188030337426075
2026-03-03,ASML,1356.2198486328125,-0.04397491342111659,-0.04497112508372916
2026-03-04,ASML,1394.5166015625,0.028237864951094815,0.02784652640652667
2026-03-05,ASML,1363.6141357421875,-0.022159984173503178,-0.022409205327969885
2026-03-06,ASML,1288.3162841796875,-0.055219324579322326,-0.05680246792725907
2026-03-09,ASML,1352.712158203125,0.04998452229022354,0.04877542338480959
2026-03-10,ASML,1378.60205078125,0.019139247341811272,0.01895839587801223
2026-03-11,ASML,1381.87060546875,0.002370919646933478,0.002368113451581253
2026-03-12,ASML,1346.892333984375,-0.02531226248387408,-0.025638128495657383
2026-03-13,ASML,1341.022705078125,-0.0043579050516134865,-0.004367428397796475
2026-03-16,ASML,1370.7891845703125,0.022196849747188496,0.021954085511242106
2026-03-17,ASML,1384.342041015625,0.009886900624738182,0.009838345003519735
2026-03-18,ASML,1350.469970703125,-0.02446799223669438,-0.024772307808562783
2026-03-19,ASML,1361.6510009765625,0.008279362381983235,0.00824527647175611
2026-03-20,ASML,1312.681396484375,-0.03596340358657757,-0.03662602200770799
2026-03-23,ASML,1364.8697509765625,0.039757061105580194,0.03898709077491022
2026-03-24,ASML,1394.5665283203125,0.021757956993699867,0.02152463104504096
2026-03-25,ASML,1389.0556640625,-0.003951668239485229,-0.003959496710909814
2026-03-26,ASML,1324.888916015625,-0.0461945116434066,-0.04729551893390435
2026-03-27,ASML,1297.95263671875,-0.020330971880934134,-0.020540490769043133
2026-03-30,ASML,1249.6109619140625,-0.03724455996090603,-0.037955855782081646
2026-03-31,ASML,1316.2489013671875,0.053326948533689134,0.05195367739369042
2026-04-01,ASML,1355.0439453125,0.029473942128283026,0.029047935973807688
2026-04-02,ASML,1312.6614990234375,-0.03127754375470704,-0.031777130981708146
2026-04-06,ASML,1299.4873046875,-0.01003624647004464,-0.010086949119763582
2026-04-07,ASML,1301.9188232421875,0.0018711368290529329,0.001869388433188604
2026-04-08,ASML,1416.1214599609375,0.0877187077104773,0.08408257429905863
2026-04-09,ASML,1443.61572265625,0.01941518681319243,0.01922911660878421
2026-04-10,ASML,1473.1529541015625,0.020460591403759443,0.020254085573318512
2026-04-13,ASML,1494.996826171875,0.014827972892763608,0.014719113294857368
2026-04-14,ASML,1513.0341796875,0.012065145022288615,0.0119929413451186
2026-04-15,ASML,1476.630859375,-0.02405981358598175,-0.02435397885887741
2026-04-16,ASML,1405.9368896484375,-0.04787518104320565,-0.04905914043567073
2026-04-17,ASML,1454.737060546875,0.03471007216450528,0.034121263962857404
2026-04-20,ASML,1471.379150390625,0.011439929795624915,0.01137498861118178
2026-04-21,ASML,1453.909912109375,-0.011872696630649049,-0.011943739970540934
2026-04-22,ASML,1438.653076171875,-0.010493659758715634,-0.010549106439797746
2026-04-23,ASML,1412.8826904296875,-0.017912856246594333,-0.018075233471847908
2026-04-24,ASML,1452.644287109375,0.02814217836273092,0.027753463269929838
2026-04-27,ASML,1430.5897216796875,-0.015182357873429586,-0.015298789846511477
2026-04-28,ASML,1382.771728515625,-0.033425371676736426,-0.03399676828802162
2026-04-29,ASML,1392.279296875,0.006875732388295974,0.006852202336344091
2026-04-30,ASML,1437.13134765625,0.03221483712493711,0.03170682090251655
2026-05-01,ASML,1425.1768798828125,-0.008318284750335136,-0.008353074743977534
2026-05-04,ASML,1384.41943359375,-0.028598166911333767,-0.029015062013732607
2026-05-05,ASML,1441.0562744140625,0.04091017465226665,0.040095498351985295
2026-05-06,ASML,1542.7447509765625,0.0705652363255882,0.06818676724275823
2026-05-07,ASML,1514.64111328125,-0.0182166477490997,-0.018384613856701808
2026-05-08,ASML,1589.9637451171875,0.049729689215131545,0.04853269218363294
2026-05-11,ASML,1563.78759765625,-0.016463361218974293,-0.01660038838374834
2026-05-12,ASML,1518.9754638671875,-0.028656151165430188,-0.029074755111653933
2026-05-13,ASML,1579.537109375,0.039870061728072725,0.03909576470146468
2026-05-14,ASML,1582.46337890625,0.0018526120810216096,0.001850898111813786
2026-05-15,ASML,1499.8702392578125,-0.05219276524776406,-0.053604136272215386
2026-05-18,ASML,1470.48828125,-0.019589666651664284,-0.019784087452741243
2026-05-19,ASML,1457.554931640625,-0.008795275538259206,-0.008834182272449037
2026-05-20,ASML,1548.1278076171875,0.06214028302495156,0.060286007340036626
2026-05-21,ASML,1589.9437255859375,0.027010636824043255,0.026652288072964395
2026-05-22,ASML,1630.7908935546875,0.02569095202013938,0.025366485019179683
2026-05-26,ASML,1629.9219970703125,-0.0005328068042378398,-0.0005329487962215977
2026-05-27,ASML,1595.80615234375,-0.02093096773212688,-0.021153125895804474
2026-05-28,ASML,1603.6959228515625,0.004944065728926361,0.004931883971068882
2026-05-29,ASML,1610.6768798828125,0.00435304282549831,0.004343595740366646
2026-06-01,ASML,1626.4664306640625,0.009803052976335547,0.00975531478563772
2026-06-02,ASML,1703.167236328125,0.04715793957871406,0.04607977015711729
2026-06-03,ASML,1724.130126953125,0.012308181004112129,0.012233051190339891
2026-06-04,ASML,1755.199951171875,0.018020579614635324,0.01786013365546474
2026-06-05,ASML,1639.6195068359375,-0.06585030056476993,-0.0681185758284913
2026-06-08,ASML,1746.7808837890625,0.06535746647703666,0.06331039211798525
2026-06-09,ASML,1775.4737548828125,0.0164261421452645,0.016292692464932514
2026-06-10,ASML,1731.949951171875,-0.0245139099303725,-0.02481937830343682
2026-06-11,ASML,1897.0264892578125,0.09531253369893466,0.09103974144737448
2026-06-12,ASML,1861.14306640625,-0.018915615071670056,-0.019096803821287686
2026-06-15,ASML,1890.2154541015625,0.015620716225458908,0.01549996865675263
2026-06-16,ASML,1801.56005859375,-0.046902269958400744,-0.04803783069956191
2026-06-17,ASML,1865.4173583984375,0.03544555703268237,0.034831823969795214
2026-06-18,ASML,1927.1876220703125,0.03311337454525898,0.03257693682107613
2026-06-22,ASML,1926.7581787109375,-0.00022283422457525237,-0.00022285905580997454
2026-06-23,ASML,1776.162841796875,-0.07815995726812774,-0.0813835599214018
2026-06-24,ASML,1760.4931640625,-0.008822207832319351,-0.008861353914486713
2026-06-25,ASML,1838.8018798828125,0.044481124618290346,0.043520230638454484
2026-06-26,ASML,1792.302001953125,-0.025288139216309125,-0.025613379062460383
2026-06-29,ASML,1880.677734375,0.049308505109947554,0.04813138065726303
2026-06-30,ASML,1986.870361328125,0.056465084374711205,0.05492850913667748
2026-07-01,ASML,1840.6595458984375,-0.07358850294185915,-0.0764367617717833
2026-07-02,ASML,1767.03466796875,-0.03999918295251648,-0.040821143429488636
2026-07-06,ASML,1822.712646484375,0.03150927343130627,0.031023043727542065
2026-07-07,ASML,1745.023193359375,-0.04262298463493208,-0.04355800965986435
2026-07-08,ASML,1766.3656005859375,0.012230443301716631,0.012156255715558218
2026-07-09,ASML,1801.9195556640625,0.02012831039413987,0.019928413888773255
2026-07-10,ASML,1794.9984130859375,-0.0038409831095785885,-0.003848378628652482
2026-07-13,ASML,1723.8106689453125,-0.03965894544621906,-0.04046679245179126
2026-07-14,ASML,1773.3465576171875,0.02873626991889,0.02833112654718946
2026-07-15,ASML,1812.9254150390625,0.02231873812361651,0.022073319991326806
2026-07-16,ASML,1782.5645751953125,-0.01674687750080206,-0.016888691983221033
2026-07-17,ASML,1745.32275390625,-0.02089227050020448,-0.021113602158537255
2026-07-20,ASML,1736.7738037109375,-0.004898205891247787,-0.004910241419472161
2026-07-21,ASML,1799.18310546875,0.03593404139587064,0.03530347520418444
2026-07-22,ASML,1799.5325927734375,0.00019424776923782083,0.00019422890558266965
2026-07-23,ASML,1800.671142578125,0.0006326919608234949,0.0006324918956468211
2026-07-24,ASML,1754.8204345703125,-0.025463121457128146,-0.025792917197085014
2026-07-27,ASML,1653.1220703125,-0.05795371552230333,-0.059700871347751684
2026-07-28,ASML,1582.949951171875,-0.042448238034448305,-0.04337549989444902
2026-07-29,ASML,1550.68994140625,-0.0203796776655778,-0.02059020857580039
2026-07-30,ASML,1651.43994140625,0.06497107984632589,0.06294764371881033
2026-07-31,ASML,1629.0,-0.013588106260250532,-0.013681269479889449
2022-01-04,INTC,49.28556442260742,-0.0013155358139725903,-0.0013164018908649543
2022-01-05,INTC,49.962608337402344,0.013737164679489045,0.013643665138714128
2022-01-06,INTC,50.09245681762695,0.0025989131581707348,0.002595541823309917
2022-01-07,INTC,49.56380081176758,-0.010553605062416205,-0.01060968929521747
2022-01-10,INTC,51.20541763305664,0.03312128598699604,0.03258459465577247
2022-01-11,INTC,51.854644775390625,0.0126788760319545,0.0125991720805403
2022-01-12,INTC,51.696983337402344,-0.0030404496775784384,-0.003045081235093597
2022-01-13,INTC,50.95500183105469,-0.014352510696902465,-0.014456504223333824
2022-01-14,INTC,51.65987777709961,0.0138333023396211,0.013738495539696877
2022-01-18,INTC,50.78805923461914,-0.016876124760537792,-0.01702014923691195
2022-01-19,INTC,49.730743408203125,-0.020818197079192746,-0.02103795101520964
2022-01-20,INTC,48.265350341796875,-0.029466542544476226,-0.029909402515448914
2022-01-21,INTC,48.265350341796875,0.0,0.0
2022-01-24,INTC,48.172611236572266,-0.001921442703054388,-0.0019232910421161816
2022-01-25,INTC,47.30078125,-0.018098042937526704,-0.01826381567060274
2022-01-26,INTC,47.940738677978516,0.013529531882277679,0.013438824997760277
2022-01-27,INTC,44.56475830078125,-0.07041986565693059,-0.07302226322571152
2022-01-28,INTC,44.267967224121094,-0.006659770813902344,-0.006682046041237749
2022-01-31,INTC,45.278907775878906,0.02283684151656651,0.02257998404093873
2022-02-01,INTC,45.399478912353516,0.0026628543486828526,0.0026593152334151594
2022-02-02,INTC,45.918861389160156,0.011440273968988501,0.011375328891701552
2022-02-03,INTC,44.778076171875,-0.02484349965947663,-0.025157307695382804
2022-02-04,INTC,44.86685562133789,0.001982654393684058,0.0019806915284889897
2022-02-07,INTC,45.02573013305664,0.0035410217524400878,0.003534767095815772
2022-02-08,INTC,45.61448669433594,0.013076002533205955,0.012991249632015913
2022-02-09,INTC,46.6424674987793,0.022536279128424486,0.022286089115585796
2022-02-10,INTC,45.66120529174805,-0.021037956601608454,-0.021262407991392913
2022-02-11,INTC,44.511741638183594,-0.025173747521995082,-0.02549602645091904
2022-02-14,INTC,44.46501159667969,-0.0010498362855301258,-0.001050387749641809
2022-02-15,INTC,45.26870346069336,0.01807470267417366,0.017913297237760594
2022-02-16,INTC,45.072452545166016,-0.004335244893809431,-0.004344669315935824
2022-02-17,INTC,44.45566177368164,-0.013684428884057409,-0.013778923743440212
2022-02-18,INTC,42.09130096435547,-0.05318469492958722,-0.054651236421828155
2022-02-22,INTC,41.764217376708984,-0.007770812024163187,-0.007801162116067805
2022-02-23,INTC,41.72683334350586,-0.0008951211240456614,-0.0008955219841891248
2022-02-24,INTC,43.66131591796875,0.046360637015939954,0.04531808348260173
2022-02-25,INTC,44.58649444580078,0.021189891059863353,0.02096850725654739
2022-02-28,INTC,44.577152252197266,-0.000209529673046438,-0.0002095516274551684
2022-03-01,INTC,43.754764556884766,-0.018448636885994962,-0.018620935392871272
2022-03-02,INTC,45.67055892944336,0.04378481730984762,0.042853354528216175
2022-03-03,INTC,44.79209518432617,-0.019234792954347935,-0.019422188485636815
2022-03-04,INTC,44.92293167114258,0.0029209726912302614,0.0029167149396677763
2022-03-07,INTC,44.55846405029297,-0.008113175326973088,-0.0081462662370216
2022-03-08,INTC,44.3902473449707,-0.003775190839890752,-0.0037823348585199266
2022-03-09,INTC,44.511741638183594,0.002736959140342776,0.002733220487814007
2022-03-10,INTC,43.60523986816406,-0.02036545272454371,-0.020575687809508074
2022-03-11,INTC,42.82958221435547,-0.017788175369604975,-0.017948286526231594
2022-03-14,INTC,41.493202209472656,-0.031202265718923816,-0.03169942543191395
2022-03-15,INTC,41.876365661621094,0.00923436687807544,0.00919199079004805
2022-03-16,INTC,43.57720184326172,0.040615658851202774,0.0398125176670581
2022-03-17,INTC,44.053810119628906,0.010937101424764561,0.010877723884121253
2022-03-18,INTC,44.3435173034668,0.006576211752199912,0.006554682806089464
2022-03-21,INTC,44.287437438964844,-0.0012646688380213433,-0.0012654692065281789
2022-03-22,INTC,45.22197723388672,0.021101690433315667,0.02088213308020374
2022-03-23,INTC,45.109840393066406,-0.00247969787433977,-0.0024827774170575094
2022-03-24,INTC,48.24051284790039,0.06940109802106909,0.06709877029563738
2022-03-25,INTC,48.436763763427734,0.00406817639244661,0.004059923737465893
2022-03-28,INTC,48.13771438598633,-0.006174016474387201,-0.006193154527198278
2022-03-29,INTC,48.82926559448242,0.01436609978926251,0.01426388516493592
2022-03-30,INTC,48.06295394897461,-0.01569369590507219,-0.015818145719581247
2022-03-31,INTC,46.31538009643555,-0.03636010084595198,-0.03703760275363355
2022-04-01,INTC,44.960304260253906,-0.029257577792952794,-0.029694116522850224
2022-04-04,INTC,45.97895050048828,0.02265656910010927,0.022403721026852924
2022-04-05,INTC,44.979000091552734,-0.02174800420738021,-0.021987977727460934
2022-04-06,INTC,44.42762756347656,-0.012258443428130428,-0.012334197870053236
2022-04-07,INTC,44.44631576538086,0.0004206437059370849,0.0004205552601753121
2022-04-08,INTC,43.94166946411133,-0.011354063718878593,-0.011419013195342265
2022-04-11,INTC,43.52113342285156,-0.009570324623265236,-0.009616414478944265
2022-04-12,INTC,43.45571517944336,-0.00150313740160668,-0.0015042682459824469
2022-04-13,INTC,43.93232345581055,0.010967677655266073,0.010907968859869076
2022-04-14,INTC,42.680049896240234,-0.02850460574501401,-0.028918751035390232
2022-04-18,INTC,43.5865478515625,0.021239383682213564,0.02101697172282973
2022-04-19,INTC,44.79209518432617,0.027658701874469616,0.027283109840448957
2022-04-20,INTC,44.960304260253906,0.003755329489177228,0.003748295842997374
2022-04-21,INTC,44.3902473449707,-0.012679116048312622,-0.012760181998870995
2022-04-22,INTC,43.493099212646484,-0.02021047833665346,-0.020417504197629378
2022-04-25,INTC,43.97905731201172,0.011173223066704985,0.011111263706507545
2022-04-26,INTC,42.539878845214844,-0.03272417725069798,-0.033271588679248315
2022-04-27,INTC,42.25951385498047,-0.006590639133094545,-0.006612453294188176
2022-04-28,INTC,43.77345657348633,0.035824896701395215,0.03519811092403644
2022-04-29,INTC,40.73623275756836,-0.06938505783337245,-0.0719096832136806
2022-05-02,INTC,42.01652908325195,0.031428932893794226,0.03094515430040718
2022-05-03,INTC,42.1099853515625,0.002224273883389305,0.0022218038482468157
2022-05-04,INTC,43.493099212646484,0.032845270534691995,0.032317392407919074
2022-05-05,INTC,42.00957107543945,-0.03410950619898956,-0.03470481164984153
2022-05-06,INTC,41.72700119018555,-0.006726321598153784,-0.006749045254343166
2022-05-09,INTC,40.56843948364258,-0.0277652760442193,-0.02815801812342574
2022-05-10,INTC,41.4538459777832,0.02182500745431981,0.021590251537881695
2022-05-11,INTC,40.342376708984375,-0.02681221108879761,-0.02717821550948005
2022-05-12,INTC,40.35179901123047,0.00023355843196992687,0.00023353116144544608
2022-05-13,INTC,41.06765365600586,0.017740340265279375,0.01758481709113788
2022-05-16,INTC,40.57786178588867,-0.011926463445411817,-0.01199815429290111
2022-05-17,INTC,41.821189880371094,0.030640552255880582,0.030180504338798753
2022-05-18,INTC,39.890254974365234,-0.046171209177196304,-0.04727108818586655
2022-05-19,INTC,39.56999969482422,-0.00802840893714074,-0.00806081014881332
2022-05-20,INTC,39.23091125488281,-0.008569331376208189,-0.008606259212246307
2022-05-23,INTC,39.56058883666992,0.008403515779819681,0.008368402818826066
2022-05-24,INTC,39.249752044677734,-0.007857233704875122,-0.007888264416199157
2022-05-25,INTC,39.74897003173828,0.01271900995686015,0.0126388027379914
2022-05-26,INTC,40.95462417602539,0.03033170779832628,0.02988079680187344
2022-05-27,INTC,41.96247863769531,0.024609051650385183,0.024311126809908844
2022-05-31,INTC,41.840030670166016,-0.0029180346706045857,-0.0029223004342258455
2022-06-01,INTC,41.548038482666016,-0.006978775656304781,-0.007003241203959123
2022-06-02,INTC,42.235633850097656,0.01654940624257173,0.01641395717719728
2022-06-03,INTC,40.86985397338867,-0.03233714643792018,-0.03287154414793824
2022-06-06,INTC,40.82276153564453,-0.0011522536335657474,-0.0011529179881694842
2022-06-07,INTC,41.0017204284668,0.00438380173438313,0.004374220865773716
2022-06-08,INTC,38.83530807495117,-0.052837108562193924,-0.05428419273364169
2022-06-09,INTC,37.68616485595703,-0.029590166164674803,-0.030036787607965992
2022-06-10,INTC,36.90437698364258,-0.02074469172712534,-0.020962885697378607
2022-06-13,INTC,35.576271057128906,-0.03598776175255147,-0.03665128917473956
2022-06-14,INTC,35.72697067260742,0.004235958716317434,0.0042270122987331255
2022-06-15,INTC,36.40515899658203,0.018982530878124182,0.018804610696311435
2022-06-16,INTC,35.171241760253906,-0.03389402135131381,-0.03448174204113146
2022-06-17,INTC,34.82273483276367,-0.009908860479417969,-0.009958279968974368
2022-06-21,INTC,35.538597106933594,0.020557324908794694,0.020348875045115455
2022-06-22,INTC,35.208919525146484,-0.009276606524312947,-0.009319902204630814
2022-06-23,INTC,35.2371826171875,0.0008027253440943127,0.0008024033324183868
2022-06-24,INTC,36.36748123168945,0.032076872512237564,0.031573153153660244
2022-06-27,INTC,36.386322021484375,0.0005180669421369632,0.0005179327917892696
2022-06-28,INTC,35.585689544677734,-0.022003666002128663,-0.022249357422779458
2022-06-29,INTC,35.1241455078125,-0.012969933778739007,-0.013054777782365483
2022-06-30,INTC,35.2371826171875,0.0032182166353302843,0.0032130492596956772
2022-07-01,INTC,34.22932815551758,-0.028602016018679177,-0.029019024447032832
2022-07-05,INTC,34.558998107910156,0.009631213060763422,0.00958512859153684
2022-07-06,INTC,34.841575622558594,0.008176669756631672,0.00814342190730877
2022-07-07,INTC,35.924781799316406,0.031089471627008702,0.03061598267303491
2022-07-08,INTC,35.78349304199219,-0.003932905093578243,-0.003940659302538419
2022-07-11,INTC,35.03937530517578,-0.020794999972282735,-0.021014260999655844
2022-07-12,INTC,35.04879379272461,0.00026879724500794566,0.00026876112550088807
2022-07-13,INTC,35.04879379272461,0.0,0.0
2022-07-14,INTC,35.51976013183594,0.013437447859021345,0.013347966069874402
2022-07-15,INTC,36.37689208984375,0.02413113024486835,0.023844575298487977
2022-07-18,INTC,36.461673736572266,0.002330645689002875,0.002327933946928377
2022-07-19,INTC,37.883975982666016,0.039008144726695226,0.03826655109184695
2022-07-20,INTC,38.2042236328125,0.008453380138690125,0.008417850411247237
2022-07-21,INTC,38.25132369995117,0.001232849739111641,0.001232090403905425
2022-07-22,INTC,36.9232177734375,-0.034720522012036126,-0.035337605078034184
2022-07-25,INTC,36.88554000854492,-0.0010204355731878723,-0.0010209565720280419
2022-07-26,INTC,36.6971435546875,-0.005107596467715525,-0.005120684824270743
2022-07-27,INTC,37.84629821777344,0.03131455344401468,0.030834253986670314
2022-07-28,INTC,37.40359115600586,-0.01169749969257694,-0.01176645369586013
2022-07-29,INTC,34.20106887817383,-0.08562071659041237,-0.089509822696957
2022-08-01,INTC,34.813316345214844,0.017901413234243435,0.017743069857395318
2022-08-02,INTC,33.91849136352539,-0.02570352599609338,-0.026039633561899377
2022-08-03,INTC,34.39887237548828,0.014162805969591963,0.014063450436326428
2022-08-04,INTC,33.927921295166016,-0.013690887165762278,-0.013785471650659907
2022-08-05,INTC,33.671024322509766,-0.007571845337098537,-0.007600657289913095
2022-08-08,INTC,33.66151428222656,-0.0002824398863578992,-0.0002824797800144855
2022-08-09,INTC,32.84328842163086,-0.024307458474253196,-0.02460776112646831
2022-08-10,INTC,33.65199661254883,0.024623240539621172,0.02432497481463753
2022-08-11,INTC,33.86131286621094,0.006220024804830082,0.0062007602931011315
2022-08-12,INTC,34.356056213378906,0.014610873155531223,0.01450516278485973
2022-08-15,INTC,34.574886322021484,0.006369476964511511,0.00634927757377337
2022-08-16,INTC,34.43217086791992,-0.004127720125305601,-0.004136262677636028
2022-08-17,INTC,34.04207992553711,-0.011329257858273878,-0.011393922767615937
2022-08-18,INTC,34.441688537597656,0.011738666172414813,0.011670302509377737
2022-08-19,INTC,33.66151428222656,-0.022652032710865244,-0.022912531404029157
2022-08-22,INTC,32.19631576538086,-0.04352740950870815,-0.04450314655916324
2022-08-23,INTC,32.300968170166016,0.0032504465898450796,0.0032451753079198852
2022-08-24,INTC,32.21534729003906,-0.002650721788767796,-0.002654241172415541
2022-08-25,INTC,33.195316314697266,0.030419322065207366,0.029965828196412816
2022-08-26,INTC,31.73963165283203,-0.043852109980368814,-0.04484268122177787
2022-08-29,INTC,31.340024948120117,-0.012590149409508311,-0.012670076915369442
2022-08-30,INTC,30.693058013916016,-0.020643472214048386,-0.020859527276579165
2022-08-31,INTC,30.369571685791016,-0.010539397148968788,-0.010595329940822809
2022-09-01,INTC,30.217350006103516,-0.005012309072462862,-0.0050249128271631855
2022-09-02,INTC,29.703575134277344,-0.0170026448951478,-0.017148849474549373
2022-09-06,INTC,28.885345458984375,-0.027546504809407568,-0.02793302448837338
2022-09-07,INTC,29.1612606048584,0.009552080526985751,0.0095067478580299
2022-09-08,INTC,29.25640296936035,0.003262628656255817,0.003257317831745097
2022-09-09,INTC,29.931915283203125,0.02308938370004765,0.022826857248438703
2022-09-12,INTC,30.027057647705078,0.003178626011792307,0.0031735848599302925
2022-09-13,INTC,27.867319107055664,-0.07192641270379285,-0.07464425268435443
2022-09-14,INTC,27.762662887573242,-0.0037555180345971717,-0.003762587698167853
2022-09-15,INTC,27.439178466796875,-0.011651779301082854,-0.011720193230097152
2022-09-16,INTC,27.81974983215332,0.013869634100633244,0.013774330927971073
2022-09-19,INTC,28.01003646850586,0.006839983734598931,0.006816697172020671
2022-09-20,INTC,27.553348541259766,-0.016304438866389437,-0.016438818892421925
2022-09-21,INTC,27.08714485168457,-0.016920037463942994,-0.017064816735335903
2022-09-22,INTC,26.70657730102539,-0.014049747684481861,-0.014149379693406234
2022-09-23,INTC,26.183290481567383,-0.019593930497335488,-0.019788436504151675
2022-09-26,INTC,25.66000747680664,-0.01998537980278392,-0.02018778886021235
2022-09-27,INTC,25.583892822265625,-0.002966275618189629,-0.002970683732991666
2022-09-28,INTC,25.812232971191406,0.008925152654136292,0.008885558891710863
2022-09-29,INTC,25.098663330078125,-0.027644630432000383,-0.028033934788047752
2022-09-30,INTC,24.51829719543457,-0.02312338816657411,-0.023394927818325733
2022-10-03,INTC,25.66000747680664,0.04656564329372204,0.045513987447654336
2022-10-04,INTC,26.35454750061035,0.02706702343837919,0.02670719019807966
2022-10-05,INTC,26.297462463378906,-0.002166041258349183,-0.002168390518725267
2022-10-06,INTC,25.859806060791016,-0.01664253359796053,-0.01678257651376478
2022-10-07,INTC,24.470722198486328,-0.053715942766130564,-0.055212483085438954
2022-10-10,INTC,23.97597885131836,-0.02021776648662099,-0.020424942710608872
2022-10-11,INTC,23.82375144958496,-0.006349163163573146,-0.006369404823901049
2022-10-12,INTC,24.09966278076172,0.011581355344502775,0.01151480478627304
2022-10-13,INTC,25.136720657348633,0.04303204928721138,0.0421319035304441
2022-10-14,INTC,24.651493072509766,-0.01930353570989829,-0.019492281882396066
2022-10-17,INTC,25.136720657348633,0.019683496793140298,0.01949228188239602
2022-10-18,INTC,24.61343765258789,-0.020817473046459756,-0.02103721158922853
2022-10-19,INTC,24.73712158203125,0.005025057092354457,0.005012473630434641
2022-10-20,INTC,24.813236236572266,0.0030769406330728444,0.0030722165392665524
2022-10-21,INTC,25.66000747680664,0.03412578803349797,0.03355642055716939
2022-10-24,INTC,25.859806060791016,0.007786380583285846,0.007756223165589646
2022-10-25,INTC,26.07863426208496,0.008462097541626079,0.008426494703020966
2022-10-26,INTC,25.888347625732422,-0.007296648836752628,-0.007323399585523092
2022-10-27,INTC,24.99401092529297,-0.03454591669460216,-0.035156735670250135
2022-10-28,INTC,27.658004760742188,0.10658528730790295,0.10127895599126732
2022-10-31,INTC,27.049089431762695,-0.022015880546950695,-0.02226184685722206
2022-11-01,INTC,26.925405502319336,-0.0045725727572227814,-0.004583058946151039
2022-11-02,INTC,26.088150024414062,-0.031095371166579233,-0.031589094191690655
2022-11-03,INTC,26.059606552124023,-0.0010941163809364829,-0.0010947153632080684
2022-11-04,INTC,27.192636489868164,0.04347839770634576,0.042559745554035355
2022-11-07,INTC,27.395130157470703,0.007446636065538748,0.0074190467515878504
2022-11-08,INTC,27.462631225585938,0.002463980558852219,0.0024609499359980265
2022-11-09,INTC,26.536922454833984,-0.033707941644335326,-0.034289152622191565
2022-11-10,INTC,28.69690704345703,0.08139544411373834,0.0782522850049217
2022-11-11,INTC,29.342973709106445,0.022513459888588105,0.02226377255339959
2022-11-14,INTC,29.265830993652344,-0.002629001280472165,-0.0026324631732166657
2022-11-15,INTC,29.61296844482422,0.011861527227679636,0.01179173070039738
2022-11-16,INTC,28.475122451782227,-0.038423908604841905,-0.039181578868073004
2022-11-17,INTC,28.822261810302734,0.01219096982316148,0.012117258421512386
2022-11-18,INTC,28.802976608276367,-0.0006691078636816838,-0.0006693318162528274
2022-11-21,INTC,27.906200408935547,-0.03113484455225146,-0.03162983523946412
2022-11-22,INTC,28.7547607421875,0.030407591173904347,0.029954443551513447
2022-11-23,INTC,28.61012077331543,-0.005030122495850331,-0.005042816146983199
2022-11-25,INTC,28.29191017150879,-0.011122308931440616,-0.011184624300773563
2022-11-28,INTC,27.703697204589844,-0.02079085375830514,-0.021010026743091166
2022-11-29,INTC,27.867626190185547,0.005917224130234322,0.005899786115478012
2022-11-30,INTC,28.995832443237305,0.0404844763365273,0.03968644731356462
2022-12-01,INTC,28.764408111572266,-0.007981296350711098,-0.008013317389837566
2022-12-02,INTC,28.359411239624023,-0.014079791608342052,-0.014179852206140908
2022-12-05,INTC,28.12798309326172,-0.008160541289339296,-0.008194020771275606
2022-12-06,INTC,27.578344345092773,-0.019540638457672288,-0.019734080872365237
2022-12-07,INTC,27.317989349365234,-0.009440559319648378,-0.009485403861318313
2022-12-08,INTC,27.424060821533203,0.0038828433092727987,0.0038753245297345816
2022-12-09,INTC,27.231204986572266,-0.007032358782165016,-0.0070572023583265085
2022-12-12,INTC,27.665130615234375,0.015934866961490712,0.01580923977996059
2022-12-13,INTC,27.703697204589844,0.0013940505068221754,0.001393079720526408
2022-12-14,INTC,27.250492095947266,-0.016359011770006426,-0.016494297863367327
2022-12-15,INTC,26.180143356323242,-0.03927814352325798,-0.04007034325092212
2022-12-16,INTC,25.958358764648438,-0.008471481177784956,-0.00850756812558942
2022-12-19,INTC,25.8330020904541,-0.0048291448365778145,-0.004840842832577099
2022-12-20,INTC,25.49550437927246,-0.013064595047834304,-0.0131506875341319
2022-12-21,INTC,25.871572494506836,0.0147503696981226,0.0146426410611423
2022-12-22,INTC,25.04229164123535,-0.03205374754269619,-0.03257871756805934
2022-12-23,INTC,25.15800666809082,0.004620784252225896,0.004610141202237813
2022-12-27,INTC,25.01336669921875,-0.00574926188629743,-0.005765852512211233
2022-12-28,INTC,24.627655029296875,-0.015420222098048164,-0.01554035025819494
2022-12-29,INTC,25.273719787597656,0.026233303882656545,0.025895112597499756
2022-12-30,INTC,25.485858917236328,0.008393664700784287,0.008358633785895223
2023-01-03,INTC,25.775142669677734,0.011350755467211648,0.011286819005576295
2023-01-04,INTC,26.69120979309082,0.03554071979941975,0.034923724884706075
2023-01-05,INTC,26.57549476623535,-0.004335323417427928,-0.004344748181458772
2023-01-06,INTC,27.703697204589844,0.04245273505830993,0.041576335589454325
2023-01-09,INTC,28.262981414794922,0.02018807114713983,0.0199869937772236
2023-01-10,INTC,28.388338088989258,0.004435366260712836,0.004425559012245601
2023-01-11,INTC,28.783695220947266,0.013926744521594703,0.013830658497719828
2023-01-12,INTC,29.207977294921875,0.014740361538633895,0.014632778331212326
2023-01-13,INTC,29.034404754638672,-0.005942641578038366,-0.005960369340551479
2023-01-17,INTC,28.54262351989746,-0.01693787900585908,-0.01708296551722306
2023-01-18,INTC,27.780841827392578,-0.02668926673730021,-0.027051891908141185
2023-01-19,INTC,27.404775619506836,-0.013536890286561909,-0.013629349339373212
2023-01-20,INTC,28.176197052001953,0.028149160686651076,0.027760254451497924
2023-01-23,INTC,29.188688278198242,0.03593427545696226,0.03530370114623849
2023-01-24,INTC,28.8511905670166,-0.011562620011044689,-0.011629986897080967
2023-01-25,INTC,28.63905143737793,-0.007352872636084418,-0.0073800382495322085
2023-01-26,INTC,29.015117645263672,0.01313123825724638,0.013045770929681951
2023-01-27,INTC,27.154062271118164,-0.06414088672321139,-0.06629033383724856
2023-01-30,INTC,26.95156478881836,-0.007457355009279243,-0.00748530009879851
2023-01-31,INTC,27.250492095947266,0.011091278353267509,0.01103022117876225
2023-02-01,INTC,28.031553268432617,0.02866227772090446,0.028259198628213994
2023-02-02,INTC,29.11154556274414,0.038527736367993004,0.0378040720832901
2023-02-03,INTC,29.23689842224121,0.004305949995918157,0.004296705920086466
2023-02-06,INTC,28.002229690551758,-0.04222981226867106,-0.04314741733448178
2023-02-07,INTC,28.353593826293945,0.012547719936057078,0.012469649688979874
2023-02-08,INTC,27.56301498413086,-0.027882844305610943,-0.02827895123513809
2023-02-09,INTC,27.06524085998535,-0.01805949474076385,-0.018224557738760045
2023-02-10,INTC,27.133562088012695,0.00252431627639238,0.002521135541723117
2023-02-13,INTC,27.865581512451172,0.026978375418016842,0.026620874656595774
2023-02-14,INTC,27.95342445373535,0.003152381415221006,0.0031474230785735317
2023-02-15,INTC,28.158390045166016,0.007332396492955473,0.007305645161776155
2023-02-16,INTC,27.523975372314453,-0.022530218234563915,-0.02278790139540772
2023-02-17,INTC,26.948116302490234,-0.020922089270703936,-0.021144057667850737
2023-02-21,INTC,25.435272216796875,-0.0561391404397924,-0.05777651823395654
2023-02-22,INTC,24.859418869018555,-0.022639952223434068,-0.02290017100305037
2023-02-23,INTC,24.996061325073242,0.005496607011396426,0.005481555795633547
2023-02-24,INTC,24.53732681274414,-0.01835227183848165,-0.018522763946053723
2023-02-27,INTC,24.303083419799805,-0.009546410443646014,-0.009592269512864002
2023-02-28,INTC,24.332365036010742,0.001204851899042625,0.0012041266474820055
2023-03-01,INTC,24.722774505615234,0.01604486325216259,0.015917504925664332
2023-03-02,INTC,25.571918487548828,0.034346629733678524,0.033769951759348105
2023-03-03,INTC,25.767122268676758,0.00763352116983218,0.007604533273459667
2023-03-06,INTC,25.366952896118164,-0.015530231447112408,-0.01565208878643743
2023-03-07,INTC,24.917980194091797,-0.017699118371251932,-0.0178576207869566
2023-03-08,INTC,25.35719108581543,0.017626263778304674,0.017472722801227143
2023-03-09,INTC,25.80616569519043,0.017706007256701017,0.01755108197586608
2023-03-10,INTC,26.56746482849121,0.029500668262494534,0.029073896599138505
2023-03-13,INTC,26.303939819335938,-0.009919087532682669,-0.009968609428229714
2023-03-14,INTC,27.33852767944336,0.03933204938930479,0.03857824661325289
2023-03-15,INTC,27.728939056396484,0.01428062921057327,0.014179621525024647
2023-03-16,INTC,29.45650863647461,0.062302043960805964,0.060438292891978655
2023-03-17,INTC,29.095378875732422,-0.012259761168539107,-0.012335531965271674
2023-03-20,INTC,28.46095848083496,-0.02180485078428085,-0.02204608977721569
2023-03-21,INTC,27.777738571166992,-0.024005513030351255,-0.024298341181669316
2023-03-22,INTC,27.455652236938477,-0.01159512439802557,-0.011662872057130416
2023-03-23,INTC,28.334075927734375,0.03199427510281749,0.03149311966299342
2023-03-24,INTC,28.656166076660156,0.011367589673553002,0.011303464136997765
2023-03-27,INTC,28.480480194091797,-0.006130823017230225,-0.006149693680664117
2023-03-28,INTC,28.58784294128418,0.003769695821865149,0.003762608324791657
2023-03-29,INTC,30.76438331604004,0.07613517323521735,0.07337607953263482
2023-03-30,INTC,31.320720672607422,0.01808381305265172,0.01792224583229069
2023-03-31,INTC,31.88681411743164,0.018074087462467414,0.017912692948222203
2023-04-03,INTC,32.10154342651367,0.00673410985152767,0.006711537015753195
2023-04-04,INTC,32.30651092529297,0.006384973334646826,0.006364675746295923
2023-04-05,INTC,32.04298400878906,-0.008157083787639463,-0.008190534828421503
2023-04-06,INTC,32.02346420288086,-0.0006091756592597752,-0.0006093612821401476
2023-04-10,INTC,31.74041175842285,-0.008838907704199706,-0.008878202569387884
2023-04-11,INTC,31.57448387145996,-0.005227653888858597,-0.005241365880021765
2023-04-12,INTC,31.252397537231445,-0.010200842412491418,-0.010253227558360159
2023-04-13,INTC,31.35976219177246,0.0034354053769189985,0.0034295178520370073
2023-04-14,INTC,31.125516891479492,-0.007469613412898424,-0.007497650680791549
2023-04-17,INTC,31.36952018737793,0.007839333134584292,0.007808765213401644
2023-04-18,INTC,31.066953659057617,-0.009645239280454687,-0.00969205588227921
2023-04-19,INTC,30.40325355529785,-0.0213635398901193,-0.02159504340251466
2023-04-20,INTC,30.120206832885742,-0.009309751073098171,-0.009353357660956556
2023-04-21,INTC,29.57362937927246,-0.018146537194974388,-0.018313204975367398
2023-04-24,INTC,28.948972702026367,-0.02112208377386049,-0.02134834675455918
2023-04-25,INTC,28.187671661376953,-0.02629803304198508,-0.026650010913182698
2023-04-26,INTC,28.353593826293945,0.005886338073972208,0.005869081272475646
2023-04-27,INTC,29.14417839050293,0.027883046115862342,0.027501392191077785
2023-04-28,INTC,30.315412521362305,0.04018758446939241,0.039401066570734014
2023-05-01,INTC,29.57362937927246,-0.024468845395626215,-0.02477318236654562
2023-05-02,INTC,29.056337356567383,-0.017491665161247894,-0.017646451978263904
2023-05-03,INTC,29.91524314880371,0.029560015830494724,0.029131541882228124
2023-05-04,INTC,30.61595916748047,0.023423377011889013,0.023153259625417224
2023-05-05,INTC,30.370952606201172,-0.008002576693384666,-0.008034769173807726
2023-05-08,INTC,30.15534782409668,-0.007099045752699595,-0.007124363872146638
2023-05-09,INTC,29.49873161315918,-0.021774453233559088,-0.022015015120536136
2023-05-10,INTC,29.371326446533203,-0.004319004908303947,-0.004328358752585155
2023-05-11,INTC,28.28350067138672,-0.037036998554584644,-0.03774028802030111
2023-05-12,INTC,28.3717041015625,0.0031185471416914634,0.0031136945596071655
2023-05-15,INTC,29.204723358154297,0.029360917257907015,0.028938140989548243
2023-05-16,INTC,28.636308670043945,-0.019463108112326766,-0.01965500846694854
2023-05-17,INTC,28.29330062866211,-0.01197808157937097,-0.01205039684408044
2023-05-18,INTC,29.087120056152344,0.028056798247358516,0.027670416720065066
2023-05-19,INTC,29.33212661743164,0.008423197649210845,0.008387920479179072
2023-05-22,INTC,29.675134658813477,0.011693937021872491,0.011626091350104138
2023-05-23,INTC,28.920516967773438,-0.025429292898454303,-0.02575820535364816
2023-05-24,INTC,28.420705795288086,-0.017282235066624074,-0.017433316099963778
2023-05-25,INTC,26.8526668548584,-0.05517241379310345,-0.05675281659244948
2023-05-26,INTC,28.420705795288086,0.058394160583941535,0.05675281659244942
2023-05-30,INTC,29.390928268432617,0.034137873989934064,0.03356810761299128
2023-05-31,INTC,30.81196403503418,0.048349468707588494,0.04721699281982643
2023-06-01,INTC,30.508153915405273,-0.009860134825662725,-0.009909067878415688
2023-06-02,INTC,30.684560775756836,0.005782285642084828,0.005765632393516682
2023-06-05,INTC,29.263525009155273,-0.04631110013229489,-0.04741776148387275
2023-06-06,INTC,30.341550827026367,0.03683854961197697,0.03617622726337671
2023-06-07,INTC,30.65515899658203,0.010335930794820092,0.010282880299817573
2023-06-08,INTC,31.184371948242188,0.017263422176970744,0.017116102383242123
2023-06-09,INTC,30.713960647583008,-0.015084841260870618,-0.015199774779497535
2023-06-12,INTC,32.409400939941406,0.055200965834792726,0.05373123773024632
2023-06-13,INTC,33.23262023925781,0.025400633008981988,0.02508339769610232
2023-06-14,INTC,34.86927032470703,0.04924830102670752,0.048074004003859604
2023-06-15,INTC,35.104469299316406,0.006745164794650815,0.0067225179513530405
2023-06-16,INTC,35.64347839355469,0.015354429364604405,0.01523774303281176
2023-06-20,INTC,34.300846099853516,-0.0376683857528326,-0.03839617436178487
2023-06-21,INTC,32.2427978515625,-0.05999992659947251,-0.06187532563242298
2023-06-22,INTC,32.05659484863281,-0.005775026217852419,-0.005791766161950375
2023-06-23,INTC,32.34080505371094,0.008865888795117849,0.008826817567343678
2023-06-26,INTC,32.674007415771484,0.010302846868133653,0.010250134291916388
2023-06-27,INTC,33.418827056884766,0.02279547873132226,0.022539543943429052
2023-06-28,INTC,32.899417877197266,-0.015542412030301822,-0.015664461597602066
2023-06-29,INTC,32.252601623535156,-0.01966041636592053,-0.01985625342727392
2023-06-30,INTC,32.772010803222656,0.016104411847150946,0.015976111442159033
2023-07-03,INTC,32.94841766357422,0.005382851281564127,0.005368415518144997
2023-07-05,INTC,31.86058807373047,-0.03301614059137015,-0.03357347507597431
2023-07-06,INTC,31.331375122070312,-0.01661026941610344,-0.016749766824843474
2023-07-07,INTC,31.213773727416992,-0.00375347057686215,-0.003760532524294225
2023-07-10,INTC,32.08599853515625,0.02794358719186607,0.027560289254711812
2023-07-11,INTC,32.63480758666992,0.017104315794079117,0.01695968387517562
2023-07-12,INTC,33.30122756958008,0.02042052741203726,0.020214824107907363
2023-07-13,INTC,33.193416595458984,-0.0032374474453180646,-0.0032426993164665764
2023-07-14,INTC,32.4878044128418,-0.021257594275899794,-0.02148679086523407
2023-07-17,INTC,33.683433532714844,0.036802398360919586,0.03614135984710931
2023-07-18,INTC,33.81083679199219,0.003782371507750293,0.0037752363269158294
2023-07-19,INTC,33.77163314819336,-0.0011594993652482843,-0.0011601721047148916
2023-07-20,INTC,32.70341110229492,-0.03163074883618955,-0.03214180662824145
2023-07-21,INTC,33.34042739868164,0.019478588774551886,0.019291309119388755
2023-07-24,INTC,32.95821762084961,-0.01146385357516877,-0.011530070095324649
2023-07-25,INTC,33.418827056884766,0.01397555660727745,0.013878798968456512
2023-07-26,INTC,33.67363357543945,0.007624639791245835,0.007595719138617343
2023-07-27,INTC,33.85983657836914,0.005529637973654911,0.005514405652609631
2023-07-28,INTC,36.094295501708984,0.06599142669127045,0.06390528320781305
2023-07-31,INTC,35.05546951293945,-0.02878089111672355,-0.029203183331670404
2023-08-01,INTC,35.08486557006836,0.0008385583629981763,0.0008382069693630923
2023-08-02,INTC,33.70303726196289,-0.03938531003762302,-0.0401818973820032
2023-08-03,INTC,34.17344284057617,0.01395736458281105,0.013860857522487764
2023-08-04,INTC,34.56195068359375,0.011368706537120632,0.011304568446610166
2023-08-07,INTC,34.65047073364258,0.0025611994779810576,0.002557925196132407
2023-08-08,INTC,34.44392013549805,-0.005960975241354749,-0.005978812775660568
2023-08-09,INTC,33.71609115600586,-0.021130840410412022,-0.021357292380538923
2023-08-10,INTC,34.109519958496094,0.011668873496332166,0.011601317221202176
2023-08-11,INTC,34.316062927246094,0.006055288054517272,0.006037028472084304
2023-08-14,INTC,35.09306335449219,0.022642470055303843,0.022389934246009893
2023-08-15,INTC,34.19803237915039,-0.02550449831924484,-0.0258353760731332
2023-08-16,INTC,32.978431701660156,-0.03566289030809244,-0.036314346651456886
2023-08-17,INTC,32.04405975341797,-0.0283328193619089,-0.02874193990720957
2023-08-18,INTC,32.211265563964844,0.005217997090054771,0.0052044305163359145
2023-08-21,INTC,32.5948486328125,0.011908351383646876,0.011838004890432982
2023-08-22,INTC,32.348960876464844,-0.00754376125864642,-0.007572359341128456
2023-08-23,INTC,33.42103576660156,0.0331409374857754,0.03260361595767376
2023-08-24,INTC,32.053897857666016,-0.04090650925611827,-0.04176672110904591
2023-08-25,INTC,32.70303726196289,0.020251496625444787,0.020049162223010626
2023-08-28,INTC,33.06695556640625,0.011127966541096601,0.011066506253118799
2023-08-29,INTC,33.745601654052734,0.02052339188842467,0.02031562499273497
2023-08-30,INTC,33.96198272705078,0.006412126688873476,0.006391656463058661
2023-08-31,INTC,34.56195068359375,0.01766586955081073,0.017511641806378774
2023-09-01,INTC,36.00776672363281,0.041832593688798214,0.0409812717762058
2023-09-05,INTC,36.10612106323242,0.0027314756939662566,0.0027277519934898998
2023-09-06,INTC,36.371681213378906,0.0073549897448526025,0.007328073705333245
2023-09-07,INTC,37.551937103271484,0.03244985798067623,0.03193448097469323
2023-09-08,INTC,37.384735107421875,-0.0044525531503152305,-0.0044624952880007685
2023-09-11,INTC,37.955196380615234,0.01525920329659125,0.015143952597692734
2023-09-12,INTC,38.22075653076172,0.006996674381116286,0.0069723112295978764
2023-09-13,INTC,38.07322311401367,-0.003860033922387318,-0.0038675030803258237
2023-09-14,INTC,38.033878326416016,-0.001033397868098418,-0.0010339321918196942
2023-09-15,INTC,37.25687789916992,-0.020429166349476335,-0.02064072808101343
2023-09-18,INTC,37.36506652832031,0.002903856556182305,0.0028996485091412443
2023-09-19,INTC,35.742210388183594,-0.043432443480508676,-0.04440386372035207
2023-09-20,INTC,34.119346618652344,-0.04540468403900866,-0.04646778123047551
2023-09-21,INTC,34.08000946044922,-0.001152928238714268,-0.0011535933717590086
2023-09-22,INTC,33.61773681640625,-0.013564334381404697,-0.013657170426990786
2023-09-25,INTC,33.72593307495117,0.0032184277941078587,0.0032132597410763483
2023-09-26,INTC,33.273502349853516,-0.013414920918338735,-0.013505713871095042
2023-09-27,INTC,34.04066848754883,0.02305636868728045,0.02279458680755584
2023-09-28,INTC,34.60129165649414,0.016469217375985723,0.016335070672473716
2023-09-29,INTC,34.9651985168457,0.010517146699732027,0.010462226247740061
2023-10-02,INTC,34.876686096191406,-0.0025314433896793664,-0.00253465291012065
2023-10-03,INTC,35.102901458740234,0.006486148423761273,0.006465203880567399
2023-10-04,INTC,35.338951110839844,0.0067245054479916355,0.006701996811188644
2023-10-05,INTC,35.29961013793945,-0.0011132467621067788,-0.0011138668815568172
2023-10-06,INTC,35.59467315673828,0.008358818061894091,0.00832407660627948
2023-10-09,INTC,35.46681594848633,-0.0035920320911205783,-0.0035984989290965266
2023-10-10,INTC,35.830726623535156,0.010260596146476342,0.01020831355937811
2023-10-11,INTC,36.27333068847656,0.01235263994480884,0.012276968611217352
2023-10-12,INTC,36.23398208618164,-0.0010847805136191546,-0.0010853693138517127
2023-10-13,INTC,35.378299713134766,-0.023615466028869103,-0.023898780438096675
2023-10-16,INTC,35.958587646484375,0.01640236919396587,0.016269303427276748
2023-10-17,INTC,35.46681594848633,-0.01367605710304165,-0.013770435845923875
2023-10-18,INTC,35.05372619628906,-0.01164721842516836,-0.011715578596008075
2023-10-19,INTC,35.083229064941406,0.0008416471472145748,0.0008412931608615126
2023-10-20,INTC,34.34556579589844,-0.021026093911638122,-0.021250290444878087
2023-10-23,INTC,33.29316711425781,-0.030641471679185517,-0.031120737256755824
2023-10-24,INTC,34.02099609375,0.02186121185150003,0.02162568202309219
2023-10-25,INTC,32.28995132446289,-0.050881660387513405,-0.05222178887097847
2023-10-26,INTC,31.985048294067383,-0.00944265995732585,-0.009487524521440837
2023-10-27,INTC,34.95537185668945,0.09286600211802742,0.08880360526350127
2023-10-30,INTC,35.102901458740234,0.004220513020305683,0.004211631635791797
2023-10-31,INTC,35.89957809448242,0.022695463982616904,0.02244175348472151
2023-11-01,INTC,36.67658233642578,0.02164382656248498,0.02141292474014096
2023-11-02,INTC,37.07984161376953,0.010995006940525354,0.010935001292731613
2023-11-03,INTC,37.51259994506836,0.011670986510851966,0.011603405861436638
2023-11-06,INTC,37.448455810546875,-0.001709935718009814,-0.0017113993267789136
2023-11-07,INTC,38.25762176513672,0.02160745849397494,0.021377326506306617
2023-11-08,INTC,37.418853759765625,-0.021924206646201982,-0.022168113633392238
2023-11-09,INTC,37.300437927246094,-0.003164603418367107,-0.003169621365102377
2023-11-10,INTC,38.346431732177734,0.028042400117978206,0.027656411433362952
2023-11-13,INTC,37.72475814819336,-0.016212032147510325,-0.01634488497370223
2023-11-14,INTC,38.889163970947266,0.03086582604929622,0.030399056943518347
2023-11-15,INTC,40.073307037353516,0.030449177752725154,0.02999480208535577
2023-11-16,INTC,42.77709197998047,0.06747097114063183,0.06529227244001426
2023-11-17,INTC,43.231014251708984,0.010611340105609601,0.010555434974014217
2023-11-20,INTC,44.14872360229492,0.021228031922699175,0.02100585599150616
2023-11-21,INTC,43.06325912475586,-0.02458654268959748,-0.02489383909190343
2023-11-22,INTC,43.09286117553711,0.0006874085097807736,0.0006871723527691431
2023-11-24,INTC,43.379032135009766,0.006640797377248875,0.006618844418849777
2023-11-27,INTC,43.4974479675293,0.002729794250618145,0.002726075129046481
2023-11-28,INTC,43.64546203613281,0.0034028219015056482,0.003397045403612102
2023-11-29,INTC,44.3460807800293,0.016052499188036196,0.01592502025048565
2023-11-30,INTC,44.109249114990234,-0.005340532035149281,-0.0053548436535379605
2023-12-01,INTC,43.16194152832031,-0.021476393402216964,-0.021710367145464905
2023-12-04,INTC,41.790306091308594,-0.03177881690312134,-0.03229472287175976
2023-12-05,INTC,41.365989685058594,-0.010153464904585796,-0.010205362924714067
2023-12-06,INTC,40.72458267211914,-0.015505660998874404,-0.015627131045313544
2023-12-07,INTC,41.592952728271484,0.021322994593799605,0.02109884037224969
2023-12-08,INTC,42.135684967041016,0.013048658562791138,0.01296425823218597
2023-12-11,INTC,43.95136642456055,0.04309130037733522,0.04218870850331331
2023-12-12,INTC,43.457977294921875,-0.011225797279489358,-0.011289282100731395
2023-12-13,INTC,43.9809684753418,0.012034411469975081,0.011962573715999453
2023-12-14,INTC,44.582908630371094,0.013686377901541258,0.013593565318038518
2023-12-15,INTC,45.549957275390625,0.02169101735907719,0.021459114718979704
2023-12-18,INTC,45.08616638183594,-0.01018202697207049,-0.010234218387212357
2023-12-19,INTC,46.04335021972656,0.02123010037678097,0.021007881447058056
2023-12-20,INTC,45.15523910522461,-0.019288585871005015,-0.01947703789458705
2023-12-21,INTC,46.457801818847656,0.028846325242298132,0.028438101911164547
2023-12-22,INTC,47.365638732910156,0.019541107812255376,0.019352631761664095
2023-12-26,INTC,49.83259963989258,0.05208334507834578,0.050772336536999335
2023-12-27,INTC,50.08916091918945,0.005148462676056953,0.005135254656693254
2023-12-28,INTC,49.724056243896484,-0.007289095456839534,-0.007315790715090717
2023-12-29,INTC,49.58590316772461,-0.002778395139250822,-0.0027822620432113292
2024-01-02,INTC,47.16828155517578,-0.048756228244370314,-0.049984917259339914
2024-01-03,INTC,46.428192138671875,-0.015690404485865672,-0.015814801827857952
2024-01-04,INTC,46.250572204589844,-0.003825691371990403,-0.0038330280471080944
2024-01-05,INTC,46.27030563354492,0.0004266634554872528,0.00042657246051702757
2024-01-08,INTC,47.8096923828125,0.033269431186803367,0.03272798012380609
2024-01-09,INTC,47.41497802734375,-0.008255948444685024,-0.008290217533272793
2024-01-10,INTC,46.842647552490234,-0.012070668355544933,-0.012144110468076653
2024-01-11,INTC,47.01039505004883,0.0035810848942861018,0.0035746880769246567
2024-01-12,INTC,46.49726867675781,-0.01091516828873107,-0.0109751757990136
2024-01-16,INTC,46.43806838989258,-0.0012731992340622167,-0.001274010440832022
2024-01-17,INTC,45.45127868652344,-0.021249585471214805,-0.021478608148442293
2024-01-18,INTC,46.122291564941406,0.014763344350462226,0.014655427032727503
2024-01-19,INTC,47.51365661621094,0.03016686734462115,0.02972079625050654
2024-01-22,INTC,47.58273696899414,0.0014539052075321912,0.0014528493106813296
2024-01-23,INTC,48.24387741088867,0.013894544198358005,0.013798899956256118
2024-01-24,INTC,48.44123458862305,0.004090823298747326,0.0040824786310825435
2024-01-25,INTC,48.8951530456543,0.009370497281624868,0.009326866521473045
2024-01-26,INTC,43.07312774658203,-0.11907162441308106,-0.12677895534418138
2024-01-29,INTC,43.260616302490234,0.00435279641198294,0.004343350394820715
2024-01-30,INTC,42.35277557373047,-0.0209853859319038,-0.021208709016467125
2024-01-31,INTC,42.51066207885742,0.003727890391790112,0.003720959029302411
2024-02-01,INTC,42.786964416503906,0.006499600903273173,0.006478569578279463
2024-02-02,INTC,42.03700256347656,-0.017527811642044533,-0.01768324265417545
2024-02-05,INTC,42.20476150512695,0.003990744615938624,0.003982802717025438
2024-02-06,INTC,42.29877853393555,0.0022276403290935054,0.0022251628170305853
2024-02-07,INTC,42.33836364746094,0.0009358453103707198,0.000935407680163084
2024-02-08,INTC,42.061256408691406,-0.00654506256020948,-0.006566575402143006
2024-02-09,INTC,42.862892150878906,0.019058768344871746,0.01887942514370481
2024-02-12,INTC,43.57545852661133,0.01662431861163638,0.016487647259045966
2024-02-13,INTC,42.714439392089844,-0.019759267340713427,-0.019957091912752082
2024-02-14,INTC,43.73380661010742,0.023864698507698456,0.02358438752375482
2024-02-15,INTC,43.595252990722656,-0.0031681124997874344,-0.0031731415928237714
2024-02-16,INTC,43.060829162597656,-0.012258761939946239,-0.012334520334836707
2024-02-20,INTC,44.060401916503906,0.02321304009571823,0.022947715626343297
2024-02-21,INTC,43.021244049072266,-0.02358484766890878,-0.023867422014416457
2024-02-22,INTC,42.53630065917969,-0.01127218425714116,-0.011336196821654265
2024-02-23,INTC,42.54619598388672,0.00023263247047067281,0.00023260541573330644
2024-02-26,INTC,42.54619598388672,0.0,0.0
2024-02-27,INTC,42.28887939453125,-0.006047934096221508,-0.0060662969251928925
2024-02-28,INTC,41.5565185546875,-0.017318047920145574,-0.017469759428224645
2024-02-29,INTC,42.60557556152344,0.025244102329106344,0.024930732851254047
2024-03-01,INTC,43.36763000488281,0.017886260972086898,0.017728183961042965
2024-03-04,INTC,45.13915252685547,0.04084895858439119,0.04003668648761949
2024-03-05,INTC,42.714439392089844,-0.05371640801902622,-0.05521297474859915
2024-03-06,INTC,44.05050277709961,0.03127896336753011,0.030799743962084257
2024-03-07,INTC,45.67357635498047,0.03684574466933532,0.03618316665851822
2024-03-08,INTC,43.54576873779297,-0.046587278400314625,-0.047707392898204894
2024-03-11,INTC,44.39689254760742,0.019545499700313496,0.019356939463006397
2024-03-12,INTC,44.772972106933594,0.008470853200432726,0.008435176854605113
2024-03-13,INTC,42.78371810913086,-0.044429795570678166,-0.045447043977531756
2024-03-14,INTC,42.30867385864258,-0.011103388660063551,-0.011165491408456575
2024-03-15,INTC,42.199806213378906,-0.0025731755532544254,-0.0025764918596489538
2024-03-18,INTC,42.26908874511719,0.0016417736941245487,0.0016404274569696035
2024-03-19,INTC,41.61589813232422,-0.015453151042164937,-0.015573795485810754
2024-03-20,INTC,41.76435089111328,0.003567212662743291,0.003560865250220804
2024-03-21,INTC,41.982078552246094,0.005213241831543591,0.0051996999307589225
2024-03-22,INTC,42.130531311035156,0.0035360983521650624,0.003529861055857747
2024-03-25,INTC,41.39817428588867,-0.017383047456481004,-0.017535906655199857
2024-03-26,INTC,41.5565185546875,0.0038249094683580065,0.0038176131015142927
2024-03-27,INTC,43.318145751953125,0.04239111596769973,0.041517224121132304
2024-03-28,INTC,43.714012145996094,0.009138581238212762,0.009097077072517322
2024-04-01,INTC,44.060401916503906,0.007923998587705539,0.00789276858010511
2024-04-02,INTC,43.486385345458984,-0.01302794677480934,-0.013113554817623482
2024-04-03,INTC,39.91366195678711,-0.08215728578703207,-0.08572923832120381
2024-04-04,INTC,39.31985092163086,-0.01487738799309235,-0.014989166362110165
2024-04-05,INTC,38.31038284301758,-0.025673242775647087,-0.02600855190387189
2024-04-08,INTC,37.58791732788086,-0.01885821705559898,-0.019038300864771037
2024-04-09,INTC,37.934303283691406,0.009215353774166601,0.009173151476177744
2024-04-10,INTC,36.81597137451172,-0.02948075521029736,-0.02992404680182501
2024-04-11,INTC,37.24153137207031,0.011559113658297093,0.01149281749814614
2024-04-12,INTC,35.321556091308594,-0.05155468129330543,-0.05293114155178299
2024-04-15,INTC,35.935157775878906,0.017371875774218726,0.01722270979092831
2024-04-16,INTC,35.88566970825195,-0.0013771490286922372,-0.0013780981699218777
2024-04-17,INTC,35.31166076660156,-0.015995491969832076,-0.016124800608906427
2024-04-18,INTC,34.67826843261719,-0.017937200353472127,-0.01810002191222217
2024-04-19,INTC,33.84693908691406,-0.023972631370521524,-0.02426465133363967
2024-04-22,INTC,34.054771423339844,0.006140358390816392,0.006121583208598207
2024-04-23,INTC,33.92611312866211,-0.00377798144871877,-0.0037851360462748096
2024-04-24,INTC,34.14384078979492,0.006417701323670588,0.006397195564993205
2024-04-25,INTC,34.74754333496094,0.017681155113236535,0.017526661910804077
2024-04-26,INTC,31.55088996887207,-0.0919965286545188,-0.09650707732044109
2024-04-29,INTC,31.036258697509766,-0.016311149126697733,-0.016445640396412064
2024-04-30,INTC,30.155445098876953,-0.02838014746614692,-0.02879064923675223
2024-05-01,INTC,30.05647850036621,-0.003281881537023912,-0.0032872787220853154
2024-05-02,INTC,30.195032119750977,0.004609775539176297,0.004599183064062918
2024-05-03,INTC,30.581005096435547,0.012782664881886285,0.012701656228401038
2024-05-06,INTC,30.774776458740234,0.006336330728621942,0.0063163405834135555
2024-05-07,INTC,30.486604690551758,-0.009363894765404002,-0.009408011647873539
2024-05-08,INTC,29.81089210510254,-0.022164245323738285,-0.022413563054643586
2024-05-09,INTC,29.90032386779785,0.002999969352812659,0.0029954784242772333
2024-05-10,INTC,29.66183853149414,-0.007976011810378991,-0.008007990346872355
2024-05-13,INTC,30.317676544189453,0.022110497702256815,0.021869605019509027
2024-05-14,INTC,30.854272842407227,0.01769912339541113,0.017544317856835183
2024-05-15,INTC,31.072887420654297,0.007085390712776585,0.007060407274198264
2024-05-16,INTC,31.828094482421875,0.024304373505552812,0.024013722201849424
2024-05-17,INTC,31.629356384277344,-0.006244109217857563,-0.006263685200078188
2024-05-20,INTC,31.897653579711914,0.008482537304108417,0.008446762748191776
2024-05-21,INTC,31.5399227142334,-0.011214958635893058,-0.011278320463421332
2024-05-22,INTC,31.221940994262695,-0.010081880125445086,-0.01013304647134957
2024-05-23,INTC,29.8903865814209,-0.04264803437705811,-0.04358417497346871
2024-05-24,INTC,30.526351928710938,0.02127658488315909,0.021053398562592227
2024-05-28,INTC,30.86421012878418,0.011067755520287825,0.0110069561114884
2024-05-29,INTC,29.94007110595703,-0.02994209211805776,-0.030399510419250684
2024-05-30,INTC,29.99969482421875,0.001991435426145438,0.001989455147246382
2024-05-31,INTC,30.655534744262695,0.021861553055349203,0.021626015927333053
2024-06-03,INTC,30.099063873291016,-0.01815237853829399,-0.018319154295624352
2024-06-04,INTC,29.8407039642334,-0.008583652639339356,-0.00862070436410721
2024-06-05,INTC,30.585975646972656,0.024975003392430972,0.0246682253587917
2024-06-06,INTC,30.22824478149414,-0.01169591153826488,-0.011764846745523038
2024-06-07,INTC,30.546226501464844,0.010519357715581767,0.01046441424963405
2024-06-10,INTC,30.71515464782715,0.005530245981584692,0.005515010316781625
2024-06-11,INTC,30.7250919342041,0.00032353040350585616,0.0003234780788303045
2024-06-12,INTC,30.56610107421875,-0.005174626013351613,-0.005188060757097787
2024-06-13,INTC,30.26799201965332,-0.009752930340758192,-0.009800801677378304
2024-06-14,INTC,30.258056640625,-0.00032824704796630133,-0.00032830093282056944
2024-06-17,INTC,30.784713745117188,0.017405516512421615,0.017255775558548375
2024-06-18,INTC,30.436920166015625,-0.011297606402356997,-0.011361909127552246
2024-06-20,INTC,30.426984786987305,-0.0003264252419143965,-0.0003264785302304257
2024-06-21,INTC,30.894020080566406,0.015349378088191035,0.015232768130617908
2024-06-24,INTC,30.37729835510254,-0.016725622761827208,-0.016867075464785854
2024-06-25,INTC,30.546226501464844,0.005560999677705958,0.005545594405086959
2024-06-26,INTC,30.347488403320312,-0.0065061423588606004,-0.006527399554783263
2024-06-27,INTC,30.397172927856445,0.0016371873637719414,0.0016358486335088975
2024-06-28,INTC,30.774776458740234,0.012422324002958396,0.012345800021539812
2024-07-01,INTC,30.645597457885742,-0.004197560980749415,-0.004206395470717045
2024-07-02,INTC,30.874147415161133,0.007457839828036272,0.0074301676385893755
2024-07-03,INTC,31.033138275146484,0.005149643740681054,0.005136429671105625
2024-07-05,INTC,31.818159103393555,0.02529621146552774,0.024981557637367306
2024-07-08,INTC,33.77574157714844,0.0615240645253452,0.059705672205991725
2024-07-09,INTC,34.3719596862793,0.017652258138256327,0.017498266587665363
2024-07-10,INTC,34.65019226074219,0.008094754474355925,0.00806216768594117
2024-07-11,INTC,33.2888298034668,-0.03928874180642805,-0.040081374895051966
2024-07-12,INTC,34.27259063720703,0.029552280436057288,0.029124028552866246
2024-07-15,INTC,34.242774963378906,-0.0008699568160381865,-0.0008703354480806835
2024-07-16,INTC,34.12353515625,-0.0034821887903777604,-0.0034882657212119542
2024-07-17,INTC,34.242774963378906,0.003494356800457954,0.003488265721212013
2024-07-18,INTC,34.65019226074219,0.01189790540629354,0.011827681790266274
2024-07-19,INTC,32.7721061706543,-0.05420131801738126,-0.05572554232099732
2024-07-22,INTC,33.15964889526367,0.011825383531693712,0.011756010060215738
2024-07-23,INTC,32.7422981262207,-0.012586103380080704,-0.012665979304700816
2024-07-24,INTC,31.50017547607422,-0.03793633071686464,-0.0386746462205103
2024-07-25,INTC,30.90395736694336,-0.018927453581447984,-0.0191088706540562
2024-07-26,INTC,31.152381896972656,0.008038599299099003,0.008006461871475731
2024-07-29,INTC,30.63566017150879,-0.01658690905795812,-0.016726012172988445
2024-07-30,INTC,29.94007110595703,-0.022705208951190103,-0.022966941592398506
2024-07-31,INTC,30.546226501464844,0.020245623110334288,0.020043405277750857
2024-08-01,INTC,28.866878509521484,-0.054977265092394534,-0.05654629367449961
2024-08-02,INTC,21.3445987701416,-0.2605851455985698,-0.30189614287692607
2024-08-05,INTC,19.983234405517578,-0.06378027431128852,-0.06590508038651
2024-08-06,INTC,19.704999923706055,-0.013923395790958693,-0.014021235501781228
2024-08-07,INTC,18.989999771118164,-0.0362852146844066,-0.036959894003722085
2024-08-08,INTC,20.489999771118164,0.07898894250021771,0.07602443830895328
2024-08-09,INTC,19.709999084472656,-0.03806738386327191,-0.038810876365654626
2024-08-12,INTC,19.360000610351562,-0.017757406919253427,-0.017916961339882995
2024-08-13,INTC,20.469999313354492,0.05733464194259508,0.05575125275435183
2024-08-14,INTC,19.920000076293945,-0.026868551807997965,-0.02723611014273656
2024-08-15,INTC,20.690000534057617,0.03865464130595164,0.03792626158333645
2024-08-16,INTC,20.8700008392334,0.008699869527769355,0.008662243731731786
2024-08-19,INTC,21.520000457763672,0.031145164944523795,0.030669995263591748
2024-08-20,INTC,20.989999771118164,-0.024628284171541504,-0.02493663363691551
2024-08-21,INTC,21.40999984741211,0.020009532199798175,0.019811972546432504
2024-08-22,INTC,20.100000381469727,-0.06118633700507603,-0.06313826143102329
2024-08-23,INTC,20.540000915527344,0.02189057341825995,0.02165441502968679
2024-08-26,INTC,20.1299991607666,-0.019961136148285097,-0.02016305111229133
2024-08-27,INTC,20.06999969482422,-0.00298059952527574,-0.002985050358341618
2024-08-28,INTC,19.610000610351562,-0.022919735499113303,-0.02318647626991665
2024-08-29,INTC,20.1299991607666,0.02651700837482629,0.02617152662825843
2024-08-30,INTC,22.040000915527344,0.09488334994485936,0.09064782786304731
2024-09-03,INTC,20.100000381469727,-0.08802179915931274,-0.09213919178044278
2024-09-04,INTC,19.43000030517578,-0.03333333649643222,-0.033901554947852616
2024-09-05,INTC,19.399999618530273,-0.0015440394325426654,-0.0015452326898763807
2024-09-06,INTC,18.889999389648438,-0.026288672108771616,-0.026640397203305813
2024-09-09,INTC,19.06999969482422,0.009528867707344624,0.00948375440681394
2024-09-10,INTC,18.979999542236328,-0.004719462717784784,-0.004730634545833376
2024-09-11,INTC,19.639999389648438,0.03477343853161896,0.03418250278578687
2024-09-12,INTC,19.360000610351562,-0.014256557433726447,-0.01435915847450175
2024-09-13,INTC,19.65999984741211,0.015495827872037404,0.015376993582829056
2024-09-16,INTC,20.90999984741211,0.06358087536631096,0.061641399185494626
2024-09-17,INTC,21.469999313354492,0.026781418939689328,0.026429073765885568
2024-09-18,INTC,20.770000457763672,-0.03260358071625158,-0.033146919981385706
2024-09-19,INTC,21.139999389648438,0.017814103212812515,0.017657291642532727
2024-09-20,INTC,21.84000015258789,0.03311261982733171,0.03257620629311905
2024-09-23,INTC,22.559999465942383,0.03296700129689234,0.03243524509376193
2024-09-24,INTC,22.809999465942383,0.011081560546019054,0.011020609925894449
2024-09-25,INTC,23.540000915527344,0.032003571533393727,0.03150212784155469
2024-09-26,INTC,23.920000076293945,0.016142699489699153,0.016013791547436734
2024-09-27,INTC,23.90999984741211,-0.0004180697679740941,-0.00041815718350425037
2024-09-30,INTC,23.459999084472656,-0.018820609193276883,-0.01899997088818029
2024-10-01,INTC,22.690000534057617,-0.03282176387315694,-0.033372481871406554
2024-10-02,INTC,22.389999389648438,-0.013221733686558435,-0.013309918978230258
2024-10-03,INTC,22.260000228881836,-0.005806126141598034,-0.005823047221054249
2024-10-04,INTC,22.59000015258789,0.014824794263833319,0.014715981104975703
2024-10-07,INTC,22.3799991607666,-0.009296192580912077,-0.009339671850057022
2024-10-08,INTC,23.31999969482422,0.042001812748299505,0.041143683011331325
2024-10-09,INTC,23.459999084472656,0.006003404437415538,0.005985455804441119
2024-10-10,INTC,23.219999313354492,-0.010230169671106792,-0.01028285750184436
2024-10-11,INTC,23.559999465942383,0.014642556530669149,0.014536389416957032
2024-10-14,INTC,23.440000534057617,-0.005093333387304666,-0.005106348622565649
2024-10-15,INTC,22.65999984741211,-0.03327647904752351,-0.03384273862677866
2024-10-16,INTC,22.309999465942383,-0.015445736267721055,-0.015566264359657678
2024-10-17,INTC,22.440000534057617,0.00582703143107155,0.005810119947451066
2024-10-18,INTC,22.770000457763672,0.014705878603042288,0.014598795725600149
2024-10-21,INTC,22.84000015258789,0.003074207001183993,0.0030694912890858
2024-10-22,INTC,22.399999618530273,-0.019264471590109133,-0.019452449637444715
2024-10-23,INTC,21.979999542236328,-0.018750003725290343,-0.018928013681993105
2024-10-24,INTC,22.34000015258789,0.016378554042268956,0.016245872322207058
2024-10-25,INTC,22.68000030517578,0.015219344237493493,0.015104691843964227
2024-10-28,INTC,22.920000076293945,0.010582000347830522,0.010526402859971572
2024-10-29,INTC,22.899999618530273,-0.0008726203183724301,-0.0008730012731178058
2024-10-30,INTC,22.299999237060547,-0.026200890456968273,-0.02655024964858622
2024-10-31,INTC,21.520000457763672,-0.034977524931955495,-0.03560388768841137
2024-11-01,INTC,23.200000762939453,0.07806692701856766,0.07516955499245537
2024-11-04,INTC,22.520000457763672,-0.029310357017834243,-0.02974848795911195
2024-11-05,INTC,23.31999969482422,0.03552394408521198,0.03490752479737836
2024-11-06,INTC,25.049999237060547,0.07418523005471123,0.07156244867835711
2024-11-07,INTC,26.229999542236328,0.047105802040505296,0.0460299793526609
2024-11-08,INTC,26.200000762939453,-0.001143682036614968,-0.0011443365399921661
2024-11-11,INTC,25.049999237060547,-0.043893186732483325,-0.044885642812668686
2024-11-12,INTC,24.15999984741211,-0.035528918832528955,-0.03617543032331827
2024-11-13,INTC,24.920000076293945,0.03145696331464354,0.03097233022991696
2024-11-14,INTC,25.030000686645508,0.004414149679566215,0.004404435895776143
2024-11-15,INTC,24.350000381469727,-0.027167410568174177,-0.02754326768187671
2024-11-18,INTC,24.84000015258789,0.020123193570504183,0.019923398013401268
2024-11-19,INTC,24.200000762939453,-0.02576487060052457,-0.026102598519043837
2024-11-20,INTC,24.010000228881836,-0.007851261490395833,-0.00788224492313088
2024-11-21,INTC,24.440000534057617,0.017909217037762826,0.01775073638924596
2024-11-22,INTC,24.5,0.0024549699112637047,0.0024519613955022003
2024-11-25,INTC,24.8700008392334,0.015102075070750898,0.014989174009440314
2024-11-26,INTC,24.049999237060547,-0.0329715148573404,-0.0335273267314062
2024-11-27,INTC,23.649999618530273,-0.01663200129810738,-0.01677186602057178
2024-11-29,INTC,24.049999237060547,0.01691330338191066,0.01677186602057184
2024-12-02,INTC,23.93000030517578,-0.0049895607356131855,-0.005002050155580199
2024-12-03,INTC,22.469999313354492,-0.06101132357718808,-0.06295185903422047
2024-12-04,INTC,21.959999084472656,-0.022696940118673292,-0.02295848068826631
2024-12-05,INTC,20.799999237060547,-0.052823310372190124,-0.05426962492315833
2024-12-06,INTC,20.920000076293945,0.0057692713286059405,0.005752692816170061
2024-12-09,INTC,20.809999465942383,-0.00525815535135743,-0.005272028101626301
2024-12-10,INTC,20.15999984741211,-0.031234965651684043,-0.031733179107709925
2024-12-11,INTC,20.1200008392334,-0.001984077801659545,-0.0019860486913849196
2024-12-12,INTC,20.780000686645508,0.03280317196235538,0.03227663177171754
2024-12-13,INTC,20.34000015258789,-0.021174230968162955,-0.02140162059237997
2024-12-16,INTC,20.829999923706055,0.0240904507100419,0.02380485348790845
2024-12-17,INTC,20.440000534057617,-0.018722966446321987,-0.01890046014661843
2024-12-18,INTC,19.299999237060547,-0.05577305612578498,-0.05738873508326934
2024-12-19,INTC,19.059999465942383,-0.01243522179303036,-0.012513186174053868
2024-12-20,INTC,19.520000457763672,0.0241343654097812,0.023847734229710243
2024-12-23,INTC,20.200000762939453,0.03483608039083452,0.034243037740484324
2024-12-24,INTC,20.399999618530273,0.00990093307113904,0.009852239974235948
2024-12-26,INTC,20.440000534057617,0.0019608292291832807,0.001958909312892587
2024-12-27,INTC,20.299999237060547,-0.006849378343400603,-0.006872942999050191
2024-12-30,INTC,19.81999969482422,-0.02364529853577635,-0.02392933496004022
2024-12-31,INTC,20.049999237060547,0.011604417042266224,0.011537602196258028
2025-01-02,INTC,20.219999313354492,0.008478807120337217,0.008443063932860964
2025-01-03,INTC,20.559999465942383,0.016815042736590735,0.016675234977803592
2025-01-06,INTC,19.8700008392334,-0.03356024536148294,-0.03413631581146915
2025-01-07,INTC,20.010000228881836,0.007045766670125575,0.0070210612340847614
2025-01-08,INTC,19.8799991607666,-0.00649680492894722,-0.006518001020547187
2025-01-10,INTC,19.149999618530273,-0.03672030045539387,-0.037411463306902745
2025-01-13,INTC,19.200000762939453,0.0026110258697236155,0.002607623063600298
2025-01-14,INTC,19.200000762939453,0.0,0.0
2025-01-15,INTC,19.719999313354492,0.027083256757924667,0.026722995584571894
2025-01-16,INTC,19.670000076293945,-0.0025354583570744715,-0.0025386780750734257
2025-01-17,INTC,21.489999771118164,0.09252667451779328,0.08849306372413504
2025-01-21,INTC,21.770000457763672,0.013029348051544432,0.012945196269927605
2025-01-22,INTC,21.860000610351562,0.004134136458219251,0.0041256143955975735
2025-01-23,INTC,21.56999969482422,-0.013266281218218157,-0.013355064416417336
2025-01-24,INTC,20.829999923706055,-0.03430689761649508,-0.03490919464272111
2025-01-27,INTC,20.290000915527344,-0.025924100343569956,-0.02626605265036604
2025-01-28,INTC,19.799999237060547,-0.02414990913538173,-0.024446299791625974
2025-01-29,INTC,19.75,-0.002525214090259187,-0.0025284078210623005
2025-01-30,INTC,20.010000228881836,0.013164568550979139,0.013078668686883814
2025-01-31,INTC,19.43000030517578,-0.028985503102038956,-0.0294138809382439
2025-02-03,INTC,19.3799991607666,-0.0025733990542378127,-0.002576715937248383
2025-02-04,INTC,19.290000915527344,-0.004643872504465962,-0.004654688779644454
2025-02-05,INTC,19.649999618530273,0.018662451317622786,0.018490444523174495
2025-02-06,INTC,19.3799991607666,-0.01374048157787533,-0.013835755743530138
2025-02-07,INTC,19.100000381469727,-0.014447822054797221,-0.014553208133701345
2025-02-10,INTC,19.770000457763672,0.035078537325264225,0.034477305312164246
2025-02-11,INTC,20.969999313354492,0.06069796802253391,0.05892715183266034
2025-02-12,INTC,22.479999542236328,0.07200764322010311,0.06953319249269202
2025-02-13,INTC,24.1299991607666,0.07339856103778764,0.07082984019493381
2025-02-14,INTC,23.600000381469727,-0.02196430989349596,-0.022209116661735646
2025-02-18,INTC,27.389999389648438,0.16059317571683374,0.1489312327957136
2025-02-19,INTC,25.719999313354492,-0.06097116150083204,-0.06290908831877927
2025-02-20,INTC,26.09000015258789,0.014385725082087575,0.014283232324687135
2025-02-21,INTC,24.8700008392334,-0.046761184600203176,-0.04788981343703549
2025-02-24,INTC,24.270000457763672,-0.02412546687667183,-0.024421252960315075
2025-02-25,INTC,22.989999771118164,-0.05274003553782591,-0.05418170978042916
2025-02-26,INTC,23.520000457763672,0.023053531619053658,0.022791813673789792
2025-02-27,INTC,23.09000015258789,-0.018282325544506706,-0.018451512518366037
2025-02-28,INTC,23.729999542236328,0.02771760006145807,0.027340421182366348
2025-03-03,INTC,22.739999771118164,-0.04171933376383308,-0.04261457289994184
2025-03-04,INTC,21.329999923706055,-0.062005270958838565,-0.06401094935080398
2025-03-05,INTC,20.809999465942383,-0.024378830737160295,-0.024680914164387655
2025-03-06,INTC,20.75,-0.002883203627207065,-0.002887368065326637
2025-03-07,INTC,20.639999389648438,-0.005301234233810237,-0.005315335634642386
2025-03-10,INTC,19.93000030517578,-0.03439918146648502,-0.0350047615049793
2025-03-11,INTC,19.780000686645508,-0.007526322941967978,-0.007554788628389344
2025-03-12,INTC,20.68000030517578,0.04550048469603496,0.044495703488581444
2025-03-13,INTC,23.700000762939453,0.14603483622811297,0.13630801593534542
2025-03-14,INTC,24.049999237060547,0.014767867630974818,0.014659884496092339
2025-03-17,INTC,25.690000534057617,0.06819132428369734,0.06596686708161742
2025-03-18,INTC,25.920000076293945,0.008952881956207692,0.008913042517180328
2025-03-19,INTC,24.1200008392334,-0.06944441480564656,-0.07197346777444129
2025-03-20,INTC,23.959999084472656,-0.006633571691278095,-0.006655671616481148
2025-03-21,INTC,24.260000228881836,0.012520916355276412,0.012443177913849014
2025-03-24,INTC,24.219999313354492,-0.0016488423392396756,-0.001650203175845237
2025-03-25,INTC,24.200000762939453,-0.0008257040042115582,-0.0008260450855305758
2025-03-26,INTC,23.420000076293945,-0.0322314323163172,-0.03276230326185191
2025-03-27,INTC,23.6200008392334,0.008539742198459432,0.008503484872630043
2025-03-28,INTC,22.709999084472656,-0.03852674523403099,-0.03928853049621754
2025-03-31,INTC,22.709999084472656,0.0,0.0
2025-04-01,INTC,22.049999237060547,-0.029062081638892123,-0.02949274851119897
2025-04-02,INTC,21.979999542236328,-0.0031745894442738454,-0.003179639143323298
2025-04-03,INTC,22.43000030517578,0.020473192552836084,0.020266433988711367
2025-04-04,INTC,19.850000381469727,-0.1150245157647507,-0.12219533578699604
2025-04-07,INTC,19.56999969482422,-0.014105827771514479,-0.014206260536894387
2025-04-08,INTC,18.1299991607666,-0.07358204172269156,-0.07642978733692746
2025-04-09,INTC,21.530000686645508,0.18753456609289443,0.1718793647917744
2025-04-10,INTC,19.8799991607666,-0.076637318776416,-0.07973318425530299
2025-04-11,INTC,19.739999771118164,-0.007042223116625057,-0.007067136602956454
2025-04-14,INTC,20.309999465942383,0.028875364814248572,0.028466326886478453
2025-04-15,INTC,19.850000381469727,-0.02264889692606953,-0.022909322946171613
2025-04-16,INTC,19.229999542236328,-0.031234298605463895,-0.03173249055479271
2025-04-17,INTC,18.93000030517578,-0.015600584721889077,-0.015723554453516156
2025-04-21,INTC,18.84000015258789,-0.0047543661456403985,-0.004765704095146824
2025-04-22,INTC,19.510000228881836,0.035562636457936225,0.0349448891191718
2025-04-23,INTC,20.59000015258789,0.055356223015685435,0.05387836208394112
2025-04-24,INTC,21.489999771118164,0.04371052024577837,0.04278217155332376
2025-04-25,INTC,20.049999237060547,-0.06700793622124324,-0.06935858430306407
2025-04-28,INTC,20.510000228881836,0.02294269373192903,0.022683467543078786
2025-04-29,INTC,20.34000015258789,-0.008288643315301103,-0.008323185121536401
2025-04-30,INTC,20.100000381469727,-0.011799398688186802,-0.01186956407865352
2025-05-01,INTC,19.979999542236328,-0.005970190893330951,-0.005988083734310778
2025-05-02,INTC,20.6200008392334,0.03203209768069071,0.03152976897947132
2025-05-05,INTC,20.270000457763672,-0.01697382964232408,-0.017119536241566563
2025-05-06,INTC,19.940000534057617,-0.01628021293801507,-0.016414191730294916
2025-05-07,INTC,20.309999465942383,0.018555612937562582,0.01838555798006679
2025-05-08,INTC,21.0,0.03397343930090546,0.033409088426433614
2025-05-09,INTC,21.420000076293945,0.020000003633044994,0.019802630857988526
2025-05-12,INTC,22.18000030517578,0.03548086956932117,0.03486592709986165
2025-05-13,INTC,22.559999465942383,0.017132513775391045,0.016987407275817917
2025-05-14,INTC,21.520000457763672,-0.04609924790772901,-0.047195646391961665
2025-05-15,INTC,21.549999237060547,0.0013939952908343933,0.0013930245814038256
2025-05-16,INTC,21.65999984741211,0.005104436855960071,0.005091453381625654
2025-05-19,INTC,21.3799991607666,-0.01292708627045358,-0.013011368184459682
2025-05-20,INTC,21.270000457763672,-0.0051449348606515954,-0.005158215609989376
2025-05-21,INTC,20.690000534057617,-0.02726844904671133,-0.02764713316390393
2025-05-22,INTC,20.549999237060547,-0.006766616403253156,-0.006789613753570507
2025-05-23,INTC,20.049999237060547,-0.024330901146618178,-0.02463178811550101
2025-05-27,INTC,20.549999237060547,0.024937656809272957,0.02463178811550108
2025-05-28,INTC,20.3700008392334,-0.008759046448164054,-0.008797632378042358
2025-05-29,INTC,20.25,-0.005891057157065616,-0.005908477885645009
2025-05-30,INTC,19.549999237060547,-0.03456793891059029,-0.035179546146210106
2025-06-02,INTC,19.739999771118164,0.009718697773523965,0.009671775004172808
2025-06-03,INTC,20.290000915527344,0.027862267010453134,0.02748117654930812
2025-06-04,INTC,20.25,-0.0019714595230369003,-0.001973405407270997
2025-06-05,INTC,19.989999771118164,-0.012839517475646267,-0.012922656490056271
2025-06-06,INTC,20.059999465942383,0.0035017356491096052,0.003495618848285298
2025-06-09,INTC,20.479999542236328,0.02093719279539452,0.020721021908787773
2025-06-10,INTC,22.079999923706055,0.07812502037268176,0.07522344013398782
2025-06-11,INTC,20.68000030517578,-0.06340578004382924,-0.06550515355627513
2025-06-12,INTC,20.770000457763672,0.004352038262076974,0.004342595530399743
2025-06-13,INTC,20.139999389648438,-0.03033226067550443,-0.030801802942701753
2025-06-16,INTC,20.739999771118164,0.029791479625273176,0.029356334780637067
2025-06-17,INTC,20.799999237060547,0.0028929347446733367,0.0028887582618774693
2025-06-18,INTC,21.489999771118164,0.03317310381570615,0.0326347499763083
2025-06-20,INTC,21.079999923706055,-0.019078634331264,-0.01926297994989432
2025-06-23,INTC,21.190000534057617,0.00521824529173065,0.005204677429588518
2025-06-24,INTC,22.549999237060547,0.06418115472989605,0.062205634631958946
2025-06-25,INTC,22.200000762939453,-0.015520997160207273,-0.01564270887057637
2025-06-26,INTC,22.5,0.013513478682458668,0.013422985965499316
2025-06-27,INTC,22.690000534057617,0.008444468180338616,0.008409013118511768
2025-06-30,INTC,22.399999618530273,-0.012781000824220068,-0.012863380497790646
2025-07-01,INTC,22.850000381469727,0.020089320116201792,0.019890192203635606
2025-07-02,INTC,21.8799991607666,-0.04245081857809285,-0.043378194837139596
2025-07-03,INTC,22.489999771118164,0.02787937082947267,0.027497816596583614
2025-07-07,INTC,22.0,-0.021787451138502223,-0.022028302435859196
2025-07-08,INTC,23.59000015258789,0.07227273420854052,0.06978044652959722
2025-07-09,INTC,23.440000534057617,-0.006358610324714964,-0.006378912395073379
2025-07-10,INTC,23.81999969482422,0.01621156792272571,0.016081563622568695
2025-07-11,INTC,23.43000030517578,-0.0163727705560458,-0.016508285570702802
2025-07-14,INTC,23.299999237060547,-0.005548487683396108,-0.005563937717233752
2025-07-15,INTC,22.920000076293945,-0.016308977390959822,-0.016443432652226832
2025-07-16,INTC,22.690000534057617,-0.01003488400832142,-0.01008557284635882
2025-07-17,INTC,22.799999237060547,0.004847893363326472,0.004836180169251771
2025-07-18,INTC,23.100000381469727,0.013157945370521729,0.01307213154345089
2025-07-21,INTC,23.260000228881836,0.006926400206489047,0.0069025228890773225
2025-07-22,INTC,23.239999771118164,-0.0008598648996932523,-0.000860234795571637
2025-07-23,INTC,23.489999771118164,0.010757315080127006,0.010699866791927958
2025-07-24,INTC,22.6299991607666,-0.03661135030784313,-0.03729836636657045
2025-07-25,INTC,20.700000762939453,-0.08528495224927657,-0.0891426854321509
2025-07-28,INTC,20.68000030517578,-0.0009662056534548435,-0.0009666727310234562
2025-07-29,INTC,20.40999984741211,-0.013056114786231254,-0.013142095051658071
2025-07-30,INTC,20.34000015258789,-0.0034296764011536585,-0.003435571223342898
2025-07-31,INTC,19.799999237060547,-0.026548717378384046,-0.026907498954083557
2025-08-01,INTC,19.309999465942383,-0.02474746414136264,-0.02505883038481953
2025-08-04,INTC,19.5,0.009839489348134167,0.009791396786327445
2025-08-05,INTC,20.190000534057617,0.03538464277218556,0.03477299320663547
2025-08-06,INTC,20.40999984741211,0.010896449110211037,0.010837510569283098
2025-08-07,INTC,19.770000457763672,-0.03135714818388824,-0.03185930900863447
2025-08-08,INTC,19.950000762939453,0.00910471932260859,0.009063521241465694
2025-08-11,INTC,20.649999618530273,0.03508766059253432,0.03448611935548051
2025-08-12,INTC,21.809999465942383,0.056174327788906186,0.0546532547927826
2025-08-13,INTC,22.219999313354492,0.01879870964932162,0.0186241975826314
2025-08-14,INTC,23.860000610351562,0.07380744138958684,0.07121068894095928
2025-08-15,INTC,24.559999465942383,0.02933775514184722,0.028915639283619836
2025-08-18,INTC,23.65999984741211,-0.03664493640475497,-0.037333229432876175
2025-08-19,INTC,25.309999465942383,0.06973793868011158,0.06741370135532761
2025-08-20,INTC,23.540000915527344,-0.06993277707479939,-0.07249841273183553
2025-08-21,INTC,23.5,-0.0016992741704168202,-0.0017007195744271567
2025-08-22,INTC,24.799999237060547,0.05531911647066168,0.053843201257135216
2025-08-25,INTC,24.549999237060547,-0.01008064547140819,-0.010131799243682795
2025-08-26,INTC,24.350000381469727,-0.00814659314892785,-0.008179957968859137
2025-08-27,INTC,24.850000381469727,0.02053388058180472,0.020325902698825452
2025-08-28,INTC,24.93000030517578,0.0032193127757740303,0.003214141883241318
2025-08-29,INTC,24.350000381469727,-0.023265139053593953,-0.02354004458206679
2025-09-02,INTC,24.209999084472656,-0.005749539827671235,-0.00576613206082206
2025-09-03,INTC,24.0,-0.008674064122841774,-0.008711902785938856
2025-09-04,INTC,24.610000610351562,0.025416692097981697,0.025099058855975933
2025-09-05,INTC,24.489999771118164,-0.0048761006199619095,-0.004888027585775705
2025-09-08,INTC,24.479999542236328,-0.0004083392803306829,-0.0004084226735171952
2025-09-09,INTC,24.440000534057617,-0.001633946443083012,-0.0016352827894497537
2025-09-10,INTC,24.770000457763672,0.013502451575080565,0.013412105826657179
2025-09-11,INTC,24.610000610351562,-0.0064594204463149785,-0.006480372777914523
2025-09-12,INTC,24.079999923706055,-0.021535988358430846,-0.02177127193165453
2025-09-15,INTC,24.770000457763672,0.028654507319094025,0.028251644709569108
2025-09-16,INTC,25.270000457763672,0.02018570814532561,0.019984677533172433
2025-09-17,INTC,24.899999618530273,-0.014641900772887517,-0.014750151364416085
2025-09-18,INTC,30.56999969482422,0.22771084992605384,0.20515133776929875
2025-09-19,INTC,29.579999923706055,-0.03238468370955794,-0.03292067121647841
2025-09-22,INTC,28.760000228881836,-0.027721423155483316,-0.02811291389222776
2025-09-23,INTC,29.34000015258789,0.020166895656822614,0.019966237104328446
2025-09-24,INTC,31.219999313354492,0.06407631734796637,0.06210711517800197
2025-09-25,INTC,33.9900016784668,0.08872525387684504,0.08500751999570232
2025-09-26,INTC,35.5,0.04442477925765487,0.043466283392152395
2025-09-29,INTC,34.47999954223633,-0.0287324072609485,-0.02915326396208643
2025-09-30,INTC,33.54999923706055,-0.02697216698151561,-0.027342591841964282
2025-10-01,INTC,35.939998626708984,0.07123694318920748,0.06881400246743578
2025-10-02,INTC,37.29999923706055,0.03784086428264,0.037142463050873646
2025-10-03,INTC,36.83000183105469,-0.012600466906682373,-0.012680526022264922
2025-10-06,INTC,36.59000015258789,-0.006516472075340229,-0.006537796972041015
2025-10-07,INTC,37.16999816894531,0.015851271219970098,0.015726951846209244
2025-10-08,INTC,37.43000030517578,0.006994946167301563,0.006970595022045581
2025-10-09,INTC,37.79999923706055,0.00988509027165585,0.009836552372380684
2025-10-10,INTC,36.369998931884766,-0.03783069666768024,-0.03856485281109071
2025-10-13,INTC,37.220001220703125,0.02337097370858543,0.023102054380203813
2025-10-14,INTC,35.630001068115234,-0.04271897099518296,-0.043658274415352714
2025-10-15,INTC,37.150001525878906,0.04266069077174128,0.041775802641505044
2025-10-16,INTC,36.84000015258789,-0.008344585748538025,-0.008379596708209654
2025-10-17,INTC,37.0099983215332,0.004614499680814177,0.004603885517339191
2025-10-20,INTC,38.099998474121094,0.029451505053263105,0.02902614103698613
2025-10-21,INTC,38.119998931884766,0.0005249464190204556,0.0005248086828496661
2025-10-22,INTC,36.91999816894531,-0.03147955919630774,-0.03198569072673618
2025-10-23,INTC,38.15999984741211,0.03358617930565888,0.03303448254199847
2025-10-24,INTC,38.279998779296875,0.0031446261101832906,0.003139692114505236
2025-10-27,INTC,39.540000915527344,0.03291541735659398,0.032385306200973726
2025-10-28,INTC,41.529998779296875,0.05032872578887715,0.0491031873524462
2025-10-29,INTC,41.34000015258789,-0.004574973086772682,-0.0045854703047074116
2025-10-30,INTC,40.15999984741211,-0.028543790537502334,-0.02895908636069495
2025-10-31,INTC,39.9900016784668,-0.004233022151175825,-0.0042420067530854234
2025-11-03,INTC,39.5,-0.012253104723690122,-0.012328792923812905
2025-11-04,INTC,37.029998779296875,-0.06253167647349689,-0.06457230994680324
2025-11-05,INTC,38.380001068115234,0.036456989827748254,0.03580815644927607
2025-11-06,INTC,37.2400016784668,-0.029702953567541934,-0.030153020929072735
2025-11-07,INTC,38.130001068115234,0.023899015830685544,0.02361790440145903
2025-11-10,INTC,38.45000076293945,0.008392333749285052,0.008357313912095765
2025-11-11,INTC,37.880001068115234,-0.01482443910309672,-0.014935419278814298
2025-11-12,INTC,37.88999938964844,0.00026394723472211723,0.00026391240677911657
2025-11-13,INTC,35.90999984741211,-0.052256520826898356,-0.053671404933180206
2025-11-14,INTC,35.52000045776367,-0.010860467594141276,-0.01091987297735601
2025-11-17,INTC,34.709999084472656,-0.02280409242263881,-0.023068127514237462
2025-11-18,INTC,34.33000183105469,-0.010947774803830468,-0.011008142690754992
2025-11-19,INTC,35.11000061035156,0.02272061572077444,0.022466346757853937
2025-11-20,INTC,33.619998931884766,-0.04243809890528727,-0.043364911354085385
2025-11-21,INTC,34.5,0.02617492849711711,0.025838227827078144
2025-11-24,INTC,35.790000915527344,0.03739133088485058,0.03670922632115496
2025-11-25,INTC,35.83000183105469,0.0011176561750236846,0.0011170320623465394
2025-11-26,INTC,36.810001373291016,0.027351367350111122,0.026984002277666286
2025-11-28,INTC,40.560001373291016,0.10187448682685907,0.09701280844270511
2025-12-01,INTC,40.0099983215332,-0.013560232572378372,-0.013653012223226247
2025-12-02,INTC,43.470001220703125,0.08647845649390495,0.08294169216424696
2025-12-03,INTC,43.7599983215332,0.006671200659915444,0.0066490466753291715
2025-12-04,INTC,40.5,-0.07449722227089395,-0.0774181456450434
2025-12-05,INTC,41.40999984741211,0.02246913203486689,0.022220419760174626
2025-12-08,INTC,40.29999923706055,-0.02680513437434684,-0.027170943851531078
2025-12-09,INTC,40.5,0.004962798181780803,0.004950524091356383
2025-12-10,INTC,40.779998779296875,0.006913550106095734,0.006889761099947563
2025-12-11,INTC,39.5099983215332,-0.03114272917556893,-0.0316379732712179
2025-12-12,INTC,37.810001373291016,-0.04302700633919487,-0.043980107717540844
2025-12-15,INTC,37.5099983215332,-0.007934489311331672,-0.00796613487706935
2025-12-16,INTC,37.310001373291016,-0.0053318303703409065,-0.005346095305961638
2025-12-17,INTC,36.04999923706055,-0.033771162955047784,-0.034354581473062445
2025-12-18,INTC,36.279998779296875,0.006380015176252307,0.006359749032623109
2025-12-19,INTC,36.81999969482422,0.014884259473445516,0.014774575916404187
2025-12-22,INTC,36.369998931884766,-0.012221639507582926,-0.012296937885748494
2025-12-23,INTC,36.349998474121094,-0.0005499163692891385,-0.0005500676287516561
2025-12-24,INTC,36.15999984741211,-0.00522692254978363,-0.005240630697938154
2025-12-26,INTC,36.20000076293945,0.0011062200137206268,0.0011056086032227264
2025-12-29,INTC,36.68000030517578,0.0132596555834259,0.013172515800813935
2025-12-30,INTC,37.29999923706055,0.016902915123402584,0.016761650487414372
2025-12-31,INTC,36.900001525878906,-0.01072379944673596,-0.010781713797416317
2026-01-02,INTC,39.380001068115234,0.06720865690200695,0.06504650793605847
2026-01-05,INTC,39.369998931884766,-0.00025399024782069013,-0.0002540225088064503
2026-01-06,INTC,40.040000915527344,0.01701808488239398,0.01687489948687321
2026-01-07,INTC,42.630001068115234,0.06468531701715063,0.06267927852026359
2026-01-08,INTC,41.11000061035156,-0.035655651411666156,-0.03630684007602397
2026-01-09,INTC,45.54999923706055,0.10800288398903568,0.10255919119989564
2026-01-12,INTC,44.060001373291016,-0.032711259906174406,-0.03325823441361989
2026-01-13,INTC,47.290000915527344,0.07330911124742578,0.07074650347278161
2026-01-14,INTC,48.720001220703125,0.03023895702032542,0.029790772441489116
2026-01-15,INTC,48.31999969482422,-0.00821021173761649,-0.0082441011462886
2026-01-16,INTC,46.959999084472656,-0.02814570817344686,-0.028549391286892187
2026-01-20,INTC,48.560001373291016,0.034071599659536655,0.033504019007591805
2026-01-21,INTC,54.25,0.1171745977305223,0.11080281738903379
2026-01-22,INTC,54.31999969482422,0.0012903169552851423,0.0012894852117608959
2026-01-23,INTC,45.06999969482422,-0.1702871879964567,-0.18667564770092412
2026-01-26,INTC,42.4900016784668,-0.05724424304031461,-0.05894803630205523
2026-01-27,INTC,43.93000030517578,0.033890293476706246,0.033328671305202576
2026-01-28,INTC,48.779998779296875,0.11040287822510386,0.10472290282855647
2026-01-29,INTC,48.65999984741211,-0.0024600027652255108,-0.0024630335435302654
2026-01-30,INTC,46.470001220703125,-0.045006137147068914,-0.0460503648540651
2026-02-02,INTC,48.810001373291016,0.05035506974648807,0.049128268668985405
2026-02-03,INTC,49.25,0.009014517810477907,0.008974129583598256
2026-02-04,INTC,48.599998474121094,-0.013198000525460052,-0.013285868108335638
2026-02-05,INTC,48.2400016784668,-0.007407341706934245,-0.00743491229674507
2026-02-06,INTC,50.59000015258789,0.04871472620968165,0.04756534410699452
2026-02-09,INTC,50.2400016784668,-0.00691833313037038,-0.006942375751096169
2026-02-10,INTC,47.130001068115234,-0.06190287632264413,-0.06390179197010566
2026-02-11,INTC,48.290000915527344,0.024612769385165212,0.024314755245583176
2026-02-12,INTC,46.47999954223633,-0.03748190803427842,-0.03820241614935335
2026-02-13,INTC,46.790000915527344,0.006669564895527058,0.006647421749815944
2026-02-17,INTC,46.18000030517578,-0.013036986501727799,-0.013122713910109262
2026-02-18,INTC,45.459999084472656,-0.015591191337052224,-0.015714012249534375
2026-02-19,INTC,44.619998931884766,-0.018477786394738405,-0.01865063321886341
2026-02-20,INTC,44.11000061035156,-0.011429814740958388,-0.011495637112466562
2026-02-23,INTC,43.630001068115234,-0.010881875665258667,-0.010941516337153234
2026-02-24,INTC,46.119998931884766,0.05707077246874559,0.05550166062464875
2026-02-25,INTC,46.880001068115234,0.016478797784729382,0.01634449581140721
2026-02-26,INTC,45.459999084472656,-0.030290144012141917,-0.030758369767572853
2026-02-27,INTC,45.61000061035156,0.0032996376792744364,0.00329420582036496
2026-03-02,INTC,45.5,-0.002411765158507717,-0.002414678148672268
2026-03-03,INTC,43.099998474121094,-0.05274728628305292,-0.05418936425042618
2026-03-04,INTC,45.58000183105469,0.05754068317247585,0.05594610228338631
2026-03-05,INTC,45.95000076293945,0.008117571676635515,0.008084801415518771
2026-03-06,INTC,43.41999816894531,-0.055059903198841575,-0.056633743126005484
2026-03-09,INTC,45.58000183105469,0.049746746964495436,0.048548941710486695
2026-03-10,INTC,46.779998779296875,0.026327268539612092,0.02598667107161611
2026-03-11,INTC,47.97999954223633,0.02565200500754461,0.025328512809349026
2026-03-12,INTC,45.25,-0.05689869879705056,-0.05858157772489489
2026-03-13,INTC,45.77000045776367,0.011491722823506523,0.011426194521006629
2026-03-16,INTC,45.7599983215332,-0.00021853039393560092,-0.00021855427518138648
2026-03-17,INTC,44.060001373291016,-0.037150284322502336,-0.03785793784890709
2026-03-18,INTC,45.029998779296875,0.022015373939453964,0.021776534661962874
2026-03-19,INTC,46.18000030517578,0.025538564447122214,0.02521790332993024
2026-03-20,INTC,43.869998931884766,-0.050021683803066486,-0.051316119703905545
2026-03-23,INTC,44.0099983215332,0.0031912330307053427,0.0031861518538535546
2026-03-24,INTC,44.060001373291016,0.001136174816288138,0.0011355298581587844
2026-03-25,INTC,47.18000030517578,0.07081250192098487,0.06841770790500505
2026-03-26,INTC,44.099998474121094,-0.06528193749750366,-0.06751033259548739
2026-03-27,INTC,43.130001068115234,-0.02199540679292944,-0.02224091242760139
2026-03-30,INTC,41.189998626708984,-0.04498034763185843,-0.04602336031717933
2026-03-31,INTC,44.130001068115234,0.07137660935729806,0.0689443723777002
2026-04-01,INTC,48.029998779296875,0.08837520092424067,0.08468594277601174
2026-04-02,INTC,50.380001068115234,0.048927802384856944,0.047768501864337405
2026-04-06,INTC,50.779998779296875,0.00793961299526047,0.007908260111839226
2026-04-07,INTC,52.90999984741211,0.04194566993537707,0.04108980179464757
2026-04-08,INTC,58.95000076293945,0.11415613178881467,0.10809728589339856
2026-04-09,INTC,61.720001220703125,0.04698898086367986,0.045918407347515455
2026-04-10,INTC,62.380001068115234,0.010693451626030193,0.01063668102933615
2026-04-13,INTC,65.18000030517578,0.044886168469332244,0.04390794978908538
2026-04-14,INTC,63.810001373291016,-0.0210187009124021,-0.021242738689642306
2026-04-15,INTC,64.94000244140625,0.017708839426357148,0.017553864867678768
2026-04-16,INTC,68.5,0.05481979403690107,0.053369940998681274
2026-04-17,INTC,68.5,0.0,0.0
2026-04-20,INTC,65.69999694824219,-0.04087595695996804,-0.04173486622750643
2026-04-21,INTC,66.26000213623047,0.008523671445973546,0.008487550071197907
2026-04-22,INTC,65.2699966430664,-0.014941223381318536,-0.01505396789624003
2026-04-23,INTC,66.77999877929688,0.023134705284083568,0.022871155020405435
2026-04-24,INTC,82.54000091552734,0.2359988383395475,0.21187941918032233
2026-04-27,INTC,84.98999786376953,0.029682540841616367,0.02925054195909546
2026-04-28,INTC,84.5199966430664,-0.005530076862179545,-0.0055454243452232755
2026-04-29,INTC,94.75,0.12103648560394031,0.1142536909323047
2026-04-30,INTC,94.4800033569336,-0.0028495687922576174,-0.0028536365428030053
2026-05-01,INTC,99.62000274658203,0.05440303987109485,0.0529747677959927
2026-05-04,INTC,95.77999877929688,-0.0385465153725556,-0.0393090930461268
2026-05-05,INTC,108.1500015258789,0.1291501660496559,0.12146528433838166
2026-05-06,INTC,113.01000213623047,0.044937591694703904,0.043957162767100336
2026-05-07,INTC,109.62000274658203,-0.0299973393997629,-0.030456464601627882
2026-05-08,INTC,124.91999816894531,0.13957302535134564,0.13065365308360624
2026-05-11,INTC,129.44000244140625,0.036183191952564364,0.035543954414418905
2026-05-12,INTC,120.61000061035156,-0.06821694734633343,-0.0706552675157879
2026-05-13,INTC,120.29000091552734,-0.002653177126314965,-0.0026567030387076892
2026-05-14,INTC,115.93000030517578,-0.036245744261098944,-0.03691893830225818
2026-05-15,INTC,108.7699966430664,-0.0617614391724427,-0.06375103307164487
2026-05-18,INTC,108.16999816894531,-0.005516213042554563,-0.005531483528446255
2026-05-19,INTC,110.80000305175781,0.02431362602692122,0.024022755141490278
2026-05-20,INTC,118.95999908447266,0.07364617155202668,0.07106049259968192
2026-05-21,INTC,118.5,-0.003866838332320599,-0.0038743338806197657
2026-05-22,INTC,119.83999633789062,0.011307985973760593,0.011244528635400493
2026-05-26,INTC,123.5199966430664,0.030707613631762554,0.030245569888632015
2026-05-27,INTC,121.7699966430664,-0.014167746499029965,-0.014269067148123865
2026-05-28,INTC,120.88999938964844,-0.007226716577790726,-0.007252955786011523
2026-05-29,INTC,114.68000030517578,-0.05136900583857895,-0.05273539248880656
2026-06-01,INTC,109.33000183105469,-0.046651538715418384,-0.0477747954819211
2026-06-02,INTC,107.93000030517578,-0.012805282195479162,-0.012887976529566046
2026-06-03,INTC,112.70999908447266,0.04428795298602117,0.043335268466339755
2026-06-04,INTC,111.77999877929688,-0.008251267081270885,-0.008285497210163185
2026-06-05,INTC,99.16999816894531,-0.11281088520361571,-0.11969711218672868
2026-06-08,INTC,110.2699966430664,0.11192899746969043,0.10609634259349467
2026-06-09,INTC,107.91999816894531,-0.021311313554563838,-0.021541678395009627
2026-06-10,INTC,107.04000091552734,-0.008154162975803292,-0.008187589999671117
2026-06-11,INTC,116.95999908447266,0.09267561737759955,0.08862938324072106
2026-06-12,INTC,124.56999969482422,0.06506498520793724,0.06303581627439549
2026-06-15,INTC,127.86000061035156,0.026410860749677356,0.026068115664005898
2026-06-16,INTC,117.05000305175781,-0.08454557724848444,-0.08833470010299588
2026-06-17,INTC,121.0999984741211,0.034600558024525885,0.034015417949712794
2026-06-18,INTC,133.99000549316406,0.1064410171879362,0.10114857333844657
2026-06-22,INTC,140.94000244140625,0.05186951760067471,0.05056907392384839
2026-06-23,INTC,132.27999877929688,-0.061444611267902016,-0.0634134063357694
2026-06-24,INTC,131.64999389648438,-0.004762661692064518,-0.004774039304782058
2026-06-25,INTC,132.8699951171875,0.009267005524226546,0.009224330273786035
2026-06-26,INTC,128.32000732421875,-0.034243907279109864,-0.03484396865845271
2026-06-29,INTC,131.72000122070312,0.026496210274472576,0.026151265579605162
2026-06-30,INTC,139.6300048828125,0.06005165190407036,0.05831763514818218
2026-07-01,INTC,127.0199966430664,-0.0903101611314081,-0.09465157397731229
2026-07-02,INTC,120.3499984741211,-0.05251140249742248,-0.0539403763960396
2026-07-06,INTC,122.19999694824219,0.01537181967242729,0.015254870213623607
2026-07-07,INTC,110.38999938964844,-0.09664482695196686,-0.10163947726281367
2026-07-08,INTC,110.23999786376953,-0.0013588325637129417,-0.001359756613862191
2026-07-09,INTC,112.54000091552734,0.02086359847902086,0.020648934252910634
2026-07-10,INTC,109.83999633789062,-0.023991510180130016,-0.024283994020944683
2026-07-13,INTC,103.12000274658203,-0.06117984172756619,-0.06313134285357086
2026-07-14,INTC,107.76000213623047,0.044996113906738966,0.044013166660327674
2026-07-15,INTC,102.98999786376953,-0.04426507217799314,-0.04527467653047861
2026-07-16,INTC,96.9800033569336,-0.05835512798811482,-0.06012706910368929
2026-07-17,INTC,95.04000091552734,-0.020004149043654884,-0.020206941044496846
2026-07-20,INTC,97.05999755859375,0.021254173228194784,0.021031453576083502
2026-07-21,INTC,105.44999694824219,0.08644137235407934,0.08290755916096089
2026-07-22,INTC,102.62000274658203,-0.02683730946952234,-0.027204005706046624
2026-07-23,INTC,100.2300033569336,-0.023289800484126766,-0.023565293749328538
2026-07-24,INTC,92.31999969482422,-0.07891852137269417,-0.08220677907491869
2026-07-27,INTC,91.66999816894531,-0.007040744454371417,-0.0070656474548908554
2026-07-28,INTC,86.30000305175781,-0.05857963591633053,-0.060365518547687284
2026-07-29,INTC,81.87999725341797,-0.05121675135618453,-0.052574906202484485
2026-07-30,INTC,91.12999725341797,0.11297020408258351,0.10703230111977426
2026-07-31,INTC,90.19999694824219,-0.0102052050170659,-0.010257635133528616
2022-01-04,NVDA,29.19776153564453,-0.027588707071442342,-0.027976423147549282
2022-01-05,NVDA,27.517070770263672,-0.057562315636048966,-0.05928547923155027
2022-01-06,NVDA,28.08926010131836,0.020793976794689417,0.0205807331155587
2022-01-07,NVDA,27.161195755004883,-0.03303982885152312,-0.03359797243451197
2022-01-10,NVDA,27.313709259033203,0.005615124805402383,0.005599418758956914
2022-01-11,NVDA,27.729400634765625,0.015219147710409997,0.015104498263036486
2022-01-12,NVDA,27.910825729370117,0.006542698019120996,0.006521387472247691
2022-01-13,NVDA,26.491308212280273,-0.050859029784851795,-0.05219794533964898
2022-01-14,NVDA,26.85715675354004,0.013810134944191699,0.01371564399193023
2022-01-18,NVDA,25.821428298950195,-0.03856433739782694,-0.03932762976239828
2022-01-19,NVDA,24.98805809020996,-0.032274365271037886,-0.032806667078260354
2022-01-20,NVDA,24.073949813842773,-0.036581805319450766,-0.03726769905969331
2022-01-21,NVDA,23.300384521484375,-0.03213287800050124,-0.03266047178971445
2022-01-24,NVDA,23.29839324951172,-8.546090605587864e-05,-8.546455804718039e-05
2022-01-25,NVDA,22.253694534301758,-0.044839946859075996,-0.045876357631902814
2022-01-26,NVDA,22.700284957885742,0.020068147466282937,0.019869436305861986
2022-01-27,NVDA,21.874893188476562,-0.036360414459134405,-0.0370379282001346
2022-01-28,NVDA,22.7680721282959,0.04083123662015642,0.04001965989124217
2022-01-31,NVDA,24.40888786315918,0.07206652041584549,0.06958811335014718
2022-02-01,NVDA,24.560413360595703,0.006207800137638442,0.006188611119808777
2022-02-02,NVDA,25.162508010864258,0.024514841889206274,0.02421917555060011
2022-02-03,NVDA,23.872583389282227,-0.05126375403537231,-0.05262444738436003
2022-02-04,NVDA,24.242416381835938,0.01549195520748503,0.015373180005431258
2022-02-07,NVDA,24.650127410888672,0.016818085401677063,0.016678227321942986
2022-02-08,NVDA,25.028928756713867,0.015367115127277842,0.01525023688033902
2022-02-09,NVDA,26.620901107788086,0.06360529316090613,0.06166435702055158
2022-02-10,NVDA,25.742673873901367,-0.03299013922672167,-0.03354658629719627
2022-02-11,NVDA,23.873580932617188,-0.07260679098215661,-0.07537762965473192
2022-02-14,NVDA,24.190574645996094,0.013278012807279138,0.013190632635393494
2022-02-15,NVDA,26.411563873291016,0.09181217312101064,0.08783885989212624
2022-02-16,NVDA,26.42751121520996,0.0006038015013216658,0.0006036192865391833
2022-02-17,NVDA,24.429824829101562,-0.07559116595733995,-0.07860084411236466
2022-02-18,NVDA,23.567548751831055,-0.03529604011909815,-0.03593400203443121
2022-02-22,NVDA,23.316343307495117,-0.010658955115831481,-0.01071616869911373
2022-02-23,NVDA,22.316495895385742,-0.04288182752001124,-0.043828412937239714
2022-02-24,NVDA,23.6732120513916,0.06079431835382265,0.05901798443381918
2022-02-25,NVDA,24.080923080444336,0.01722246343958922,0.01707583792362937
2022-02-28,NVDA,24.308210372924805,0.009438479236082209,0.009394215097067653
2022-03-01,NVDA,23.403066635131836,-0.03723613231524214,-0.03794710214805665
2022-03-02,NVDA,24.147838592529297,0.0318236908439784,0.031327810258731784
2022-03-03,NVDA,23.643352508544922,-0.020891562698305055,-0.021112879253771758
2022-03-04,NVDA,22.867666244506836,-0.03280779507718912,-0.03335803914040568
2022-03-07,NVDA,21.28838539123535,-0.06906174142937971,-0.07156232122895123
2022-03-08,NVDA,21.449899673461914,0.007586967224534558,0.007558330939199959
2022-03-09,NVDA,22.9454345703125,0.0697222327198519,0.06739901918412394
2022-03-10,NVDA,22.590496063232422,-0.015468807356532221,-0.01558969766341554
2022-03-11,NVDA,22.03415298461914,-0.024627306857540332,-0.02493563164608916
2022-03-14,NVDA,21.266454696655273,-0.03484128881649118,-0.03546272361877797
2022-03-15,NVDA,22.904556274414062,0.07702748770891388,0.07420492032665878
2022-03-16,NVDA,24.42302131652832,0.06629532674293648,0.06419032934734777
2022-03-17,NVDA,24.692214965820312,0.011022127270953863,0.010961826318070194
2022-03-18,NVDA,26.374183654785156,0.06811736781382605,0.06589762945676066
2022-03-21,NVDA,26.654346466064453,0.010622615469217278,0.010566591884946467
2022-03-22,NVDA,26.444974899291992,-0.007855062852095362,-0.007886076373834138
2022-03-23,NVDA,25.55763053894043,-0.03355436576252224,-0.03413023205813897
2022-03-24,NVDA,28.066129684448242,0.09815069286981748,0.09362757672120858
2022-03-25,NVDA,27.6094970703125,-0.016269881856520008,-0.016403689728218193
2022-03-28,NVDA,28.134925842285156,0.019030725935882176,0.018851906814337988
2022-03-29,NVDA,28.57062339782715,0.01548600333920791,0.015367318919394267
2022-03-30,NVDA,27.607501983642578,-0.03371019948615528,-0.03429148922885026
2022-03-31,NVDA,27.2047061920166,-0.014590084675702775,-0.01469756669000074
2022-04-01,NVDA,26.632415771484375,-0.021036449226574216,-0.021260868223958722
2022-04-04,NVDA,27.278486251831055,0.024258801225175874,0.02396923025652248
2022-04-05,NVDA,25.853742599487305,-0.052229571655506124,-0.053642970247170074
2022-04-06,NVDA,24.334280014038086,-0.05877147494612056,-0.060569315476111774
2022-04-07,NVDA,24.135875701904297,-0.00815328466752796,-0.00818670447103989
2022-04-08,NVDA,23.050121307373047,-0.044985083944792836,-0.04602831971740456
2022-04-11,NVDA,21.851699829101562,-0.05199198139960093,-0.053392318323648116
2022-04-12,NVDA,21.439931869506836,-0.018843749585391256,-0.019023555428591576
2022-04-13,NVDA,22.136850357055664,0.03250562976555105,0.03198849839562006
2022-04-14,NVDA,21.194664001464844,-0.042561897487395584,-0.04349420491235961
2022-04-18,NVDA,21.71809959411621,0.02469657422336069,0.0243965436183377
2022-04-19,NVDA,22.131868362426758,0.019051794403901035,0.018872581608228176
2022-04-20,NVDA,21.41799545288086,-0.03225542904266676,-0.032787099504121425
2022-04-21,NVDA,20.122867584228516,-0.060469144813369624,-0.062374618532058924
2022-04-22,NVDA,19.45686149597168,-0.03309697713157067,-0.03365707514688686
2022-04-25,NVDA,19.84270668029785,0.019830802845878237,0.01963673397377891
2022-04-26,NVDA,18.732025146484375,-0.05597429583113733,-0.05760188421489938
2022-04-27,NVDA,18.360139846801758,-0.019852914822314993,-0.02005263166342869
2022-04-28,NVDA,19.72306251525879,0.07423269538409571,0.0716066349875758
2022-04-29,NVDA,18.491741180419922,-0.06243053450174141,-0.06446442735110773
2022-05-02,NVDA,19.474807739257812,0.053162465840632445,0.05179750979819378
2022-05-03,NVDA,19.54360008239746,0.0035323759834082757,0.003526151796503232
2022-05-04,NVDA,20.27341651916504,0.03734298868635322,0.03666262546431263
2022-05-05,NVDA,18.78785514831543,-0.07327632071512302,-0.07609983844997215
2022-05-06,NVDA,18.619359970092773,-0.008968303028340285,-0.009008760328476695
2022-05-09,NVDA,16.899499893188477,-0.09236945199334512,-0.09691786863641744
2022-05-10,NVDA,17.542579650878906,0.03805318274238578,0.03734701921383428
2022-05-11,NVDA,16.58045196533203,-0.05484527958228036,-0.056406639580163835
2022-05-12,NVDA,16.12681007385254,-0.027360043768891784,-0.02774129998182007
2022-05-13,NVDA,17.653247833251953,0.09465218182697699,0.09043667064236112
2022-05-16,NVDA,17.212566375732422,-0.024963194403777478,-0.025280059367318884
2022-05-17,NVDA,18.122844696044922,0.05288452055562609,0.05153356004928942
2022-05-18,NVDA,16.887537002563477,-0.06816301271681902,-0.07059738594296333
2022-05-19,NVDA,17.072982788085938,0.01098122156560244,0.010921365746745682
2022-05-20,NVDA,16.644262313842773,-0.025111047059822367,-0.025431708891082518
2022-05-23,NVDA,16.847654342651367,0.012219948530818092,0.012145887695733208
2022-05-24,NVDA,16.105873107910156,-0.04402875436869125,-0.04502744417459965
2022-05-25,NVDA,16.924423217773438,0.05082308201355823,0.049573744721949156
2022-05-26,NVDA,17.797815322875977,0.051605428076587856,0.0503179755915225
2022-05-27,NVDA,18.754953384399414,0.05377840168355963,0.05238218293256328
2022-05-31,NVDA,18.616369247436523,-0.0073892018882950605,-0.00741663727452388
2022-06-01,NVDA,18.26541519165039,-0.01885190668070036,-0.019031869220827932
2022-06-02,NVDA,19.533628463745117,0.06943249079136504,0.06712812533332
2022-06-03,NVDA,18.664226531982422,-0.044507958845246054,-0.04552884484486832
2022-06-06,NVDA,18.730030059814453,0.0035256498692444183,0.003519449335411181
2022-06-07,NVDA,18.869611740112305,0.007452293448120262,0.0074246623013294885
2022-06-08,NVDA,18.596372604370117,-0.01448037932658397,-0.0145862432284275
2022-06-09,NVDA,17.998031616210938,-0.03217514516882558,-0.03270414316805044
2022-06-10,NVDA,16.927005767822266,-0.059507943492220106,-0.06135207630778859
2022-06-13,NVDA,15.603679656982422,-0.07817839309510055,-0.08140355906492909
2022-06-14,NVDA,15.792158126831055,0.012079104031355259,0.012006733849356766
2022-06-15,NVDA,16.481245040893555,0.04363475267460326,0.04270957448738423
2022-06-16,NVDA,15.557806968688965,-0.05602963064461086,-0.05766050172397723
2022-06-17,NVDA,15.83603572845459,0.017883546204524592,0.017725516893722548
2022-06-21,NVDA,16.520137786865234,0.04319907268088774,0.04229202327199569
2022-06-22,NVDA,16.314708709716797,-0.01243507044546377,-0.012513032920760177
2022-06-23,NVDA,16.180082321166992,-0.008251841387129644,-0.008286076294366654
2022-06-24,NVDA,17.078582763671875,0.05553126521052687,0.05404420909968115
2022-06-27,NVDA,16.822298049926758,-0.01500620498149674,-0.01511993730349069
2022-06-28,NVDA,15.937752723693848,-0.05258171764688013,-0.05401459128252023
2022-06-29,NVDA,15.49897289276123,-0.027530846948096155,-0.0279169232194351
2022-06-30,NVDA,15.117033004760742,-0.024642916059223086,-0.02495163509450776
2022-07-01,NVDA,14.482792854309082,-0.0419553327859985,-0.04286087661386667
2022-07-05,NVDA,14.92257022857666,0.030365508827721044,0.029913602232118197
2022-07-06,NVDA,15.088112831115723,0.011093437658751926,0.011032356795224307
2022-07-07,NVDA,15.814095497131348,0.04811620075629697,0.04699445833652737
2022-07-08,NVDA,15.794150352478027,-0.0012612257626076762,-0.0012620217771929362
2022-07-11,NVDA,15.110051155090332,-0.04331345353315341,-0.04427947883355324
2022-07-12,NVDA,15.040244102478027,-0.004619908423591834,-0.004630613183243783
2022-07-13,NVDA,15.122016906738281,0.005436933317244597,0.005422206550148694
2022-07-14,NVDA,15.329442024230957,0.013716762702483676,0.013623539426627144
2022-07-15,NVDA,15.718361854553223,0.025370775381615918,0.025054279260721353
2022-07-18,NVDA,16.05642318725586,0.021507415074854652,0.02127939425541414
2022-07-19,NVDA,16.944955825805664,0.05533814275990445,0.05386123003860609
2022-07-20,NVDA,17.757699966430664,0.04796378043000038,0.04684902464322052
2022-07-21,NVDA,18.000028610229492,0.013646398140352067,0.01355412456941862
2022-07-22,NVDA,17.271053314208984,-0.04049856318596223,-0.041341466074286584
2022-07-25,NVDA,16.976871490478516,-0.017033230016633927,-0.017179964102836114
2022-07-26,NVDA,16.487226486206055,-0.028841886713172005,-0.02926598843026022
2022-07-27,NVDA,17.740745544433594,0.07602971059300301,0.07327807343366795
2022-07-28,NVDA,17.934206008911133,0.010904866652475143,0.010845837344222384
2022-07-29,NVDA,18.112716674804688,0.009953641984755679,0.009904430774781224
2022-08-01,NVDA,18.38994789123535,0.015305888200432216,0.015189934776786311
2022-08-02,NVDA,18.474706649780273,0.004608972197540417,0.004598383408339234
2022-08-03,NVDA,18.8406925201416,0.01981010455533716,0.01961643795944945
2022-08-04,NVDA,19.161800384521484,0.017043315368402867,0.016899707475468904
2022-08-05,NVDA,18.936426162719727,-0.01176164124869028,-0.011831356534414554
2022-08-08,NVDA,17.743736267089844,-0.06298389597810905,-0.06505481010176789
2022-08-09,NVDA,17.0386962890625,-0.03973458393512164,-0.040545557664862016
2022-08-10,NVDA,18.04689598083496,0.05917117569726549,0.05748669255356792
2022-08-11,NVDA,17.892322540283203,-0.008565098436645768,-0.008601989694810462
2022-08-12,NVDA,18.65719985961914,0.04274891186506813,0.04186041057010375
2022-08-15,NVDA,18.979305267333984,0.017264402490107633,0.017117066059555618
2022-08-16,NVDA,18.826730728149414,-0.008038994949260414,-0.008071481894557616
2022-08-17,NVDA,18.284236907958984,-0.028815083618278003,-0.02923838970595015
2022-08-18,NVDA,18.72102165222168,0.023888595759365083,0.023607727495161157
2022-08-19,NVDA,17.799583435058594,-0.04921944081260843,-0.05047199050005517
2022-08-22,NVDA,16.986841201782227,-0.04566074460347014,-0.04673605712619168
2022-08-23,NVDA,17.133434295654297,0.008629803041703354,0.008592779144910008
2022-08-24,NVDA,17.174318313598633,0.0023862126669318418,0.0023833701824362364
2022-08-25,NVDA,17.863407135009766,0.040123212393560426,0.0393391795912023
2022-08-26,NVDA,16.214984893798828,-0.09227927397905311,-0.09681851815185132
2022-08-29,NVDA,15.757253646850586,-0.028228903692860907,-0.028634999882018373
2022-08-30,NVDA,15.425176620483398,-0.021074549779400154,-0.021299788257537134
2022-08-31,NVDA,15.052209854125977,-0.024179092112446288,-0.024476205423349138
2022-09-01,NVDA,13.898414611816406,-0.07665288044023,-0.07975003764916895
2022-09-02,NVDA,13.60921573638916,-0.020808047788513195,-0.021027585996118626
2022-09-06,NVDA,13.427722930908203,-0.013336022368700573,-0.013425745709537537
2022-09-07,NVDA,13.680094718933105,0.018794831359231212,0.01862039084687929
2022-09-08,NVDA,13.955413818359375,0.020125525815638534,0.019925684249498067
2022-09-09,NVDA,14.351432800292969,0.028377444559372522,0.027982263613039286
2022-09-12,NVDA,14.469141006469727,0.008201843524247687,0.00816839119502089
2022-09-13,NVDA,13.098535537719727,-0.09472611180837531,-0.09951774218234789
2022-09-14,NVDA,13.095544815063477,-0.00022832496408764502,-0.00022835103420063842
2022-09-15,NVDA,12.8970365524292,-0.015158457737927677,-0.015274521551069797
2022-09-16,NVDA,13.165369987487793,0.020805821086709475,0.020592336067354132
2022-09-19,NVDA,13.348916053771973,0.013941580560107303,0.013845290649452132
2022-09-20,NVDA,13.143423080444336,-0.015393981990737826,-0.015513699540556843
2022-09-21,NVDA,13.228214263916016,0.006451225297452234,0.006430505209095089
2022-09-22,NVDA,12.529945373535156,-0.0527863305242644,-0.05423058349988175
2022-09-23,NVDA,12.485057830810547,-0.0035824212625393814,-0.0035888535001753195
2022-09-26,NVDA,12.197770118713379,-0.023010523138162875,-0.02327939786549039
2022-09-27,NVDA,12.382311820983887,0.015129134298685454,0.015015830311255871
2022-09-28,NVDA,12.704514503479004,0.026021205664445546,0.02568841482392493
2022-09-29,NVDA,12.189787864685059,-0.04051525453042637,-0.041358862077049564
2022-09-30,NVDA,12.108989715576172,-0.006628347433589643,-0.006650412485709202
2022-10-03,NVDA,12.48106575012207,0.03072725663209419,0.03026462748838021
2022-10-04,NVDA,13.134448051452637,0.05234988056401968,0.05102564510849628
2022-10-05,NVDA,13.176342010498047,0.0031896246329723432,0.0031845485712795048
2022-10-06,NVDA,13.097538948059082,-0.00598064792005093,-0.005998603621770536
2022-10-07,NVDA,12.046147346496582,-0.08027398167945932,-0.0836794594654408
2022-10-10,NVDA,11.641148567199707,-0.03362060646009468,-0.03419877493878921
2022-10-11,NVDA,11.557357788085938,-0.007197810304548469,-0.0072238395185760555
2022-10-12,NVDA,11.471570014953613,-0.007422784230212143,-0.007450470182727496
2022-10-13,NVDA,11.930432319641113,0.03999995677046431,0.03922067158641919
2022-10-14,NVDA,11.199244499206543,-0.061287621508133716,-0.06324615288064145
2022-10-17,NVDA,11.858609199523926,0.058875819736241786,0.05720779792698509
2022-10-18,NVDA,11.93741512298584,0.006645460874541431,0.006623477140375046
2022-10-19,NVDA,12.02120590209961,0.007019172764833215,0.006994653043590798
2022-10-20,NVDA,12.163854598999023,0.011866421560460916,0.011796567647759024
2022-10-21,NVDA,12.435182571411133,0.02230608481907015,0.02206094285063621
2022-10-24,NVDA,12.567852973937988,0.010668954940144415,0.010612443232286594
2022-10-25,NVDA,13.228214263916016,0.05254368358282213,0.05120979030486269
2022-10-26,NVDA,12.864116668701172,-0.02752431945466982,-0.027910210953551153
2022-10-27,NVDA,13.143423080444336,0.0217120552414396,0.02147970574445602
2022-10-28,NVDA,13.799797058105469,0.04993934788858234,0.048732398585396915
2022-10-31,NVDA,13.463632583618164,-0.024360102766138425,-0.02466171840289371
2022-11-01,NVDA,13.50951862335205,0.0034081470545859194,0.0034023524835141558
2022-11-02,NVDA,13.186320304870605,-0.023923747950780228,-0.02421456852119704
2022-11-03,NVDA,13.387821197509766,0.015281055516657815,0.015165476150326141
2022-11-04,NVDA,14.121004104614258,0.054764916283828846,0.05331791393115834
2022-11-07,NVDA,14.265644073486328,0.01024289546271051,0.010190792497088643
2022-11-08,NVDA,14.565902709960938,0.021047674744154143,0.02082923225904424
2022-11-09,NVDA,13.741942405700684,-0.05656774733891268,-0.058230721032359475
2022-11-10,NVDA,15.711061477661133,0.143292630242984,0.1339123715054627
2022-11-11,NVDA,16.286636352539062,0.03663500876094927,0.03597989888401584
2022-11-14,NVDA,16.25471305847168,-0.0019600912905755052,-0.001962014783401208
2022-11-15,NVDA,16.624799728393555,0.02276796081177168,0.022512638965543463
2022-11-16,NVDA,15.87066650390625,-0.04536194341032074,-0.04642300867484188
2022-11-17,NVDA,15.6382417678833,-0.014644925968656852,-0.014753221517709206
2022-11-18,NVDA,15.370904922485352,-0.017095070492322617,-0.017242878153356397
2022-11-21,NVDA,15.279134750366211,-0.005970381872891228,-0.005988275860921945
2022-11-22,NVDA,15.99835205078125,0.04707186055792856,0.04599756425896002
2022-11-23,NVDA,16.478158950805664,0.029991020231423304,0.029550083981621362
2022-11-25,NVDA,16.22977638244629,-0.015073441705526824,-0.015188200696924963
2022-11-28,NVDA,15.787870407104492,-0.027228100063026783,-0.027605653943014483
2022-11-29,NVDA,15.60033893585205,-0.011878199302171377,-0.01194930877410018
2022-11-30,NVDA,16.885480880737305,0.08237910408034743,0.07916149251472686
2022-12-01,NVDA,17.097009658813477,0.012527258155702325,0.01244944127143799
2022-12-02,NVDA,16.838579177856445,-0.015115536933899443,-0.015230941069399833
2022-12-05,NVDA,16.57317543029785,-0.015761647390512223,-0.015887183000737753
2022-12-06,NVDA,15.951559066772461,-0.037507378482761866,-0.03822887880569758
2022-12-07,NVDA,16.084259033203125,0.008318933959695629,0.008284522342179843
2022-12-08,NVDA,17.130935668945312,0.06507459458228748,0.0630448385698746
2022-12-09,NVDA,16.963308334350586,-0.00978506590848971,-0.009833254274472797
2022-12-12,NVDA,17.496122360229492,0.03140979432649704,0.03092659873709999
2022-12-13,NVDA,18.031932830810547,0.030624526940838503,0.0301649553294024
2022-12-14,NVDA,17.634815216064453,-0.02202301985439703,-0.022269146907767882
2022-12-15,NVDA,16.914417266845703,-0.04085089298596689,-0.04170873441827804
2022-12-16,NVDA,16.534259796142578,-0.02247535133523515,-0.022731771415199952
2022-12-19,NVDA,16.21796226501465,-0.019129827100075047,-0.0193151697649855
2022-12-20,NVDA,16.049339294433594,-0.010397297010907969,-0.010451726511982826
2022-12-21,NVDA,16.464420318603516,0.025862810708593198,0.025534025048574025
2022-12-22,NVDA,15.304991722106934,-0.07042025009447295,-0.07302267678620798
2022-12-23,NVDA,15.172287940979004,-0.008670620901823134,-0.008708429442899714
2022-12-27,NVDA,14.089692115783691,-0.07135349852353623,-0.07402712767784052
2022-12-28,NVDA,14.004878997802734,-0.006019515350938476,-0.0060377056681333256
2022-12-29,NVDA,14.570624351501465,0.04039630430134333,0.03960170239587673
2022-12-30,NVDA,14.5816011428833,0.0007533507910870707,0.0007530671648176321
2023-01-03,NVDA,14.283262252807617,-0.020459954099162236,-0.020672158409954774
2023-01-04,NVDA,14.716300010681152,0.03031784687622152,0.029867343837905333
2023-01-05,NVDA,14.233375549316406,-0.03281561676605105,-0.03336612617879299
2023-01-06,NVDA,14.826056480407715,0.041640222942039395,0.04079660822238362
2023-01-09,NVDA,15.593352317810059,0.05175319805481027,0.05045848418252517
2023-01-10,NVDA,15.873729705810547,0.017980571610650697,0.01782083308437646
2023-01-11,NVDA,15.965524673461914,0.005782822900012308,0.005766166562582548
2023-01-12,NVDA,16.474393844604492,0.03187300020201822,0.031375597666894184
2023-01-13,NVDA,16.86153221130371,0.02349939975642923,0.023227539657314857
2023-01-17,NVDA,17.662750244140625,0.047517510437147026,0.04642308908221575
2023-01-18,NVDA,17.338472366333008,-0.018359421569423606,-0.018530047370416802
2023-01-19,NVDA,16.727827072143555,-0.035219094352001545,-0.03585424420008686
2023-01-20,NVDA,17.79944610595703,0.06406205834097944,0.062093714727025635
2023-01-23,NVDA,19.15045166015625,0.07590155031549384,0.07315896156426131
2023-01-24,NVDA,19.222288131713867,0.0037511633058282534,0.0037441452378920523
2023-01-25,NVDA,19.28015899658203,0.003010612704982041,0.003006089885916248
2023-01-26,NVDA,19.758098602294922,0.02478919420724801,0.0244869272505415
2023-01-27,NVDA,20.31985092163086,0.028431496908851717,0.028034823039830823
2023-01-30,NVDA,19.11951446533203,-0.059072109383491944,-0.06088877292122642
2023-01-31,NVDA,19.493684768676758,0.019570073498633045,0.01938104187156403
2023-02-01,NVDA,20.896574020385742,0.07196634542706892,0.06949466796463526
2023-02-02,NVDA,21.660873413085938,0.036575344453812386,0.035922341475949804
2023-02-03,NVDA,21.053220748901367,-0.028053008417355474,-0.02845401141760938
2023-02-06,NVDA,21.0422420501709,-0.0005214735959599981,-0.0005216096106030586
2023-02-07,NVDA,22.123842239379883,0.05140137570084646,0.05012391784904137
2023-02-08,NVDA,22.15576934814453,0.0014431086797310755,0.0014420683991053856
2023-02-09,NVDA,22.287477493286133,0.005944643269750971,0.00592704359270609
2023-02-10,NVDA,21.21785545349121,-0.04799206371008713,-0.04918190778653554
2023-02-13,NVDA,21.739694595336914,0.024594339564125933,0.024296767975326997
2023-02-14,NVDA,22.920074462890625,0.05429606484936067,0.0528733071166701
2023-02-15,NVDA,22.713529586791992,-0.009011527272001052,-0.00905237667943862
2023-02-16,NVDA,21.95322036743164,-0.033473847226389464,-0.03404692144106695
2023-02-17,NVDA,21.3405818939209,-0.02790654233214973,-0.028303329279756394
2023-02-21,NVDA,20.609207153320312,-0.03427154630722262,-0.0348725881244132
2023-02-22,NVDA,20.707984924316406,0.004792895246345186,0.004781445893050036
2023-02-23,NVDA,23.61153793334961,0.14021417437018213,0.1312161170151679
2023-02-24,NVDA,23.234375,-0.01597367077122469,-0.016102624941538662
2023-02-27,NVDA,23.448894500732422,0.009232850065147957,0.009190487854637705
2023-02-28,NVDA,23.164531707763672,-0.012126916813066324,-0.012201047798565123
2023-03-01,NVDA,22.647674560546875,-0.022312436691460102,-0.022565124906801102
2023-03-02,NVDA,23.262310028076172,0.027139010050948764,0.026777277240397187
2023-03-03,NVDA,23.837032318115234,0.024706157270942164,0.02440589565777268
2023-03-06,NVDA,23.501781463623047,-0.014064286611610188,-0.014164125908330888
2023-03-07,NVDA,23.240312576293945,-0.011125492241250479,-0.011187843419742816
2023-03-08,NVDA,24.131488800048828,0.03834613759299943,0.037629195045514055
2023-03-09,NVDA,23.38801383972168,-0.030809328280053894,-0.03129391480755965
2023-03-10,NVDA,22.917978286743164,-0.020097283856580272,-0.020301981486445138
2023-03-13,NVDA,22.918977737426758,4.3609897482532745e-05,4.360894659859873e-05
2023-03-14,NVDA,24.013729095458984,0.047766151290617787,0.04666042291837313
2023-03-15,NVDA,24.17839241027832,0.006857048905847485,0.006833646267115265
2023-03-16,NVDA,25.488704681396484,0.05419352324520732,0.05277604165725006
2023-03-17,NVDA,25.672325134277344,0.0072039931089507014,0.007178168304230754
2023-03-20,NVDA,25.846965789794922,0.006802681666118415,0.0067796478294280425
2023-03-21,NVDA,26.145355224609375,0.011544466659690666,0.01147833776636258
2023-03-22,NVDA,26.41380500793457,0.010267589826911783,0.010215236185337024
2023-03-23,NVDA,27.135324478149414,0.02731599896334891,0.026949574917456476
2023-03-24,NVDA,26.72416877746582,-0.015152046588375101,-0.015268011743745665
2023-03-27,NVDA,26.47667694091797,-0.009260974161955593,-0.009304123593635917
2023-03-28,NVDA,26.355924606323242,-0.004560705819094402,-0.004571137567385881
2023-03-29,NVDA,26.928747177124023,0.0217341102373374,0.021501291824159264
2023-03-30,NVDA,27.326929092407227,0.014786499819845256,0.014678245363058779
2023-03-31,NVDA,27.720125198364258,0.014388594657944287,0.0142860612010474
2023-04-03,NVDA,27.907739639282227,0.006768167155646099,0.00674536593614786
2023-04-04,NVDA,27.39678955078125,-0.018308544335915222,-0.01847821993355309
2023-04-05,NVDA,26.825960159301758,-0.02083563077423478,-0.021055755523207716
2023-04-06,NVDA,26.98164176940918,0.005803393771664833,0.005786618951332038
2023-04-10,NVDA,27.52252960205078,0.020046513005551825,0.01984822724232149
2023-04-11,NVDA,27.113372802734375,-0.014866249768186957,-0.014977859990899815
2023-04-12,NVDA,26.440750122070312,-0.024807783434314334,-0.025120682219275183
2023-04-13,NVDA,26.408809661865234,-0.0012080012880730795,-0.001208731509760803
2023-04-14,NVDA,26.703210830688477,0.011147839398773174,0.011086160206965096
2023-04-17,NVDA,26.94670867919922,0.009118673033540414,0.00907734895844182
2023-04-18,NVDA,27.610349655151367,0.024627904797309474,0.02432952697282363
2023-04-19,NVDA,27.87380599975586,0.009541941623160133,0.009496704835055757
2023-04-20,NVDA,27.04850196838379,-0.029608587768003347,-0.03005577111116234
2023-04-21,NVDA,27.0634708404541,0.0005534085432090663,0.0005532554691736001
2023-04-24,NVDA,26.986629486083984,-0.0028393015376008135,-0.0028433400002985335
2023-04-25,NVDA,26.187267303466797,-0.029620675046855727,-0.030068227274707003
2023-04-26,NVDA,26.90080451965332,0.027247486647530517,0.02688288209796113
2023-04-27,NVDA,27.17025375366211,0.010016400580582285,0.009966568919926285
2023-04-28,NVDA,27.692184448242188,0.019209636366010363,0.019027460624277872
2023-05-01,NVDA,28.850807189941406,0.04183934076651585,0.04098774791825685
2023-05-02,NVDA,28.15223503112793,-0.024213262187583684,-0.0245112227847703
2023-05-03,NVDA,27.745073318481445,-0.01446285569143213,-0.014568462274105303
2023-05-04,NVDA,27.505565643310547,-0.008632439800090874,-0.008669915133445547
2023-05-05,NVDA,28.621273040771484,0.04056296867075271,0.039761882724180506
2023-05-08,NVDA,29.09130859375,0.016422594211967567,0.01628920186257388
2023-05-09,NVDA,28.51249885559082,-0.019896311514963294,-0.02009690833786081
2023-05-10,NVDA,28.825855255126953,0.010990141590998759,0.010930188844400685
2023-05-11,NVDA,28.519485473632812,-0.010628298060285646,-0.010685181830911161
2023-05-12,NVDA,28.281972885131836,-0.00832808111915495,-0.00836295333411024
2023-05-15,NVDA,28.89371681213379,0.021630171610961257,0.021399558983481663
2023-05-16,NVDA,29.153182983398438,0.008980020568198022,0.008939939954610497
2023-05-17,NVDA,30.116207122802734,0.033033241685914705,0.032499369373775976
2023-05-18,NVDA,31.613136291503906,0.04970510272416617,0.04850927017399406
2023-05-19,NVDA,31.199981689453125,-0.01306907983570793,-0.013155231699880683
2023-05-22,NVDA,31.112163543701172,-0.0028146858105894124,-0.002818654487497352
2023-05-23,NVDA,30.62516212463379,-0.015653087525826503,-0.015776890734793
2023-05-24,NVDA,30.47547149658203,-0.004887831366984119,-0.004899815882863555
2023-05-25,NVDA,37.90224075317383,0.24369661540510523,0.21808808628212517
2023-05-26,NVDA,38.86625671386719,0.025434273582166433,0.025116204406266406
2023-05-30,NVDA,40.02886962890625,0.029913169245965765,0.029474496985010267
2023-05-31,NVDA,37.75653076171875,-0.05676750026302424,-0.05844247346437376
2023-06-01,NVDA,39.68857192993164,0.05117104588888188,0.049904824503650885
2023-06-02,NVDA,39.24647521972656,-0.011139143806574325,-0.01120164866949755
2023-06-05,NVDA,39.09079360961914,-0.0039667666774103605,-0.003974655164449131
2023-06-06,NVDA,38.574851989746094,-0.01319854554567268,-0.013286420418083113
2023-06-07,NVDA,37.40214157104492,-0.030400905206658946,-0.03087259725524865
2023-06-08,NVDA,38.435123443603516,0.02761825470866297,0.027243750506727716
2023-06-09,NVDA,38.69462203979492,0.006751600435788152,0.006728910453440444
2023-06-12,NVDA,39.40523147583008,0.01836455296822237,0.01819796106478408
2023-06-13,NVDA,40.942230224609375,0.03900494150686673,0.038263468127788906
2023-06-14,NVDA,42.91340637207031,0.04814530465602518,0.047022225768839555
2023-06-15,NVDA,42.570072174072266,-0.008000627939466098,-0.008032804700958657
2023-06-16,NVDA,42.60899353027344,0.0009142891757858429,0.0009138714680217659
2023-06-20,NVDA,43.72282028198242,0.026140649178151065,0.025804822322250214
2023-06-21,NVDA,42.961307525634766,-0.017416826074722946,-0.017570283427102436
2023-06-22,NVDA,42.941349029541016,-0.0004645691028337673,-0.00046467704849286113
2023-06-23,NVDA,42.12693786621094,-0.018965663206570782,-0.019147818201159322
2023-06-26,NVDA,40.55299758911133,-0.037361848660783625,-0.0380776892612704
2023-06-27,NVDA,41.794586181640625,0.030616444315886282,0.03015711284512718
2023-06-28,NVDA,41.03705596923828,-0.01812507986345635,-0.01829135130995696
2023-06-29,NVDA,40.74263000488281,-0.007174636615652319,-0.007200498092978633
2023-06-30,NVDA,42.219757080078125,0.0362550742310519,0.03561332418015743
2023-07-03,NVDA,42.33053207397461,0.0026237714652497246,0.002620335385911102
2023-07-05,NVDA,42.23472213745117,-0.0022633766179930292,-0.0022659419264208567
2023-07-06,NVDA,42.02114486694336,-0.005056911936409447,-0.005069741385447678
2023-07-07,NVDA,42.42035675048828,0.009500261946907784,0.009455418252551865
2023-07-10,NVDA,42.09798812866211,-0.007599384977413304,-0.007628407432129038
2023-07-11,NVDA,42.32254409790039,0.005334125910054999,0.005319949849359805
2023-07-12,NVDA,43.8166389465332,0.0353025764513748,0.03469372839049921
2023-07-13,NVDA,45.887603759765625,0.0472643466734064,0.04618138012897669
2023-07-14,NVDA,45.38059616088867,-0.011048901170156555,-0.011110393647753753
2023-07-17,NVDA,46.37065887451172,0.021816873231743417,0.021582291021263484
2023-07-18,NVDA,47.40165710449219,0.02223384905464809,0.02199028072929016
2023-07-19,NVDA,46.98546600341797,-0.008780096024001205,-0.008818868182782727
2023-07-20,NVDA,45.431495666503906,-0.033073426084590074,-0.033632718246960486
2023-07-21,NVDA,44.22284698486328,-0.02660376163956557,-0.026964046023746645
2023-07-24,NVDA,44.52525329589844,0.006838237057389396,0.0068149623593862585
2023-07-25,NVDA,45.590187072753906,0.023917523158786036,0.023635979583242775
2023-07-26,NVDA,45.36362838745117,-0.004969461628687499,-0.004981850464064049
2023-07-27,NVDA,45.81075668334961,0.009856537313980063,0.009808278500824328
2023-07-28,NVDA,46.65910720825195,0.01851858791083205,0.01834920679882932
2023-07-31,NVDA,46.63814163208008,-0.0004493351336171125,-0.00044943611489902204
2023-08-01,NVDA,46.41657638549805,-0.0047507306000723615,-0.004762051188965455
2023-08-02,NVDA,44.182926177978516,-0.04812182158737133,-0.04931821623112482
2023-08-03,NVDA,44.42845153808594,0.005557018996849461,0.00554163573053923
2023-08-04,NVDA,44.59312438964844,0.0037064728988209783,0.00369962085420528
2023-08-07,NVDA,45.32869338989258,0.016495121396223444,0.016360554661292496
2023-08-08,NVDA,44.57715606689453,-0.01657972614683012,-0.016718708136706978
2023-08-09,NVDA,42.471256256103516,-0.047241681538203184,-0.0483940082646589
2023-08-10,NVDA,42.30558395385742,-0.0039008100265996992,-0.003908438029419889
2023-08-11,NVDA,40.77555847167969,-0.03616604096155551,-0.03683624086825456
2023-08-14,NVDA,43.66793441772461,0.07093406085544585,0.0685312217415198
2023-08-15,NVDA,43.85456085205078,0.004273763731091895,0.00426465713993694
2023-08-16,NVDA,43.40144729614258,-0.010332187738393839,-0.010385935330801744
2023-08-17,NVDA,43.25973129272461,-0.00326523681228863,-0.0032705793309044354
2023-08-18,NVDA,43.214813232421875,-0.001038334242041139,-0.0010388736844869407
2023-08-21,NVDA,46.87568283081055,0.08471330371600705,0.08131571586944042
2023-08-22,NVDA,45.57920455932617,-0.027657800232239405,-0.02804747910511472
2023-08-23,NVDA,47.02439498901367,0.03170723235870487,0.031214937236973116
2023-08-24,NVDA,47.0713005065918,0.0009974720055214714,0.0009969748608850118
2023-08-25,NVDA,45.92852783203125,-0.024277482505513426,-0.024577038837426245
2023-08-28,NVDA,46.74394226074219,0.017753985751362444,0.01759822463141826
2023-08-29,NVDA,48.689144134521484,0.04161398845926967,0.04077142216239388
2023-08-30,NVDA,49.16820526123047,0.009839177402367172,0.009791087879992857
2023-08-31,NVDA,49.259033203125,0.0018472901626562788,0.0018455860205576213
2023-09-01,NVDA,48.414676666259766,-0.017141151215522954,-0.01728976142968659
2023-09-05,NVDA,48.45360565185547,0.0008040740592787365,0.0008037509649152649
2023-09-06,NVDA,46.973358154296875,-0.030549790415894673,-0.031026162416477095
2023-09-07,NVDA,46.1548957824707,-0.017423969756169222,-0.01757755376065216
2023-09-08,NVDA,45.48713684082031,-0.014467781376813371,-0.014573460256899703
2023-09-11,NVDA,45.093875885009766,-0.008645542083396962,-0.008683131593631654
2023-09-12,NVDA,44.78645324707031,-0.006817392204728323,-0.006840736782891917
2023-09-13,NVDA,45.40030288696289,0.013706145394148495,0.013613065727930264
2023-09-14,NVDA,45.496124267578125,0.0021105890164170305,0.002108364852399873
2023-09-15,NVDA,43.81825256347656,-0.03687944261435172,-0.037576685626353086
2023-09-18,NVDA,43.884132385253906,0.0015034789824608374,0.0015023498895054934
2023-09-19,NVDA,43.438968658447266,-0.010144070364627389,-0.01019587206421776
2023-09-20,NVDA,42.160343170166016,-0.029434987242327293,-0.029876889685588975
2023-09-21,NVDA,40.94061279296875,-0.02893075068849027,-0.029357495714208058
2023-09-22,NVDA,41.53252029418945,0.014457709859251544,0.014354193716733887
2023-09-25,NVDA,42.14337158203125,0.01470778280525531,0.014600672328925762
2023-09-26,NVDA,41.83295440673828,-0.0073657413643032354,-0.007393002384802654
2023-09-27,NVDA,42.388919830322266,0.013290130507598752,0.013202591473648927
2023-09-28,NVDA,43.008766174316406,0.014622838856835907,0.014516956104903635
2023-09-29,NVDA,43.417999267578125,0.009515108887408585,0.009470125362478357
2023-10-02,NVDA,44.698612213134766,0.029494978284568818,0.029068369654061888
2023-10-03,NVDA,43.435970306396484,-0.028247899525776554,-0.02865454771447822
2023-10-04,NVDA,43.95899200439453,0.012041211334952617,0.011969292699125328
2023-10-05,NVDA,44.60478591918945,0.014690826275779001,0.014583961437925022
2023-10-06,NVDA,45.676788330078125,0.02403334953407965,0.023749093991368018
2023-10-09,NVDA,45.188697814941406,-0.01068574505741493,-0.01074324763659964
2023-10-10,NVDA,45.71271896362305,0.011596287877726263,0.011529566251509455
2023-10-11,NVDA,46.718841552734375,0.022009685967530723,0.021770969199939122
2023-10-12,NVDA,46.857582092285156,0.00296969134806524,0.0029652905252846437
2023-10-13,NVDA,45.37635040283203,-0.03161135558671946,-0.032121780119491926
2023-10-16,NVDA,46.00917053222656,0.013946034085523085,0.013849682929757634
2023-10-17,NVDA,43.856178283691406,-0.04679485032287467,-0.04792513125732467
2023-10-18,NVDA,42.11742401123047,-0.03964673486169956,-0.040454077690889975
2023-10-19,NVDA,42.02260971069336,-0.0022511894486193507,-0.002253727184918277
2023-10-20,NVDA,41.3099365234375,-0.016959279591683862,-0.01710473506597196
2023-10-23,NVDA,42.89497375488281,0.03836939402088002,0.03765159236236129
2023-10-24,NVDA,43.58169174194336,0.016009287964242613,0.015882490811594277
2023-10-25,NVDA,41.70119857788086,-0.04314869590646708,-0.044107276724203566
2023-10-26,NVDA,40.25091552734375,-0.03477797041801023,-0.03539712163967974
2023-10-27,NVDA,40.424583435058594,0.004314632485734826,0.0043053511464596775
2023-10-30,NVDA,41.084354400634766,0.01632103313163591,0.016189276737683552
2023-10-31,NVDA,40.70405960083008,-0.00925643849958635,-0.009299545544453721
2023-11-01,NVDA,42.246185302734375,0.03788628743735556,0.03718622906769833
2023-11-02,NVDA,43.424991607666016,0.027903260294021015,0.027521057832488368
2023-11-03,NVDA,44.921199798583984,0.03445500241970878,0.03387472032144227
2023-11-06,NVDA,45.66581344604492,0.016575996429294193,0.016440114134056938
2023-11-07,NVDA,45.86943054199219,0.004458851832078725,0.004448940603128226
2023-11-08,NVDA,46.487274169921875,0.013469616270122886,0.013379707447339148
2023-11-09,NVDA,46.86257553100586,0.008073206437361202,0.008040792445967811
2023-11-10,NVDA,48.244991302490234,0.029499355419970952,0.029072621375720843
2023-11-13,NVDA,48.52946472167969,0.005896434251710048,0.005879118318101852
2023-11-14,NVDA,49.563533782958984,0.021308066495473676,0.021084223833207898
2023-11-15,NVDA,48.79697036743164,-0.01546627847167159,-0.0155871290483918
2023-11-16,NVDA,49.387855529785156,0.012109054269235697,0.012036326195068114
2023-11-17,NVDA,49.20620346069336,-0.0036780716057259744,-0.0036848523428918228
2023-11-20,NVDA,50.31513977050781,0.022536514338081126,0.022286319141291866
2023-11-21,NVDA,49.85100173950195,-0.00922461972922739,-0.009267430009556786
2023-11-22,NVDA,48.625282287597656,-0.024587659407715345,-0.02489498395898389
2023-11-24,NVDA,47.687034606933594,-0.019295470103694812,-0.019484057550678655
2023-11-27,NVDA,48.15217208862305,0.009753961124305821,0.009706698329953
2023-11-28,NVDA,47.73195266723633,-0.00872690479285776,-0.008765207230458429
2023-11-29,NVDA,48.050357818603516,0.00667069192804548,0.006648541314692872
2023-11-30,NVDA,46.682918548583984,-0.028458461749271358,-0.02887125425858752
2023-12-01,NVDA,46.67792510986328,-0.00010696500724360902,-0.00010697072840797623
2023-12-04,NVDA,45.425254821777344,-0.026836460385451955,-0.02720313320681475
2023-12-05,NVDA,46.483375549316406,0.02329366630282026,0.023026509609174295
2023-12-06,NVDA,45.42226028442383,-0.022827844414328058,-0.02309243408385258
2023-12-07,NVDA,46.51332092285156,0.024020395101339354,0.02373644351012513
2023-12-08,NVDA,47.42171096801758,0.019529675093995058,0.01934141810654601
2023-12-11,NVDA,46.54426956176758,-0.018502947032884798,-0.018676267850755438
2023-12-12,NVDA,47.572444915771484,0.022090267259204488,0.02184981200954665
2023-12-13,NVDA,48.0026741027832,0.009043663569813454,0.009003014538062392
2023-12-14,NVDA,48.26421356201172,0.005448435199016277,0.005433646169683339
2023-12-15,NVDA,48.803253173828125,0.011168515387157907,0.0111066080348596
2023-12-18,NVDA,49.9881477355957,0.024279007744569814,0.02398895800507183
2023-12-19,NVDA,49.51598358154297,-0.009445522097561443,-0.00949041394969993
2023-12-20,NVDA,48.025638580322266,-0.03009826107495983,-0.03056051269318608
2023-12-21,NVDA,48.903076171875,0.018270191037339956,0.01810529650504633
2023-12-22,NVDA,48.74335479736328,-0.0032660803167138264,-0.0032714255989521298
2023-12-26,NVDA,49.191566467285156,0.009195338970515943,0.009153319235174207
2023-12-27,NVDA,49.32931900024414,0.002800328244285444,0.0027964146297153967
2023-12-28,NVDA,49.43413543701172,0.0021248304029306553,0.002122576143524536
2023-12-29,NVDA,49.43413543701172,0.0,0.0
2024-01-02,NVDA,48.0825309753418,-0.02734152119221578,-0.027722256552449094
2024-01-03,NVDA,47.484596252441406,-0.012435591695600046,-0.012513560734434232
2024-01-04,NVDA,47.91282653808594,0.009018298973585859,0.00897787695884063
2024-01-05,NVDA,49.0098876953125,0.022897024377272146,0.022638821470114007
2024-01-08,NVDA,52.16028594970703,0.06428087070878652,0.06229933231392052
2024-01-09,NVDA,53.045711517333984,0.016975090368190893,0.01683262351984181
2024-01-10,NVDA,54.253562927246094,0.02277001053171679,0.022514643054417707
2024-01-11,NVDA,54.724727630615234,0.008684493293112716,0.008646999998370597
2024-01-12,NVDA,54.61292266845703,-0.002043042825409236,-0.0020451326843351336
2024-01-16,NVDA,56.28196334838867,0.030561277411648824,0.03010358334723954
2024-01-17,NVDA,55.95354461669922,-0.005835239429309191,-0.005852330960123381
2024-01-18,NVDA,57.005672454833984,0.01880359582832858,0.018628993591149678
2024-01-19,NVDA,59.385440826416016,0.04174616786544427,0.04089831275877078
2024-01-22,NVDA,59.54814910888672,0.002739868227067621,0.002736121630011362
2024-01-23,NVDA,59.76676940917969,0.0036713198237818823,0.0036645969786098334
2024-01-24,NVDA,61.25312042236328,0.024869187809159143,0.024564982796435004
2024-01-25,NVDA,61.507667541503906,0.004155659620039387,0.0041470487143527544
2024-01-26,NVDA,60.92271041870117,-0.00951031222908949,-0.009555824032598435
2024-01-29,NVDA,62.354164123535156,0.02349622488881553,0.02322443767939612
2024-01-30,NVDA,62.662620544433594,0.004946845575338532,0.004934650137527507
2024-01-31,NVDA,61.4178352355957,-0.019864877945141468,-0.020064837174229615
2024-02-01,NVDA,62.9151725769043,0.024379519980879838,0.024087082934170938
2024-02-02,NVDA,66.04261779785156,0.04970891905485009,0.048512905789117454
2024-02-05,NVDA,69.208984375,0.04794429237860176,0.04683042835872502
2024-02-06,NVDA,68.1019515991211,-0.01599550673768868,-0.01612481561682214
2024-02-07,NVDA,69.9746322631836,0.027498193812211857,0.027126909539711846
2024-02-08,NVDA,69.5174331665039,-0.006533783485422329,-0.0065552220832004555
2024-02-09,NVDA,72.0050277709961,0.035783752235702515,0.03515838868622939
2024-02-12,NVDA,72.11979675292969,0.0015939023355231452,0.0015926334213667676
2024-02-13,NVDA,72.0000228881836,-0.0016607626496288885,-0.0016621432446903002
2024-02-14,NVDA,73.76888275146484,0.024567490291333538,0.02427056284852564
2024-02-15,NVDA,72.5290756225586,-0.01680664099364626,-0.01694947522184428
2024-02-16,NVDA,72.48416137695312,-0.0006192584866130391,-0.0006194503063444125
2024-02-20,NVDA,69.32877349853516,-0.043532101613322216,-0.044508052205356995
2024-02-21,NVDA,67.352294921875,-0.02850877748041969,-0.028923045182729867
2024-02-22,NVDA,78.3986587524414,0.1640087222473947,0.15186984262085734
2024-02-23,NVDA,78.67716217041016,0.003552400288481694,0.0035461054181048835
2024-02-26,NVDA,78.95167541503906,0.0034891096355804674,0.003483036814282534
2024-02-27,NVDA,78.56136322021484,-0.004943684763779821,-0.004955945197806556
2024-02-28,NVDA,77.52520751953125,-0.013189125776485677,-0.013276874704317347
2024-02-29,NVDA,78.97163391113281,0.018657497836908732,0.018485581781103846
2024-03-01,NVDA,82.13301849365234,0.04003190039194404,0.03925138613665288
2024-03-04,NVDA,85.08576202392578,0.03595074897316275,0.035319603106054406
2024-03-05,NVDA,85.81549835205078,0.008576479904120804,0.008539910840814603
2024-03-06,NVDA,88.5467758178711,0.031827321617541315,0.03133132904513607
2024-03-07,NVDA,92.50891876220703,0.04474632653463906,0.043774106220671995
2024-03-08,NVDA,87.37678527832031,-0.05547717509355832,-0.05707542620610871
2024-03-11,NVDA,85.62582397460938,-0.020039204900175966,-0.020242713117920367
2024-03-12,NVDA,91.75421905517578,0.07157180855139744,0.06912655053281393
2024-03-13,NVDA,90.73099517822266,-0.01115179102922581,-0.011214438440120973
2024-03-14,NVDA,87.79207611083984,-0.032391566538093164,-0.03292778442861849
2024-03-15,NVDA,87.68526458740234,-0.0012166419586961963,-0.0012173826683706237
2024-03-18,NVDA,88.30220031738281,0.007035797096392571,0.007011161363183365
2024-03-19,NVDA,89.24356842041016,0.01066075476764805,0.010604329590601097
2024-03-20,NVDA,90.21588897705078,0.010895133104272592,0.010836208747720458
2024-03-21,NVDA,91.27703094482422,0.011762251414973779,0.011693613833187913
2024-03-22,NVDA,94.12611389160156,0.0312135804296656,0.030736342096140016
2024-03-25,NVDA,94.83787536621094,0.007561785408766175,0.0075333384261293615
2024-03-26,NVDA,92.4011001586914,-0.02569411427776158,-0.02602997359378439
2024-03-27,NVDA,90.09410858154297,-0.0249671440403455,-0.025284110131910422
2024-03-28,NVDA,90.19991302490234,0.0011743769379062297,0.0011736878967200442
2024-04-01,NVDA,90.20690155029297,7.747818325154476e-05,7.747518197212624e-05
2024-04-02,NVDA,89.29747009277344,-0.01008161728082968,-0.010132780949812754
2024-04-03,NVDA,88.81031036376953,-0.005455470670084894,-0.005470406094815817
2024-04-04,NVDA,85.75659942626953,-0.03438464436158273,-0.034989706634274524
2024-04-05,NVDA,87.85597229003906,0.02448059831913585,0.024185750810455126
2024-04-08,NVDA,86.98248291015625,-0.009942288009734401,-0.009992042612923184
2024-04-09,NVDA,85.20653533935547,-0.02041730140809095,-0.02062861576700611
2024-04-10,NVDA,86.8886489868164,0.019741603631241667,0.01954926542947995
2024-04-11,NVDA,90.45945739746094,0.041096373948527276,0.040274363588391184
2024-04-12,NVDA,88.03365325927734,-0.02681647898378492,-0.027182600998482635
2024-04-15,NVDA,85.85243225097656,-0.024777127013877687,-0.02508924642839826
2024-04-16,NVDA,87.26399230957031,0.01644170143563639,0.0163080001893587
2024-04-17,NVDA,83.88983154296875,-0.03866612880409681,-0.03943350974913168
2024-04-18,NVDA,84.52471923828125,0.00756811265006907,0.007539618161553872
2024-04-19,NVDA,76.06836700439453,-0.10004590739955788,-0.10541152518052085
2024-04-22,NVDA,79.3806381225586,0.04354334460699949,0.04262198438879009
2024-04-23,NVDA,82.2806167602539,0.03653256897756263,0.0358810744719712
2024-04-24,NVDA,79.53936767578125,-0.033315854844161,-0.033883470643448675
2024-04-25,NVDA,82.48926544189453,0.0370872670013882,0.03641607903494079
2024-04-26,NVDA,87.58344268798828,0.0617556383706932,0.059923800647525206
2024-04-29,NVDA,87.60540771484375,0.0002507897175694218,0.00025075827508506054
2024-04-30,NVDA,86.25274658203125,-0.015440383968252536,-0.01556082810782528
2024-05-01,NVDA,82.89753723144531,-0.038899739237810205,-0.03967654583653752
2024-05-02,NVDA,85.66876220703125,0.033429521167182896,0.032882903491350625
2024-05-03,NVDA,88.6356201171875,0.0346317354625294,0.0340455522542121
2024-05-06,NVDA,91.9808349609375,0.03774120200577613,0.0370464299635203
2024-05-07,NVDA,90.39757537841797,-0.017212929010613,-0.017362793703098484
2024-05-08,NVDA,90.25582122802734,-0.001568118943425456,-0.0015693497287826564
2024-05-09,NVDA,88.59369659423828,-0.018415705615151157,-0.018587385728872148
2024-05-10,NVDA,89.72273254394531,0.012743976074031993,0.012663454995124996
2024-05-13,NVDA,90.24283599853516,0.0057967857179908044,0.005780049003942463
2024-05-14,NVDA,91.19818115234375,0.010586382212368628,0.010530738831754944
2024-05-15,NVDA,94.4665298461914,0.03583787146355455,0.03521063686441524
2024-05-16,NVDA,94.19599914550781,-0.002863773032883321,-0.0028678814765167406
2024-05-17,NVDA,92.3192367553711,-0.019924013834575094,-0.020125173419854973
2024-05-20,NVDA,94.61626434326172,0.02488135375271061,0.024576853454161326
2024-05-21,NVDA,95.22122192382812,0.006393801158452561,0.006373447523818284
2024-05-22,NVDA,94.78597259521484,-0.004570927780799261,-0.004581406414766717
2024-05-23,NVDA,103.61968994140625,0.0931964625600874,0.08910593920858897
2024-05-24,NVDA,106.28507232666016,0.025722740405429656,0.025397476705946904
2024-05-28,NVDA,113.70423889160156,0.06980440811235544,0.06747583560788391
2024-05-29,NVDA,114.62664031982422,0.008112287081064817,0.008079559358867587
2024-05-30,NVDA,110.30909729003906,-0.03766613954433817,-0.03839384023305035
2024-05-31,NVDA,109.44361877441406,-0.00784593960867408,-0.007876880941661203
2024-06-03,NVDA,114.80135345458984,0.04895429025623854,0.047793753875855036
2024-06-04,NVDA,116.23584747314453,0.012495445178894338,0.01241802139969214
2024-06-05,NVDA,122.22848510742188,0.0515558475681257,0.05027082703563618
2024-06-06,NVDA,120.78897094726562,-0.011777239641734272,-0.01184714069823493
2024-06-07,NVDA,120.6791763305664,-0.0009089788234651897,-0.0009093921952323827
2024-06-10,NVDA,121.57962036132812,0.007461469808968557,0.0074337707416168046
2024-06-11,NVDA,120.71104431152344,-0.007144092465688923,-0.007169733689432968
2024-06-12,NVDA,124.99398040771484,0.03548089672009036,0.03486595332030631
2024-06-13,NVDA,129.39674377441406,0.03522380319706553,0.034617638314930456
2024-06-14,NVDA,131.66299438476562,0.017513969395570372,0.017362367376064978
2024-06-17,NVDA,130.7644805908203,-0.006824345733164261,-0.006847738066163694
2024-06-18,NVDA,135.35691833496094,0.035119917300103776,0.03451728213153884
2024-06-20,NVDA,130.56480407714844,-0.03540354136870716,-0.03604544268793313
2024-06-21,NVDA,126.36172485351562,-0.032191517869925246,-0.032721060319442094
2024-06-24,NVDA,117.9156494140625,-0.06684045702323393,-0.06917909277852484
2024-06-25,NVDA,125.88250732421875,0.0675640421754411,0.06537945699135674
2024-06-26,NVDA,126.19200897216797,0.0024586549356859777,0.0024556373886987235
2024-06-27,NVDA,123.78598022460938,-0.019066411313645504,-0.01925051927578432
2024-06-28,NVDA,123.33672332763672,-0.003629303545987006,-0.003635905446475806
2024-07-01,NVDA,124.09547424316406,0.006151865357341801,0.006133019884037028
2024-07-02,NVDA,122.46814727783203,-0.013113507766957744,-0.013200248965386872
2024-07-03,NVDA,128.0689239501953,0.04573251736761663,0.04471761340708874
2024-07-05,NVDA,125.62294006347656,-0.019098964926651307,-0.019283706184216393
2024-07-08,NVDA,127.98902893066406,0.018834847090761775,0.018659667592756043
2024-07-09,NVDA,131.16383361816406,0.024805287718995706,0.024502631344097508
2024-07-10,NVDA,134.68801879882812,0.026868574083641406,0.026513952050209073
2024-07-11,NVDA,127.19037628173828,-0.05566673698191693,-0.057276142279934446
2024-07-12,NVDA,129.02734375,0.014442660851892386,0.014339359072729993
2024-07-15,NVDA,128.22865295410156,-0.0061900894235717985,-0.006209327458299636
2024-07-16,NVDA,126.15206146240234,-0.016194442067815507,-0.016327005183527303
2024-07-17,NVDA,117.79583740234375,-0.0662392985353556,-0.06853508186220876
2024-07-18,NVDA,120.89073181152344,0.02627337669504204,0.0259341602778506
2024-07-19,NVDA,117.73594665527344,-0.02609617055812452,-0.026442717953840986
2024-07-22,NVDA,123.33672332763672,0.04757065986620179,0.046473826258645386
2024-07-23,NVDA,122.38827514648438,-0.00768990901949651,-0.007719628829657831
2024-07-24,NVDA,114.06201171875,-0.06803154483359475,-0.07045631125732497
2024-07-25,NVDA,112.0952377319336,-0.01724302383571852,-0.01739341608996532
2024-07-26,NVDA,112.87394714355469,0.006946855436297028,0.006922837206029862
2024-07-29,NVDA,111.40638732910156,-0.013001758612965486,-0.013087021326297025
2024-07-30,NVDA,103.5593032836914,-0.0704365722068464,-0.0730402355332369
2024-07-31,NVDA,116.82743072509766,0.1281210574105487,0.12055346771686767
2024-08-01,NVDA,109.03028106689453,-0.06674074410272968,-0.069072243318308
2024-08-02,NVDA,107.0934829711914,-0.017763854928658063,-0.01792352594074065
2024-08-05,NVDA,100.28471374511719,-0.06357781105976179,-0.06568884763989254
2024-08-06,NVDA,104.07846069335938,0.037829762947565015,0.03713176642595691
2024-08-07,NVDA,98.74724578857422,-0.05122303759364988,-0.052581531802482595
2024-08-08,NVDA,104.79727172851562,0.06126779427240936,0.059464225779561626
2024-08-09,NVDA,104.57763671875,-0.0020958084704209012,-0.0020980077503768946
2024-08-12,NVDA,108.84061431884766,0.040763759192249394,0.039954827464121226
2024-08-13,NVDA,115.94889068603516,0.06530904305964191,0.063264938343604
2024-08-14,NVDA,117.88571166992188,0.01670409240163595,0.016566113471988664
2024-08-15,NVDA,122.6578369140625,0.04048094698280735,0.03968305527861738
2024-08-16,NVDA,124.37499237060547,0.013999557629130965,0.013902468905711805
2024-08-19,NVDA,129.7860870361328,0.04350629143681606,0.04258647668495075
2024-08-20,NVDA,127.04060363769531,-0.02115391149494439,-0.02138086177813736
2024-08-21,NVDA,128.28855895996094,0.009823279223583059,0.009775344478186003
2024-08-22,NVDA,123.53639221191406,-0.037042794669866375,-0.03774630708096765
2024-08-23,NVDA,129.15713500976562,0.04549868016389658,0.0444939774887162
2024-08-26,NVDA,126.25190734863281,-0.022493745010007782,-0.02275058817634556
2024-08-27,NVDA,128.08889770507812,0.014550198844700546,0.014445360424479387
2024-08-28,NVDA,125.40331268310547,-0.020966571421015434,-0.021189491397206352
2024-08-29,NVDA,117.39649200439453,-0.06384855796388889,-0.06597801854514829
2024-08-30,NVDA,119.173583984375,0.015137521996091197,0.01502409296717822
2024-09-03,NVDA,107.8222885131836,-0.09525009730914602,-0.10009672409192022
2024-09-04,NVDA,106.03522491455078,-0.01657415756311187,-0.016713045686887293
2024-09-05,NVDA,107.03358459472656,0.009415358726124312,0.009371310506825256
2024-09-06,NVDA,102.66080474853516,-0.04085427824125076,-0.04171226386039831
2024-09-09,NVDA,106.2947998046875,0.03539807685176166,0.034785968087533384
2024-09-10,NVDA,107.92211151123047,0.015309419741446284,0.015193413073241834
2024-09-11,NVDA,116.7176284790039,0.08149874798231838,0.07834780874254706
2024-09-12,NVDA,118.95413208007812,0.01916166075526915,0.018980388129862528
2024-09-13,NVDA,118.9141845703125,-0.0003358228004953778,-0.00033587920159958205
2024-09-16,NVDA,116.59780883789062,-0.01947938961858864,-0.019671613289849867
2024-09-17,NVDA,115.40966033935547,-0.01019014431212062,-0.010242419262076237
2024-09-18,NVDA,113.19312286376953,-0.01920582271075344,-0.019392650513115606
2024-09-19,NVDA,117.68611145019531,0.03969312333429653,0.03892559589344372
2024-09-20,NVDA,115.81903076171875,-0.015864919534423705,-0.015992114455583597
2024-09-23,NVDA,116.07861328125,0.0022412769112643005,0.0022387689967560158
2024-09-24,NVDA,120.68143463134766,0.03965262178783413,0.038886639845309316
2024-09-25,NVDA,123.31730651855469,0.021841569047127862,0.021606459262760933
2024-09-26,NVDA,123.84647369384766,0.004291102281035908,0.00428192175532262
2024-09-27,NVDA,121.21060180664062,-0.021283382631652414,-0.021513139672999528
2024-09-30,NVDA,121.25054931640625,0.00032957108677145186,0.0003295167901502374
2024-10-01,NVDA,116.81746673583984,-0.036561340179978696,-0.03724645706714463
2024-10-02,NVDA,118.66458129882812,0.015811972426736265,0.01568826552025279
2024-10-03,NVDA,122.65834045410156,0.033655865225834525,0.03310190175919791
2024-10-04,NVDA,124.72510528564453,0.01684977005144095,0.016709387424790154
2024-10-07,NVDA,127.52073669433594,0.022414343946945303,0.02216683422478524
2024-10-08,NVDA,132.68267822265625,0.040479232336097404,0.03968140734058667
2024-10-09,NVDA,132.44305419921875,-0.0018059932663959666,-0.0018076260383813859
2024-10-10,NVDA,134.5996856689453,0.016283462222810074,0.016152308494313056
2024-10-11,NVDA,134.58970642089844,-7.414020320539727e-05,-7.414295172611436e-05
2024-10-14,NVDA,137.85458374023438,0.024258001641862537,0.023968449610435302
2024-10-15,NVDA,131.39471435546875,-0.04686002604699924,-0.047993508932848455
2024-10-16,NVDA,135.50827026367188,0.03130685985643611,0.030826793977258023
2024-10-17,NVDA,136.71636962890625,0.0089153183262074,0.008875811512698098
2024-10-18,NVDA,137.7847137451172,0.007814310159864446,0.007783936568059349
2024-10-21,NVDA,143.48580932617188,0.04137683655968494,0.040543718902484184
2024-10-22,NVDA,143.365966796875,-0.0008352221718626041,-0.0008355711642384343
2024-10-23,NVDA,139.34230041503906,-0.028065701168372703,-0.028467070600883583
2024-10-24,NVDA,140.1909637451172,0.006090493177953293,0.006072021089187872
2024-10-25,NVDA,141.31918334960938,0.00804773413601323,0.00801552382161427
2024-10-28,NVDA,140.30075073242188,-0.0072066126696189725,-0.007232705740048755
2024-10-29,NVDA,141.02964782714844,0.005195247287854476,0.0051817985502315474
2024-10-30,NVDA,139.1226043701172,-0.013522287592808824,-0.013614546367495267
2024-10-31,NVDA,132.55287170410156,-0.04722261127701233,-0.04837399262168817
2024-11-01,NVDA,135.18875122070312,0.019885495370373096,0.019690361553806386
2024-11-04,NVDA,135.83773803710938,0.004800597760879821,0.004789111636954438
2024-11-05,NVDA,139.6917266845703,0.028372002531491525,0.027976971740576447
2024-11-06,NVDA,145.38284301757812,0.040740539673180365,0.039932517138764084
2024-11-07,NVDA,148.64776611328125,0.02245741676208901,0.022208961869146802
2024-11-08,NVDA,147.39967346191406,-0.0083963095040126,-0.008431757069266348
2024-11-11,NVDA,145.0334014892578,-0.01605344107677187,-0.016183693442096893
2024-11-12,NVDA,148.05865478515625,0.020859010854285875,0.020644440376304654
2024-11-13,NVDA,146.04180908203125,-0.013621937238667892,-0.013715567077876694
2024-11-14,NVDA,146.53102111816406,0.0033498081077454334,0.003344209998809565
2024-11-15,NVDA,141.7584991455078,-0.032570045142916504,-0.033112254779601565
2024-11-18,NVDA,139.9313507080078,-0.012889163249566571,-0.012972949247131833
2024-11-19,NVDA,146.78062438964844,0.048947384892559676,0.04778717076115458
2024-11-20,NVDA,145.66241455078125,-0.007618238739050098,-0.00764740574838038
2024-11-21,NVDA,146.44119262695312,0.005346458649429842,0.005332217078147614
2024-11-22,NVDA,141.72854614257812,-0.032181153402513485,-0.03271035116354412
2024-11-25,NVDA,135.80780029296875,-0.04177525283899508,-0.04267292814880989
2024-11-26,NVDA,136.70640563964844,0.00661674325584527,0.006594948696698715
2024-11-27,NVDA,135.1288604736328,-0.011539657989209084,-0.011606756538139171
2024-11-29,NVDA,138.03431701660156,0.021501376780541204,0.021273483077412815
2024-12-02,NVDA,138.4137420654297,0.002748773327016174,0.0027450023583925616
2024-12-03,NVDA,140.04115295410156,0.011757581757326996,0.011688998452038453
2024-12-04,NVDA,144.91354370117188,0.034792563787783504,0.03420098516918866
2024-12-05,NVDA,144.84368896484375,-0.00048204422129216606,-0.0004821604419583077
2024-12-06,NVDA,142.2275848388672,-0.01806156791968716,-0.018226669049069347
2024-12-09,NVDA,138.6029815673828,-0.025484530835496955,-0.025814886210277353
2024-12-10,NVDA,134.8685760498047,-0.02694318315051991,-0.027312805027706426
2024-12-11,NVDA,139.1022491455078,0.031391101023708456,0.03090847454214619
2024-12-12,NVDA,137.13519287109375,-0.014141081733023753,-0.014242019539056438
2024-12-13,NVDA,134.0498046875,-0.02249887952900609,-0.02275584086138682
2024-12-16,NVDA,131.80313110351562,-0.016759991476465563,-0.016902029406532425
2024-12-17,NVDA,130.19554138183594,-0.01219690084916969,-0.012271893453089164
2024-12-18,NVDA,128.71774291992188,-0.011350607295990245,-0.011415517083418382
2024-12-19,NVDA,130.485107421875,0.013730542983904304,0.013637133152473621
2024-12-20,NVDA,134.49911499023438,0.030762189246482885,0.03029851814395633
2024-12-23,NVDA,139.46170043945312,0.036896788871652264,0.036232395722880506
2024-12-24,NVDA,140.01087951660156,0.003937848709846037,0.003930115677973705
2024-12-26,NVDA,139.7213134765625,-0.00206816813835331,-0.0020703097513976067
2024-12-27,NVDA,136.8056640625,-0.02086760667728471,-0.021088412374471833
2024-12-30,NVDA,137.2849578857422,0.0035034647616871695,0.0034973419256118647
2024-12-31,NVDA,134.08973693847656,-0.02327437030592172,-0.02354949576101007
2025-01-02,NVDA,138.10372924804688,0.029935119579002745,0.02949580955754961
2025-01-03,NVDA,144.25454711914062,0.044537666756603755,0.04357436336197106
2025-01-06,NVDA,149.2071533203125,0.03433240961951434,0.033756203745379874
2025-01-07,NVDA,139.93099975585938,-0.062169630329582226,-0.06418618889875241
2025-01-08,NVDA,139.9010772705078,-0.0002138374299031076,-0.00021386029638618614
2025-01-10,NVDA,135.7073211669922,-0.029976581920142964,-0.03043506542576232
2025-01-13,NVDA,133.0312957763672,-0.019719093764529183,-0.019916109374847002
2025-01-14,NVDA,131.56350708007812,-0.011033409001416472,-0.011094728517885033
2025-01-15,NVDA,136.03683471679688,0.03400127995976865,0.033436013957587905
2025-01-16,NVDA,133.37081909179688,-0.019597748143362348,-0.019792330455421954
2025-01-17,NVDA,137.504638671875,0.030994932836341693,0.030524290218032952
2025-01-21,NVDA,140.61997985839844,0.02265626248404251,0.022403421203704088
2025-01-22,NVDA,146.85067749023438,0.04430876492878277,0.04335519758198355
2025-01-23,NVDA,147.00047302246094,0.0010200533956441493,0.0010195334947002786
2025-01-24,NVDA,142.4073028564453,-0.03124595500664684,-0.03174452284628787
2025-01-27,NVDA,118.24339294433594,-0.16968167662348033,-0.1859461295769258
2025-01-28,NVDA,128.7976531982422,0.0892587737132573,0.08549744080349996
2025-01-29,NVDA,123.5155258178711,-0.04101105299054608,-0.041875729702705505
2025-01-30,NVDA,124.464111328125,0.007679888855856465,0.007650548633454593
2025-01-31,NVDA,119.89093017578125,-0.03674297035140883,-0.03743499765812739
2025-02-03,NVDA,116.48603057861328,-0.028399976480087186,-0.02881105764671685
2025-02-04,NVDA,118.47305297851562,0.017058031680128094,0.016914177070847556
2025-02-05,NVDA,124.64384460449219,0.052086035354348414,0.050774893627723736
2025-02-06,NVDA,128.4880828857422,0.030841781986492567,0.03037573252766905
2025-02-07,NVDA,129.6463623046875,0.009014683641714205,0.008974293933287724
2025-02-10,NVDA,133.37081909179688,0.028727815581561567,0.02832290833586022
2025-02-11,NVDA,132.60195922851562,-0.005764828232419084,-0.005781508993400884
2025-02-12,NVDA,130.94444274902344,-0.012499939587135023,-0.012578721029277201
2025-02-13,NVDA,135.08824157714844,0.031645473004664026,0.031155074127870386
2025-02-14,NVDA,138.6429443359375,0.026313931673757063,0.02597367623759073
2025-02-18,NVDA,139.19210815429688,0.003960993622789344,0.003953169541501455
2025-02-19,NVDA,139.02236938476562,-0.00121945684839464,-0.0012202009909251757
2025-02-20,NVDA,139.9010772705078,0.006320622282808497,0.006300730922969176
2025-02-21,NVDA,134.22952270507812,-0.040539749057567076,-0.04138439123727858
2025-02-24,NVDA,130.08572387695312,-0.030870994283646036,-0.03135754311854549
2025-02-25,NVDA,126.44114685058594,-0.028016733256714277,-0.02841668995456816
2025-02-26,NVDA,131.08421325683594,0.036721166502362124,0.036063008329937744
2025-02-27,NVDA,119.9708251953125,-0.08478052227195931,-0.08859137610051047
2025-02-28,NVDA,124.73370361328125,0.03970030555524473,0.03893250388963958
2025-03-03,NVDA,113.88990020751953,-0.08693563240438495,-0.09094889967224491
2025-03-04,NVDA,115.81703186035156,0.016921005719739757,0.01677944022442381
2025-03-05,NVDA,117.12507629394531,0.01129405936745953,0.011230757655257998
2025-03-06,NVDA,110.40511322021484,-0.05737424714128325,-0.059085943776481666
2025-03-07,NVDA,112.5219497680664,0.01917335607119308,0.018991863491692174
2025-03-10,NVDA,106.8204574584961,-0.050670045456219004,-0.051998854242922256
2025-03-11,NVDA,108.59781646728516,0.016638751144457897,0.01650184368353863
2025-03-12,NVDA,115.57803344726562,0.06427585016944826,0.0622946149960412
2025-03-13,NVDA,115.41825103759766,-0.0013824634742628517,-0.0013834199585296947
2025-03-14,NVDA,121.49972534179688,0.05269075080871022,0.051349506075918684
2025-03-17,NVDA,119.36271667480469,-0.017588588459607313,-0.017745105675053947
2025-03-18,NVDA,115.26846313476562,-0.034300941316487976,-0.03490302676016759
2025-03-19,NVDA,117.35553741455078,0.0181062037527564,0.01794423857355824
2025-03-20,NVDA,118.3641128540039,0.008594187046243817,0.008557467255265383
2025-03-21,NVDA,117.5352783203125,-0.0070024141076757696,-0.0070270460654743025
2025-03-24,NVDA,121.24009704589844,0.031520908262874014,0.031034323089008616
2025-03-25,NVDA,120.52110290527344,-0.005930332935586535,-0.005947987191630208
2025-03-26,NVDA,113.60079956054688,-0.057419847461616325,-0.05913432079483433
2025-03-27,NVDA,111.27405548095703,-0.020481757950565616,-0.020694417932847372
2025-03-28,NVDA,109.51651763916016,-0.015794677691940984,-0.01592074281436386
2025-03-31,NVDA,108.22832489013672,-0.011762543009884885,-0.011832269028448047
2025-04-01,NVDA,109.99585723876953,0.016331513496370187,0.01619958874575572
2025-04-02,NVDA,110.26546478271484,0.0024510699831183924,0.0024480710105487763
2025-04-03,NVDA,101.65754699707031,-0.07806540155258024,-0.0812809923803167
2025-04-04,NVDA,94.17802429199219,-0.07357567564849543,-0.07642291565199687
2025-04-07,NVDA,97.50334930419922,0.03530892729175439,0.034699862656022346
2025-04-08,NVDA,96.16523742675781,-0.013723752947877199,-0.013818794195566005
2025-04-09,NVDA,114.17000579833984,0.18722741037576052,0.17162068141896455
2025-04-10,NVDA,107.4194564819336,-0.059127169778110056,-0.06094729175802365
2025-04-11,NVDA,110.77476501464844,0.031235575403224525,0.03075767108114559
2025-04-14,NVDA,110.55506896972656,-0.001983267984299708,-0.0019852372644194064
2025-04-15,NVDA,112.04297637939453,0.013458518216612925,0.013368756833628433
2025-04-16,NVDA,104.3437728881836,-0.06871652057100186,-0.07119155886989582
2025-04-17,NVDA,101.34796142578125,-0.02871097507287479,-0.029131198002330435
2025-04-21,NVDA,96.77438354492188,-0.04512747781521664,-0.046177432034535525
2025-04-22,NVDA,98.75160217285156,0.020431219042711612,0.020225301724121302
2025-04-23,NVDA,102.5662612915039,0.038628832694534765,0.037901413158226226
2025-04-24,NVDA,106.28104400634766,0.036218369160263775,0.03557790266881406
2025-04-25,NVDA,110.85465240478516,0.04303315272443453,0.042132961442940875
2025-04-28,NVDA,108.57784271240234,-0.020538693171568978,-0.020752545360519608
2025-04-29,NVDA,108.867431640625,0.0026671088777265872,0.00266355845435312
2025-04-30,NVDA,108.76756286621094,-0.0009173429822770807,-0.0009177639988480709
2025-05-01,NVDA,111.45380401611328,0.024697079525506593,0.024397036741896447
2025-05-02,NVDA,114.33976745605469,0.02589380833985855,0.02556424074860387
2025-05-05,NVDA,113.66072082519531,-0.005938849150802783,-0.005956554248827417
2025-05-06,NVDA,113.38111114501953,-0.002460037893000977,-0.0024630687579338803
2025-05-07,NVDA,116.89617919921875,0.031002236780898196,0.030531374558073913
2025-05-08,NVDA,117.20574951171875,0.002648250050777179,0.002644749615268537
2025-05-09,NVDA,116.48676300048828,-0.006134396258082764,-0.006153288970022832
2025-05-12,NVDA,122.82787322998047,0.05443631590540132,0.05300632642014118
2025-05-13,NVDA,129.74815368652344,0.05634128699424412,0.05481132151145412
2025-05-14,NVDA,135.15060424804688,0.041637976402931764,0.04079445148776378
2025-05-15,NVDA,134.64129638671875,-0.0037684467943137623,-0.003775565279316689
2025-05-16,NVDA,135.21051025390625,0.004227632104436996,0.004218720774885204
2025-05-19,NVDA,135.3802947998047,0.0012557052375559152,0.0012549174991100046
2025-05-20,NVDA,134.1919403076172,-0.008777898540882845,-0.008816651237104279
2025-05-21,NVDA,131.61557006835938,-0.019199142909416378,-0.019385839931706075
2025-05-22,NVDA,132.64410400390625,0.007814682829794917,0.007784306348343088
2025-05-23,NVDA,131.1062469482422,-0.011593859125610062,-0.011661591942435625
2025-05-27,NVDA,135.31036376953125,0.03206648744166052,0.03156309079967979
2025-05-28,NVDA,134.62132263183594,-0.005092301273159849,-0.005105311225145272
2025-05-29,NVDA,138.99520874023438,0.03249029219806587,0.03197364357937338
2025-05-30,NVDA,134.94090270996094,-0.02916867471202156,-0.029602538151327566
2025-06-02,NVDA,137.187744140625,0.01665055876714705,0.01651345799010261
2025-06-03,NVDA,141.02236938476562,0.02795166046472719,0.027568143033128163
2025-06-04,NVDA,141.7213897705078,0.004956805000453368,0.004944560488316775
2025-06-05,NVDA,139.79409790039062,-0.013599160107292785,-0.013692475659628582
2025-06-06,NVDA,141.5216827392578,0.012358067077325119,0.01228232950795926
2025-06-09,NVDA,142.43040466308594,0.006421079132463259,0.00640055182861995
2025-06-10,NVDA,143.758544921875,0.009324836659214242,0.009281628766522401
2025-06-11,NVDA,142.64002990722656,-0.007780511518506894,-0.007810937621434968
2025-06-12,NVDA,144.80714416503906,0.0151928898165683,0.01507863366673007
2025-06-13,NVDA,141.7811737060547,-0.02089655504520982,-0.021117978137043802
2025-06-16,NVDA,144.49754333496094,0.019158888009616293,0.01897766751199451
2025-06-17,NVDA,143.9282989501953,-0.00393947448259413,-0.0039472546521019305
2025-06-18,NVDA,145.2864990234375,0.009436643684034518,0.009392396706195575
2025-06-20,NVDA,143.65866088867188,-0.011204331756270225,-0.01126757310977725
2025-06-23,NVDA,143.97824096679688,0.002224579264125559,0.0022221085511937373
2025-06-24,NVDA,147.70326232910156,0.025872113294978627,0.025543093068303727
2025-06-25,NVDA,154.104736328125,0.04334009891237289,0.042427200443476455
2025-06-26,NVDA,154.81381225585938,0.004601259796613855,0.004590706361105659
2025-06-27,NVDA,157.54017639160156,0.017610600088035833,0.017457330302646516
2025-06-30,NVDA,157.77984619140625,0.0015213249425907183,0.0015201689001292087
2025-07-01,NVDA,153.09608459472656,-0.029685423770775543,-0.030134954669382066
2025-07-02,NVDA,157.0408477783203,0.02576658439068691,0.02544022027251973
2025-07-03,NVDA,159.1280517578125,0.013290834894361447,0.013203286621560333
2025-07-07,NVDA,158.02951049804688,-0.0069035047411851735,-0.006927444170970858
2025-07-08,NVDA,159.78717041015625,0.01112235244271731,0.011060953925272335
2025-07-09,NVDA,162.66334533691406,0.018000036669871378,0.017839954149815006
2025-07-10,NVDA,163.88172912597656,0.007490217212359207,0.007462304828640099
2025-07-11,NVDA,164.7006378173828,0.004996949298580855,0.0049845059826317175
2025-07-14,NVDA,163.85177612304688,-0.005153967255895786,-0.005167294757861245
2025-07-15,NVDA,170.4729461669922,0.04040951035509699,0.039614395606997935
2025-07-16,NVDA,171.14205932617188,0.003925040155780657,0.003917357282829712
2025-07-17,NVDA,172.76988220214844,0.009511530259631584,0.009466580458505701
2025-07-18,NVDA,172.18067932128906,-0.0034103332904399375,-0.003416161732074377
2025-07-21,NVDA,171.1520538330078,-0.005974105180302058,-0.005992021538431036
2025-07-22,NVDA,166.8078155517578,-0.025382332165809984,-0.025710020444218915
2025-07-23,NVDA,170.5528564453125,0.022451231563503482,0.022202912504946
2025-07-24,NVDA,173.50892639160156,0.01733228049004798,0.017183789848632187
2025-07-25,NVDA,173.26922607421875,-0.0013814869492179138,-0.0013824420820837484
2025-07-28,NVDA,176.51490783691406,0.01873201512024436,0.018558731547405234
2025-07-29,NVDA,175.2765350341797,-0.007015683932365291,-0.007040409555520836
2025-07-30,NVDA,179.03155517578125,0.021423404683743374,0.021197149286229566
2025-07-31,NVDA,177.63340759277344,-0.0078095036466339085,-0.00784015751888624
2025-08-01,NVDA,173.4889373779297,-0.023331592131278556,-0.02360808283998426
2025-08-04,NVDA,179.7605743408203,0.036150068457843076,0.035511987070790445
2025-08-05,NVDA,178.02288818359375,-0.00966667003373034,-0.009713695587568768
2025-08-06,NVDA,179.1813507080078,0.006507379675917635,0.006486298088631934
2025-08-07,NVDA,180.52957153320312,0.007524336767571027,0.00749617014752595
2025-08-08,NVDA,182.4569854736328,0.010676444440988364,0.010619853644031441
2025-08-11,NVDA,181.81784057617188,-0.003502989462430328,-0.003509139296085911
2025-08-12,NVDA,182.9163818359375,0.006041988268502108,0.006023808648001382
2025-08-13,NVDA,181.3484649658203,-0.008571768446215433,-0.008608717349844527
2025-08-14,NVDA,181.77789306640625,0.0023679720733609244,0.0023651728456153295
2025-08-15,NVDA,180.20997619628906,-0.008625454083926454,-0.008662868613232049
2025-08-18,NVDA,181.7678985595703,0.00864503950427431,0.008607885130718085
2025-08-19,NVDA,175.40638732910156,-0.03499799073918386,-0.035625095509758
2025-08-20,NVDA,175.1667022705078,-0.001366455704626346,-0.0013673901565778366
2025-08-21,NVDA,174.7472381591797,-0.0023946566664271307,-0.0023975284422295936
2025-08-22,NVDA,177.7532501220703,0.017202057065716758,0.01705577684624118
2025-08-25,NVDA,179.57083129882812,0.01022530488477491,0.010173380119172456
2025-08-26,NVDA,181.52822875976562,0.010900419888796753,0.010841438539146547
2025-08-27,NVDA,181.35845947265625,-0.0009352225175625062,-0.000935660110993945
2025-08-28,NVDA,179.9303436279297,-0.007874547726525405,-0.007905715707802479
2025-08-29,NVDA,173.94830322265625,-0.03324642350288309,-0.03381164899589295
2025-09-02,NVDA,170.5528564453125,-0.01951986144410689,-0.019712889995680733
2025-09-03,NVDA,170.39305114746094,-0.000936984001219554,-0.0009374232451266017
2025-09-04,NVDA,171.4316864013672,0.006095525885075004,0.006077023317683689
2025-09-05,NVDA,166.7978515625,-0.027030212069536264,-0.027402247709384677
2025-09-08,NVDA,168.0861358642578,0.007723626471741962,0.007693951967387206
2025-09-09,NVDA,170.53286743164062,0.014556415107065845,0.014451487517380842
2025-09-10,NVDA,177.09413146972656,0.03847507015453244,0.03775335841712994
2025-09-11,NVDA,176.94430541992188,-0.0008460249278802179,-0.0008463830089474332
2025-09-12,NVDA,177.593505859375,0.0036689535609097934,0.0036622393684891535
2025-09-15,NVDA,177.52357482910156,-0.0003937701997325238,-0.00039384774757564376
2025-09-16,NVDA,174.65724182128906,-0.016146210499489166,-0.016277980876145105
2025-09-17,NVDA,170.0730743408203,-0.026246649910796838,-0.026597241403402035
2025-09-18,NVDA,176.01551818847656,0.03494053288969079,0.03434396892143857
2025-09-19,NVDA,176.4449462890625,0.0024397172760990404,0.002436745997643716
2025-09-22,NVDA,183.37612915039062,0.03928241078649575,0.03853048537251343
2025-09-23,NVDA,178.2027130126953,-0.02821204789120879,-0.02861765458791344
2025-09-24,NVDA,176.74456787109375,-0.008182508094013552,-0.008216168557129732
2025-09-25,NVDA,177.46365356445312,0.004068502370516036,0.00406024839471943
2025-09-26,NVDA,177.96302795410156,0.0028139530524602385,0.002810001298201019
2025-09-29,NVDA,181.6183624267578,0.020539853219394555,0.02033175514549697
2025-09-30,NVDA,186.3423309326172,0.02601041239849544,0.02567789523362701
2025-10-01,NVDA,187.0015106201172,0.003537466147390589,0.0035312240305386154
2025-10-02,NVDA,188.64939880371094,0.008812165089625124,0.00877356456654706
2025-10-03,NVDA,187.38099670410156,-0.006723594708770597,-0.006746299902584282
2025-10-06,NVDA,185.3036651611328,-0.011086137759471537,-0.011148046965904684
2025-10-07,NVDA,184.80429077148438,-0.002694897530570728,-0.0026985353040084835
2025-10-08,NVDA,188.86911010742188,0.021995264931179426,0.021756858631033507
2025-10-09,NVDA,192.32470703125,0.0182962524780399,0.018130890013948877
2025-10-10,NVDA,182.92669677734375,-0.04886532988389891,-0.050099617507457596
2025-10-13,NVDA,188.08013916015625,0.028172172097357784,0.027782635594309407
2025-10-14,NVDA,179.80067443847656,-0.044020941066134855,-0.04501927105154537
2025-10-15,NVDA,179.60093688964844,-0.0011108832013667636,-0.001111500689457427
2025-10-16,NVDA,181.57839965820312,0.011010314326866277,0.010950142090018556
2025-10-17,NVDA,182.9866180419922,0.007755428985164681,0.007725510234727423
2025-10-20,NVDA,182.4073486328125,-0.0031656380962610253,-0.0031706593282750787
2025-10-21,NVDA,180.9292449951172,-0.008103311893813858,-0.008136322174984818
2025-10-22,NVDA,180.05035400390625,-0.004857650244628253,-0.004869486975601364
2025-10-23,NVDA,181.92796325683594,0.010428245272369407,0.01037424620852365
2025-10-24,NVDA,186.02273559570312,0.022507657786980273,0.02225809818499557
2025-10-27,NVDA,191.24609375,0.028079138485787913,0.02769214703276586
2025-10-28,NVDA,200.77392578125,0.04981974713535808,0.048618480037657764
2025-10-29,NVDA,206.77627563476562,0.029896062599559903,0.02945788705226331
2025-10-30,NVDA,202.63156127929688,-0.020044438573744605,-0.020248053829069825
2025-10-31,NVDA,202.23207092285156,-0.0019715110218919696,-0.0019734570078558597
2025-11-03,NVDA,206.61648559570312,0.021680115586237392,0.021448444339366195
2025-11-04,NVDA,198.43690490722656,-0.03958822871705392,-0.040393158064018025
2025-11-05,NVDA,194.9613494873047,-0.01751466251475131,-0.017669859029216153
2025-11-06,NVDA,187.84043884277344,-0.036524729969592995,-0.03720845826520234
2025-11-07,NVDA,187.91030883789062,0.0003719646075555083,0.0003718954458708058
2025-11-10,NVDA,198.7964630126953,0.05793271397470856,0.05631673403630657
2025-11-11,NVDA,192.91395568847656,-0.029590603550341266,-0.030037238330691364
2025-11-12,NVDA,193.55313110351562,0.0033132668539088694,0.0033077900792958703
2025-11-13,NVDA,186.62197875976562,-0.035810076045957095,-0.03646698722696613
2025-11-14,NVDA,189.92774963378906,0.01771372748265021,0.017558667856868868
2025-11-17,NVDA,186.36231994628906,-0.01877255795624766,-0.01895099914976759
2025-11-18,NVDA,181.1289825439453,-0.02808152100624217,-0.028483347386914173
2025-11-19,NVDA,186.28240966796875,0.028451698075282472,0.028054465542118427
2025-11-20,NVDA,180.40989685058594,-0.03152478448099327,-0.03203238704693301
2025-11-21,NVDA,178.6521453857422,-0.00974309888497693,-0.009790873441003703
2025-11-24,NVDA,182.31747436523438,0.02051656850567385,0.020308938810314977
2025-11-25,NVDA,177.593505859375,-0.025910673248993765,-0.02625226830148803
2025-11-26,NVDA,180.03036499023438,0.01372155540861364,0.013628267270712124
2025-11-28,NVDA,176.7745361328125,-0.018084887277757256,-0.018250417620476727
2025-12-01,NVDA,179.69081115722656,0.016497144261903296,0.01636254469904524
2025-12-02,NVDA,181.22886657714844,0.008559455044009567,0.008523030609971779
2025-12-03,NVDA,179.3612518310547,-0.010305282935148319,-0.010358750009418166
2025-12-04,NVDA,183.15660095214844,0.02116036257746856,0.0209395910779005
2025-12-05,NVDA,182.1877899169922,-0.005289522900729926,-0.005303561955473612
2025-12-08,NVDA,185.323974609375,0.017214022376646154,0.017067539740813674
2025-12-09,NVDA,184.7446746826172,-0.003125876875773148,-0.0031307726339145528
2025-12-10,NVDA,183.55612182617188,-0.006433489130266867,-0.006454273212194532
2025-12-11,NVDA,180.70957946777344,-0.015507749510496383,-0.015629252452978915
2025-12-12,NVDA,174.80679321289062,-0.03266449001911087,-0.03320988405610645
2025-12-15,NVDA,176.07522583007812,0.007256197507397255,0.007229997969270962
2025-12-16,NVDA,177.5034942626953,0.008111694452662688,0.008078971499177832
2025-12-17,NVDA,170.73175048828125,-0.038149918132835525,-0.038896680515676234
2025-12-18,NVDA,173.9278564453125,0.018720044443348183,0.018546980913234357
2025-12-19,NVDA,180.76953125,0.039336279676618124,0.03858231680305103
2025-12-22,NVDA,183.4662322998047,0.014917895904012823,0.014807718486955977
2025-12-23,NVDA,188.97952270507812,0.03005070925675346,0.029608033317785238
2025-12-24,NVDA,188.38023376464844,-0.0031711845381520165,-0.0031762233994321078
2025-12-26,NVDA,190.2978973388672,0.010179749413702144,0.010128284734973564
2025-12-29,NVDA,187.99070739746094,-0.012124095818556446,-0.012198192178212625
2025-12-30,NVDA,187.31153869628906,-0.00361277804937421,-0.0036193198928964683
2025-12-31,NVDA,186.27279663085938,-0.005545531645618107,-0.00556096519082302
2026-01-02,NVDA,188.6199493408203,0.012600619910229538,0.012521892750037324
2026-01-05,NVDA,187.89083862304688,-0.0038655016095672234,-0.003872991969811118
2026-01-06,NVDA,187.0119171142578,-0.004677830570294028,-0.004688805860122811
2026-01-07,NVDA,188.87962341308594,0.009987097761727348,0.009937556278234288
2026-01-08,NVDA,184.8145751953125,-0.021521899209228312,-0.021756872784011613
2026-01-09,NVDA,184.63479614257812,-0.0009727536507572188,-0.0009732270826363764
2026-01-12,NVDA,184.71470642089844,0.00043280183361860125,0.00043270820192001583
2026-01-13,NVDA,185.58364868164062,0.004704239730442428,0.004693209374154674
2026-01-14,NVDA,182.91690063476562,-0.014369520514437517,-0.0144737618783219
2026-01-15,NVDA,186.82212829589844,0.021349736670481123,0.02112502378995899
2026-01-16,NVDA,186.0031280517578,-0.004383850305160086,-0.00439348755272313
2026-01-20,NVDA,177.85308837890625,-0.04381668070971212,-0.04480562773387968
2026-01-21,NVDA,183.09669494628906,0.02948279737606585,0.029056537657964503
2026-01-22,NVDA,184.6148223876953,0.008291397296120495,0.008257212491436692
2026-01-23,NVDA,187.44137573242188,0.015310543910665775,0.015194520290977908
2026-01-26,NVDA,186.2428436279297,-0.006394170442939551,-0.006414700713591816
2026-01-27,NVDA,188.29034423828125,0.010993714284356582,0.010933722693939045
2026-01-28,NVDA,191.28668212890625,0.015913391112786668,0.015788100555001735
2026-01-29,NVDA,192.27548217773438,0.005169204870006494,0.005155890394303416
2026-01-30,NVDA,190.8971710205078,-0.007168418675203125,-0.007194235238293908
2026-02-02,NVDA,185.38388061523438,-0.028880943472342824,-0.02930620592319385
2026-02-03,NVDA,180.12030029296875,-0.028392869459833103,-0.028803742914224988
2026-02-04,NVDA,173.97781372070312,-0.03410213375324578,-0.034697178882302095
2026-02-05,NVDA,171.67062377929688,-0.013261403233346236,-0.013350120861006402
2026-02-06,NVDA,185.18414306640625,0.07871771529462501,0.07577303508317983
2026-02-09,NVDA,189.80848693847656,0.02497159743538102,0.024664902387306904
2026-02-10,NVDA,188.31031799316406,-0.007893055623999112,-0.007924370677356948
2026-02-11,NVDA,189.81849670410156,0.008009007297158588,0.007977105419925957
2026-02-12,NVDA,186.7122802734375,-0.01636413987360874,-0.01649951126645964
2026-02-13,NVDA,182.58729553222656,-0.022092733992482794,-0.022340433476236748
2026-02-17,NVDA,184.7446746826172,0.011815603840902744,0.011746344619703246
2026-02-18,NVDA,187.75099182128906,0.01627282163254007,0.016141838338721674
2026-02-19,NVDA,187.6710968017578,-0.0004255371370144312,-0.0004256277036358056
2026-02-20,NVDA,189.58877563476562,0.010218296081220712,0.010166442233303357
2026-02-23,NVDA,191.316650390625,0.009113803019584088,0.009072522939621767
2026-02-24,NVDA,192.61508178710938,0.006786818574511244,0.006763891796129693
2026-02-25,NVDA,195.32176208496094,0.014052276035389388,0.013954458115647371
2026-02-26,NVDA,184.66476440429688,-0.05456124072866231,-0.05610616371498543
2026-02-27,NVDA,176.97415161132812,-0.041646346652961186,-0.04253841115102456
2026-03-02,NVDA,182.25770568847656,0.029854947906472917,0.029417965049183585
2026-03-03,NVDA,179.83065795898438,-0.013316571281988043,-0.013406031910892074
2026-03-04,NVDA,182.8170166015625,0.016606504566419655,0.01647012436394315
2026-03-05,NVDA,183.11663818359375,0.001638915171032762,0.0016375736151613366
2026-03-06,NVDA,177.6033935546875,-0.030107830089031284,-0.03057037870423802
2026-03-09,NVDA,182.427490234375,0.027162187518686487,0.026799842059778225
2026-03-10,NVDA,184.54490661621094,0.011606893122936501,0.011540049870070287
2026-03-11,NVDA,185.8134307861328,0.006873796699033097,0.006850279863628475
2026-03-12,NVDA,182.9268035888672,-0.015535083686109119,-0.015657017582739324
2026-03-13,NVDA,180.0401611328125,-0.015780314308353027,-0.01590614903148685
2026-03-16,NVDA,183.0067138671875,0.01647717218041489,0.01634289655954095
2026-03-17,NVDA,181.71820068359375,-0.007040797336696936,-0.007065700712188807
2026-03-18,NVDA,180.1899871826172,-0.008409798772097021,-0.008445360648967679
2026-03-19,NVDA,178.3521270751953,-0.010199568445272478,-0.010251940462499028
2026-03-20,NVDA,172.4989471435547,-0.03281811115811839,-0.03336870520646045
2026-03-23,NVDA,175.43553161621094,0.0170237820072745,0.016880501264273443
2026-03-24,NVDA,174.99603271484375,-0.00250518750288653,-0.0025083307357880963
2026-03-25,NVDA,178.47198486328125,0.019863034004328428,0.019668337891847958
2026-03-26,NVDA,171.04066467285156,-0.04163858095780393,-0.0425303080215932
2026-03-27,NVDA,167.32498168945312,-0.021723974181843797,-0.021963413780231762
2026-03-30,NVDA,164.97772216796875,-0.014028147487508913,-0.01412747193455417
2026-03-31,NVDA,174.1969757080078,0.05588180888236938,0.05437625561333066
2026-04-01,NVDA,175.54541015625,0.007740860269023653,0.00771105353121578
2026-04-02,NVDA,177.18348693847656,0.009331356375359201,0.009288088228185538
2026-04-06,NVDA,177.43319702148438,0.0014093304479019242,0.0014083382738375788
2026-04-07,NVDA,177.89266967773438,0.00258955293576979,0.0025862058206754654
2026-04-08,NVDA,181.8680419921875,0.0223470271240227,0.02210099101794525
2026-04-09,NVDA,183.69590759277344,0.010050504643715596,0.010000334200718077
2026-04-10,NVDA,188.41041564941406,0.025664741901011645,0.025340931070435613
2026-04-13,NVDA,189.08961486816406,0.003604892099032586,0.0035984100488998323
2026-04-14,NVDA,196.28123474121094,0.038032865411783634,0.03732744648887824
2026-04-15,NVDA,198.63848876953125,0.01200957407583192,0.011938031369764115
2026-04-16,NVDA,198.1190948486328,-0.002614769796708716,-0.002618194278043067
2026-04-17,NVDA,201.44520568847656,0.016788441530004805,0.016649073332435406
2026-04-20,NVDA,201.82476806640625,0.00188419663120043,0.0018824237593380586
2026-04-21,NVDA,199.64732360839844,-0.010788787118989118,-0.01084740809684451
2026-04-22,NVDA,202.26426696777344,0.013107830909409257,0.013022666698602456
2026-04-23,NVDA,199.4075927734375,-0.014123474389033275,-0.014224159796213538
2026-04-24,NVDA,208.0275421142578,0.043227788976992976,0.04231955004193406
2026-04-27,NVDA,216.3578338623047,0.04004417714781017,0.03926319027785601
2026-04-28,NVDA,212.92184448242188,-0.01588104908680843,-0.01600850416151377
2026-04-29,NVDA,209.00640869140625,-0.018389075111261644,-0.018560255972615913
2026-04-30,NVDA,199.33767700195312,-0.04626045560032954,-0.04736465906513777
2026-05-01,NVDA,198.21897888183594,-0.00561207563438304,-0.00562788249813037
2026-05-04,NVDA,198.24893188476562,0.0001511106711307164,0.00015109925506329687
2026-05-05,NVDA,196.271240234375,-0.009975799776516192,-0.010025891482081857
2026-05-06,NVDA,207.5880584716797,0.057659075388685865,0.05605804652492139
2026-05-07,NVDA,211.2537841796875,0.01765865404299216,0.017504551528897266
2026-05-08,NVDA,214.94947814941406,0.017494095947569344,0.017342835809247024
2026-05-11,NVDA,219.18453979492188,0.01970259096216065,0.019511007291121277
2026-05-12,NVDA,220.52297973632812,0.006106452319395217,0.006087883494185524
2026-05-13,NVDA,225.56710815429688,0.022873482047085725,0.02261580585803677
2026-05-14,NVDA,235.465576171875,0.04388258597883499,0.04294701759820982
2026-05-15,NVDA,225.05770874023438,-0.04420122720632225,-0.04520787679613538
2026-05-18,NVDA,222.0612030029297,-0.013314388358780072,-0.013403819528754392
2026-05-19,NVDA,220.35317993164062,-0.007691677106092865,-0.00772141061963216
2026-05-20,NVDA,223.20985412597656,0.012964070657941695,0.012880756382786308
2026-05-21,NVDA,219.25445556640625,-0.017720537361840427,-0.017879425943107992
2026-05-22,NVDA,215.07933044433594,-0.01904237298751621,-0.01922601401684015
2026-05-26,NVDA,214.60987854003906,-0.0021826918622399605,-0.0021850774060261733
2026-05-27,NVDA,212.35250854492188,-0.010518481304186755,-0.010574191531007708
2026-05-28,NVDA,214.00057983398438,0.007761016341909066,0.007731054577228179
2026-05-29,NVDA,210.8942108154297,-0.014515703746992292,-0.014622087317938178
2026-06-01,NVDA,224.09881591796875,0.0626124588791841,0.06073045986638763
2026-06-02,NVDA,222.56060791015625,-0.006863972045151545,-0.0068876374559193035
2026-06-03,NVDA,214.5,-0.03621758578863232,-0.03688972124723909
2026-06-04,NVDA,218.66000366210938,0.01939395646671027,0.019208290386228847
2026-06-05,NVDA,205.10000610351562,-0.062014073591381225,-0.06402033391723558
2026-06-08,NVDA,208.63999938964844,0.017259839984335112,0.017112580975841913
2026-06-09,NVDA,208.19000244140625,-0.0021568105327770537,-0.0021591397984066225
2026-06-10,NVDA,200.4199981689453,-0.03732169739825886,-0.03803598052040507
2026-06-11,NVDA,204.8699951171875,0.022203357892913722,0.02196045231330065
2026-06-12,NVDA,205.19000244140625,0.0015620019126554308,0.0015607832565316107
2026-06-15,NVDA,212.4499969482422,0.03538181402824003,0.034770261132300154
2026-06-16,NVDA,207.41000366210938,-0.023723197733726886,-0.02400912389906229
2026-06-17,NVDA,204.64999389648438,-0.013307023368657411,-0.013396355182919827
2026-06-18,NVDA,210.69000244140625,0.029513846689763534,0.02908669731246372
2026-06-22,NVDA,208.64999389648438,-0.00968251232276296,-0.009729692641559137
2026-06-23,NVDA,200.0399932861328,-0.04126528091164561,-0.04214086479707091
2026-06-24,NVDA,199.0,-0.00519892681982459,-0.005212488263586544
2026-06-25,NVDA,195.74000549316406,-0.016381881943899224,-0.016517548663244935
2026-06-26,NVDA,192.52999877929688,-0.016399339040476746,-0.016535296660330157
2026-06-29,NVDA,194.97000122070312,0.012673362368860186,0.012593727434429082
2026-06-30,NVDA,200.08999633789062,0.026260425117358155,0.025921540190744
2026-07-01,NVDA,197.5800018310547,-0.012544327816355838,-0.012623672142353475
2026-07-02,NVDA,194.8300018310547,-0.013918412665829716,-0.014016182027723867
2026-07-06,NVDA,195.5500030517578,0.0036955356666652506,0.0036887239515329033
2026-07-07,NVDA,196.92999267578125,0.007056965494693257,0.00703218164456726
2026-07-08,NVDA,204.1199951171875,0.03651044893523969,0.03585973382237286
2026-07-09,NVDA,202.77999877929688,-0.006564748040099211,-0.006586390769892467
2026-07-10,NVDA,210.9600067138672,0.04033932332484791,0.03954693236574592
2026-07-13,NVDA,203.52999877929688,-0.03521998340020871,-0.03585516570320906
2026-07-14,NVDA,211.8000030517578,0.040632851776453593,0.039829039408852435
2026-07-15,NVDA,212.5,0.0033049902651376417,0.0032995407884884027
2026-07-16,NVDA,207.39999389648438,-0.02400002872242646,-0.02429272199776063
2026-07-17,NVDA,202.80999755859375,-0.022131130535045007,-0.022379698238568935
2026-07-20,NVDA,203.27999877929688,0.0023174460152899368,0.0023147648787335633
2026-07-21,NVDA,207.2899932861328,0.019726458731385677,0.01953441361577837
2026-07-22,NVDA,212.05999755859375,0.02301126164771805,0.02275049536218918
2026-07-23,NVDA,208.75999450683594,-0.01556164807012217,-0.015684001522928887
2026-07-24,NVDA,206.83999633789062,-0.009197155678610791,-0.009239710638928346
2026-07-27,NVDA,196.50999450683594,-0.049941993879074276,-0.0512322371769213
2026-07-28,NVDA,197.00999450683594,0.002544399847217882,0.0025411683422597504
2026-07-29,NVDA,190.00999450683594,-0.03553119230079016,-0.03617778754375249
2026-07-30,NVDA,195.0399932861328,0.026472285272951313,0.026127957865361876
2026-07-31,NVDA,200.75,0.029276081370092744,0.028855721516937157
2022-01-04,SOXX,177.40399169921875,-0.0030734362007962535,-0.003078168905434645
2022-01-05,SOXX,171.3779296875,-0.03396801816013073,-0.03455833782297138
2022-01-06,SOXX,172.7098846435547,0.007772033181188798,0.007741986513355396
2022-01-07,SOXX,167.7005157470703,-0.029004529224386344,-0.02943347519642455
2022-01-10,SOXX,167.76162719726562,0.000364408242413905,0.0003643418618562607
2022-01-11,SOXX,170.91781616210938,0.018813533330434895,0.018638747633716545
2022-01-12,SOXX,172.17262268066406,0.007341578231754076,0.007314760024938987
2022-01-13,SOXX,168.15411376953125,-0.023339999406212897,-0.02361669099301984
2022-01-14,SOXX,172.1790313720703,0.02393588543456948,0.0236539127768072
2022-01-18,SOXX,164.483154296875,-0.04469694720587025,-0.04572665607207833
2022-01-19,SOXX,159.64430236816406,-0.029418525863003087,-0.029859929214613976
2022-01-20,SOXX,154.6381072998047,-0.03135843242820113,-0.031860634827703724
2022-01-21,SOXX,152.06422424316406,-0.016644558715727897,-0.01678463590714086
2022-01-24,SOXX,153.8015899658203,0.011425210178812595,0.011360435375257445
2022-01-25,SOXX,148.06185913085938,-0.037319060461185716,-0.03803324135670468
2022-01-26,SOXX,150.33653259277344,0.015362994057123602,0.015246178172453018
2022-01-27,SOXX,143.64443969726562,-0.044514083038186936,-0.045535254330561124
2022-01-28,SOXX,146.39846801757812,0.019172536898168113,0.018991059729163158
2022-01-31,SOXX,154.2616729736328,0.053710978417551125,0.05231819849053656
2022-02-01,SOXX,155.54541015625,0.008321815509135577,0.008287380113888273
2022-02-02,SOXX,159.4737548828125,0.025255291831603133,0.024941646780347382
2022-02-03,SOXX,152.53396606445312,-0.04351680828898152,-0.04449206295772784
2022-02-04,SOXX,153.40907287597656,0.005737127500858863,0.005720732860418969
2022-02-07,SOXX,153.32223510742188,-0.0005660536689696682,-0.0005662139378311171
2022-02-08,SOXX,157.1991424560547,0.025286008555227113,0.02497160640478458
2022-02-09,SOXX,162.3564910888672,0.03280774024740141,0.032281054952306903
2022-02-10,SOXX,157.2956085205078,-0.03117142120045735,-0.03166758800458254
2022-02-11,SOXX,149.2908935546875,-0.05088962775954853,-0.05223018340424563
2022-02-14,SOXX,149.43247985839844,0.0009483920977342297,0.0009479426580895988
2022-02-15,SOXX,157.67849731445312,0.055182229886491685,0.053713481762193205
2022-02-16,SOXX,157.72994995117188,0.0003263135912321413,0.0003262603625314141
2022-02-17,SOXX,151.8068389892578,-0.037552227485950884,-0.03827547661551673
2022-02-18,SOXX,150.11131286621094,-0.011168970609860662,-0.011231811915356039
2022-02-22,SOXX,149.19757080078125,-0.006087096621718802,-0.006105698520479824
2022-02-23,SOXX,145.6424560546875,-0.02382823478299645,-0.024116719101435573
2022-02-24,SOXX,150.97032165527344,0.03658181649027781,0.03592858512846913
2022-02-25,SOXX,153.48629760742188,0.016665367898555772,0.0165280244735642
2022-02-28,SOXX,152.5532684326172,-0.006078908601933497,-0.006097460388113774
2022-03-01,SOXX,147.0226593017578,-0.03625362594772752,-0.03692711644394779
2022-03-02,SOXX,151.69747924804688,0.03179659494999476,0.03130154971635223
2022-03-03,SOXX,148.51548767089844,-0.020975902783100464,-0.021199022641270604
2022-03-04,SOXX,144.57427978515625,-0.02653735275391389,-0.026895824452919492
2022-03-07,SOXX,137.32240295410156,-0.050160214125439806,-0.051461955057793156
2022-03-08,SOXX,139.95419311523438,0.019165045939463,0.01898370966235556
2022-03-09,SOXX,145.81936645507812,0.04190780718527343,0.041053462627308294
2022-03-10,SOXX,142.82725524902344,-0.02051929917674178,-0.020732744881738634
2022-03-11,SOXX,139.76113891601562,-0.021467305575969764,-0.02170107990498795
2022-03-14,SOXX,135.23757934570312,-0.03236636167533502,-0.03290173614956645
2022-03-15,SOXX,141.4534149169922,0.045962339768000016,0.04493736094868085
2022-03-16,SOXX,148.73751831054688,0.051494715753798825,0.050212690711754805
2022-03-17,SOXX,149.65447998046875,0.006164965506600506,0.006146039850930874
2022-03-18,SOXX,152.5757598876953,0.01952016342984053,0.019332088600248622
2022-03-21,SOXX,152.27334594726562,-0.0019820575735770563,-0.001984024449092949
2022-03-22,SOXX,153.1163330078125,0.005536011935002749,0.005520744541992133
2022-03-23,SOXX,149.25872802734375,-0.025193948318184445,-0.025516749123750203
2022-03-24,SOXX,156.79342651367188,0.050480789873459164,0.049247954485033794
2022-03-25,SOXX,156.4388885498047,-0.0022611787480534273,-0.0022637390730151554
2022-03-28,SOXX,157.6540985107422,0.007767953174575348,0.007737937963943254
2022-03-29,SOXX,161.26759338378906,0.022920399197872143,0.022661672796270148
2022-03-30,SOXX,156.11012268066406,-0.03198082512988898,-0.03250338315163604
2022-03-31,SOXX,152.55787658691406,-0.022754745385835107,-0.023017630177434693
2022-04-01,SOXX,149.60202026367188,-0.019375311123698058,-0.019565472765710544
2022-04-04,SOXX,152.03240966796875,0.016245699088911714,0.016115149732095508
2022-04-05,SOXX,145.03440856933594,-0.04602966639755368,-0.047122704870149315
2022-04-06,SOXX,141.42739868164062,-0.02487002859029086,-0.025184512858521794
2022-04-07,SOXX,141.7368621826172,0.00218814390889821,0.002185753408552571
2022-04-08,SOXX,138.2201385498047,-0.024811637414982934,-0.025124634248648123
2022-04-11,SOXX,135.3803253173828,-0.02054558230238357,-0.020759578976849668
2022-04-12,SOXX,134.96768188476562,-0.003048031031464782,-0.0030526857389173937
2022-04-13,SOXX,137.87196350097656,0.021518348508723584,0.021290097433087102
2022-04-14,SOXX,134.05868530273438,-0.027658111927993057,-0.028047799666953633
2022-04-18,SOXX,136.37957763671875,0.017312510030538464,0.01716435602941986
2022-04-19,SOXX,139.36769104003906,0.02191027025527159,0.0216736897423607
2022-04-20,SOXX,139.05819702148438,-0.002220701342219744,-0.0022231707560097795
2022-04-21,SOXX,135.34808349609375,-0.026680293609857575,-0.02704267277002445
2022-04-22,SOXX,132.33741760253906,-0.022243875316059314,-0.022495001306873486
2022-04-25,SOXX,134.57444763183594,0.016903987321375435,0.01676270486280425
2022-04-26,SOXX,128.60787963867188,-0.044336559414958066,-0.04534947751197975
2022-04-27,SOXX,127.90518951416016,-0.005463818597164938,-0.005478799848809859
2022-04-28,SOXX,134.954833984375,0.05511617235385424,0.05365087684092815
2022-04-29,SOXX,129.18812561035156,-0.04273065442539914,-0.04367047929684495
2022-05-02,SOXX,133.50103759765625,0.03338474002102165,0.0328395699930202
2022-05-03,SOXX,134.60667419433594,0.008281857703696938,0.008247751300379063
2022-05-04,SOXX,139.82862854003906,0.03879417106884331,0.038060589574736604
2022-05-05,SOXX,133.05621337890625,-0.048433680798017464,-0.049645895040596175
2022-05-06,SOXX,131.87001037597656,-0.008915051562092158,-0.008955028408728917
2022-05-09,SOXX,125.15562438964844,-0.05091670173669238,-0.05225870944725841
2022-05-10,SOXX,128.0019073486328,0.022741950055101157,0.02248720691406941
2022-05-11,SOXX,124.22083282470703,-0.029539204549721587,-0.029984273427787294
2022-05-12,SOXX,124.97509765625,0.006071967273052703,0.006053607163607567
2022-05-13,SOXX,131.35423278808594,0.05104324982711406,0.04978324216812431
2022-05-16,SOXX,129.35574340820312,-0.015214503084243769,-0.01533143115397067
2022-05-17,SOXX,135.63816833496094,0.04856703507112625,0.047424503575668554
2022-05-18,SOXX,128.80128479003906,-0.05040530721439751,-0.05172002459698658
2022-05-19,SOXX,128.021240234375,-0.0060561861392580685,-0.006074599214181575
2022-05-20,SOXX,127.95354461669922,-0.0005287842669845499,-0.0005289241226895592
2022-05-23,SOXX,128.50477600097656,0.004308058724974195,0.004298805605787037
2022-05-24,SOXX,125.37480163574219,-0.024356871881638043,-0.02465840685407336
2022-05-25,SOXX,127.63118743896484,0.017997123614825306,0.017837092598627313
2022-05-26,SOXX,132.61782836914062,0.03907070858022421,0.038326764257914564
2022-05-27,SOXX,138.07183837890625,0.0411257677556327,0.040302596701966016
2022-05-31,SOXX,137.3627166748047,-0.005135889493667389,-0.005149123505842234
2022-06-01,SOXX,135.1836700439453,-0.015863450313217786,-0.015990621550657863
2022-06-02,SOXX,139.89303588867188,0.03483679532591211,0.03424372860819194
2022-06-03,SOXX,135.7091064453125,-0.029908060946571946,-0.03036442944698139
2022-06-06,SOXX,135.9444122314453,0.0017338982791670343,0.001732396812888436
2022-06-07,SOXX,137.0307159423828,0.0079907933919936,0.007959036067776957
2022-06-08,SOXX,134.11349487304688,-0.02128881141190664,-0.021518686524063683
2022-06-09,SOXX,130.3066864013672,-0.02838497703220133,-0.0287956198824681
2022-06-10,SOXX,125.67732238769531,-0.035526680491380414,-0.036173109529470865
2022-06-13,SOXX,118.42658233642578,-0.05769330467514344,-0.05942447849396165
2022-06-14,SOXX,119.08516693115234,0.00556112134398723,0.005545715398516448
2022-06-15,SOXX,121.13189697265625,0.01718711149548291,0.01704108391485413
2022-06-16,SOXX,113.83273315429688,-0.06025798324620524,-0.06214989164837329
2022-06-17,SOXX,114.29436492919922,0.004055351761400816,0.004047150986321687
2022-06-21,SOXX,117.2869873046875,0.026183463877174518,0.02584654545823766
2022-06-22,SOXX,116.06346893310547,-0.01043183391183522,-0.010486626885134395
2022-06-23,SOXX,115.27577209472656,-0.006786776628509239,-0.006809911530702855
2022-06-24,SOXX,120.38292694091797,0.04430380081943541,0.04335044408252771
2022-06-27,SOXX,120.05364990234375,-0.0027352469900970844,-0.0027389946134891876
2022-06-28,SOXX,117.1255874633789,-0.024389616153666638,-0.024691969148086815
2022-06-29,SOXX,114.36216735839844,-0.023593649900321645,-0.023876436900213203
2022-06-30,SOXX,112.8642349243164,-0.013098146604616834,-0.013184683808793216
2022-07-01,SOXX,108.87084197998047,-0.035382270982599495,-0.0360233918589016
2022-07-05,SOXX,109.72956848144531,0.007887571050683606,0.00785662677243364
2022-07-06,SOXX,110.26545715332031,0.004883721674031838,0.004871834990463802
2022-07-07,SOXX,115.20152282714844,0.04476529460141543,0.04379226172321625
2022-07-08,SOXX,115.75032806396484,0.0047638713738171745,0.0047525600481591315
2022-07-11,SOXX,113.08377838134766,-0.023037080993356884,-0.023306581593458175
2022-07-12,SOXX,113.40015411376953,0.0027977110152348494,0.002793804705892812
2022-07-13,SOXX,114.03934478759766,0.005636594401687178,0.0056207682460256685
2022-07-14,SOXX,116.45733642578125,0.021203135134520323,0.020981476429950643
2022-07-15,SOXX,119.23689270019531,0.02386759271439698,0.023587214266987743
2022-07-18,SOXX,118.85594940185547,-0.0031948442274294386,-0.0031999586383173917
2022-07-19,SOXX,124.09547424316406,0.04408298337337424,0.043138972291425146
2022-07-20,SOXX,127.25914764404297,0.025493866075081195,0.02517431711317138
2022-07-21,SOXX,129.3381805419922,0.016337001594293854,0.01620498864040941
2022-07-22,SOXX,126.1518783569336,-0.02463543380389599,-0.024943963825440122
2022-07-25,SOXX,125.35452270507812,-0.006320600709562418,-0.006340660276574722
2022-07-26,SOXX,123.26578521728516,-0.01666264162408515,-0.016803025061116396
2022-07-27,SOXX,128.90562438964844,0.04575348432999249,0.044737663230381405
2022-07-28,SOXX,130.4939422607422,0.01232155601133944,0.012246263489836415
2022-07-29,SOXX,131.4979248046875,0.0076937099650131735,0.007664264312934577
2022-08-01,SOXX,132.00477600097656,0.0038544425476059185,0.0038470332170525505
2022-08-02,SOXX,131.75296020507812,-0.0019076264020672085,-0.0019094482386031516
2022-08-03,SOXX,135.41383361816406,0.027785891166222543,0.027406868264632126
2022-08-04,SOXX,136.39199829101562,0.0072235210149189655,0.007197556349550785
2022-08-05,SOXX,135.3299102783203,-0.007787025822652449,-0.007817503029195785
2022-08-08,SOXX,133.28317260742188,-0.015124059911730603,-0.015239594891273361
2022-08-09,SOXX,127.17527770996094,-0.04582645189165324,-0.04690970782247749
2022-08-10,SOXX,132.45347595214844,0.0415033356893868,0.04066518448801597
2022-08-11,SOXX,132.28244018554688,-0.0012912893781915624,-0.0012921238107272753
2022-08-12,SOXX,136.1531219482422,0.029260737534521297,0.028840814000655864
2022-08-15,SOXX,136.6599578857422,0.0037225436350454277,0.003715632116464049
2022-08-16,SOXX,135.2621307373047,-0.010228505628592344,-0.010281176261353258
2022-08-17,SOXX,131.99505615234375,-0.024153653111571805,-0.024450136429453102
2022-08-18,SOXX,135.00381469726562,0.022794479070862073,0.02253856656234994
2022-08-19,SOXX,131.359130859375,-0.0269968952067281,-0.02736800585233107
2022-08-22,SOXX,126.41661071777344,-0.037626011296410855,-0.038352142218517224
2022-08-23,SOXX,127.04611206054688,0.004979577756429654,0.004967220664203561
2022-08-24,SOXX,127.36571502685547,0.0025156453914645382,0.0025124864523347113
2022-08-25,SOXX,132.03384399414062,0.03665137801252771,0.035995689516398525
2022-08-26,SOXX,124.544189453125,-0.05672526311775028,-0.058397695321506196
2022-08-29,SOXX,122.02933502197266,-0.020192466964497502,-0.020399121467247868
2022-08-30,SOXX,120.60890197753906,-0.01164009493436824,-0.01170837118458375
2022-08-31,SOXX,119.34664154052734,-0.010465731934503397,-0.010520882840850997
2022-09-01,SOXX,117.13204193115234,-0.018556027893109728,-0.01873035084108457
2022-09-02,SOXX,115.8471908569336,-0.01096925361357537,-0.011029859484291272
2022-09-06,SOXX,114.51066589355469,-0.011536964802447924,-0.01160403191381411
2022-09-07,SOXX,116.44764709472656,0.016915290694164975,0.016773820277936596
2022-09-08,SOXX,118.41043853759766,0.01685556979330305,0.01671509104541649
2022-09-09,SOXX,121.25135040283203,0.023992072830068434,0.023708785210465134
2022-09-12,SOXX,121.84212493896484,0.004872313043690513,0.004860481741468035
2022-09-13,SOXX,114.2750015258789,-0.06210597046691846,-0.06411831126948529
2022-09-14,SOXX,115.5727767944336,0.011356598129301121,0.011292596076667771
2022-09-15,SOXX,113.65516662597656,-0.016592230641544914,-0.016731423528637778
2022-09-16,SOXX,114.33634185791016,0.005993350343458159,0.005975461659138874
2022-09-19,SOXX,114.93679809570312,0.005251665638727365,0.005237923733667077
2022-09-20,SOXX,113.4098129272461,-0.013285433331678309,-0.013374474211547981
2022-09-21,SOXX,112.26377868652344,-0.010105247607258172,-0.010156652219288173
2022-09-22,SOXX,109.20982360839844,-0.02720338753831386,-0.02758025003196559
2022-09-23,SOXX,107.74740600585938,-0.013390897945069091,-0.013481364546025582
2022-09-26,SOXX,106.13162231445312,-0.014996033327413727,-0.01510961073938904
2022-09-27,SOXX,107.11836242675781,0.00929732431094954,0.009254370224732507
2022-09-28,SOXX,108.63739776611328,0.014180905168281521,0.01408129672006094
2022-09-29,SOXX,105.25851440429688,-0.031102395963964802,-0.03159634446446508
2022-09-30,SOXX,103.453857421875,-0.017144997653018468,-0.0172936749570734
2022-10-03,SOXX,107.03073120117188,0.034574581058981035,0.033990309426943935
2022-10-04,SOXX,112.05200958251953,0.04691436118389025,0.045847134067299726
2022-10-05,SOXX,112.96733093261719,0.008168718736129232,0.008135535341298942
2022-10-06,SOXX,112.51615142822266,-0.003993893638716273,-0.004001890531509597
2022-10-07,SOXX,105.76486206054688,-0.06000284654228172,-0.0618784319591425
2022-10-10,SOXX,102.16848754882812,-0.03400349077806153,-0.03459505841803392
2022-10-11,SOXX,99.29595947265625,-0.028115597530002034,-0.02851840909413594
2022-10-12,SOXX,98.33193969726562,-0.009708549879676509,-0.009755985117997221
2022-10-13,SOXX,101.16229248046875,0.028783656581136574,0.028377188470230526
2022-10-14,SOXX,96.94597625732422,-0.041678733446640415,-0.04257220592064986
2022-10-17,SOXX,99.00059509277344,0.021193441076869712,0.020971983603960243
2022-10-18,SOXX,99.34139251708984,0.0034423775331557938,0.0034364661139552927
2022-10-19,SOXX,99.9775619506836,0.006403870707613724,0.00638345304926378
2022-10-20,SOXX,100.59752655029297,0.0062010373879208824,0.00618189007029689
2022-10-21,SOXX,104.3366928100586,0.037169564580658454,0.036495430422927466
2022-10-24,SOXX,104.78787994384766,0.004324338079322088,0.00431501499718603
2022-10-25,SOXX,107.18002319335938,0.022828434460107294,0.02257176465474883
2022-10-26,SOXX,106.1251449584961,-0.009842116127930067,-0.009890869910214359
2022-10-27,SOXX,104.2425765991211,-0.017739135810945106,-0.017898360091571384
2022-10-28,SOXX,108.32905578613281,0.03920163257981257,0.03845275736975907
2022-10-31,SOXX,105.96934509277344,-0.02178280495694529,-0.022023552782495542
2022-11-01,SOXX,106.82299041748047,0.008055587433891231,0.008023314392458552
2022-11-02,SOXX,103.45059967041016,-0.031569896460401425,-0.03207896854884993
2022-11-03,SOXX,102.06464385986328,-0.013397271885928985,-0.013487825019009235
2022-11-04,SOXX,106.78729248046875,0.04627115171331764,0.045232559308536494
2022-11-07,SOXX,109.09505462646484,0.021610831142836462,0.021380627816674314
2022-11-08,SOXX,111.49696350097656,0.022016661366875967,0.021777794355940037
2022-11-09,SOXX,107.93305969238281,-0.031964133342183176,-0.032486140059525354
2022-11-10,SOXX,119.1019058227539,0.1034793802955567,0.0984682608088155
2022-11-11,SOXX,122.74695587158203,0.03060446450162302,0.030145488846736564
2022-11-14,SOXX,121.4031982421875,-0.010947380485756164,-0.011007744008071049
2022-11-15,SOXX,124.92166137695312,0.028981634633270748,0.028569608911561024
2022-11-16,SOXX,119.76405334472656,-0.041286739028096986,-0.042163246751288616
2022-11-17,SOXX,120.70209503173828,0.007832414324786319,0.007801900197005277
2022-11-18,SOXX,120.97149658203125,0.0022319542193707242,0.0022294671096079544
2022-11-21,SOXX,118.96558380126953,-0.016581697651409155,-0.016720712881379864
2022-11-22,SOXX,122.510009765625,0.029793708828230514,0.02935849949124951
2022-11-23,SOXX,123.99010467529297,0.01208142022435199,0.012009022396108843
2022-11-25,SOXX,122.33798217773438,-0.01332463184772037,-0.013414201297772103
2022-11-28,SOXX,119.28042602539062,-0.024992697263076402,-0.02531031802575138
2022-11-29,SOXX,118.81952667236328,-0.0038639982131623007,-0.003871482740612784
2022-11-30,SOXX,125.94734191894531,0.05998858475708713,0.058258138968901016
2022-12-01,SOXX,125.04174041748047,-0.007190318490783665,-0.007216293417675385
2022-12-02,SOXX,123.62982940673828,-0.011291517584673727,-0.01135575075373409
2022-12-05,SOXX,122.06534576416016,-0.012654580614448796,-0.012735331791194262
2022-12-06,SOXX,119.4979019165039,-0.02103335579466392,-0.02125770832385786
2022-12-07,SOXX,119.24148559570312,-0.0021457809441703946,-0.002148086430737088
2022-12-08,SOXX,122.68853759765625,0.028908160484016454,0.028498201638479787
2022-12-09,SOXX,121.55249786376953,-0.00925954254677186,-0.009302678597413846
2022-12-12,SOXX,123.7044677734375,0.017704036918104293,0.017549145915265057
2022-12-13,SOXX,125.83055114746094,0.017186795370376817,0.017040773131172696
2022-12-14,SOXX,123.94273376464844,-0.01500285396191392,-0.015116535237508572
2022-12-15,SOXX,118.69911193847656,-0.04230681111269374,-0.043227814427951754
2022-12-16,SOXX,117.80077362060547,-0.007568197463319826,-0.007596981591015061
2022-12-19,SOXX,116.34257507324219,-0.012378514185820366,-0.012455766164347919
2022-12-20,SOXX,115.63300323486328,-0.006098986875030077,-0.006117661665734722
2022-12-21,SOXX,118.23692321777344,0.022518830351757835,0.022269024757186662
2022-12-22,SOXX,113.45874786376953,-0.04041187155389081,-0.04125111944982496
2022-12-23,SOXX,113.556396484375,0.0008606530782686583,0.0008602829287730684
2022-12-27,SOXX,111.5058364868164,-0.018057635334005506,-0.01822266413625776
2022-12-28,SOXX,109.86212158203125,-0.014741066087419541,-0.014850795287561044
2022-12-29,SOXX,113.36759948730469,0.03190797569529891,0.03140949224552681
2022-12-30,SOXX,113.2634506225586,-0.0009186828089956522,-0.0009191050566750217
2023-01-03,SOXX,112.1600570678711,-0.009741832414804974,-0.009789594510899132
2023-01-04,SOXX,115.04712677001953,0.02574062262112964,0.02541491032530636
2023-01-05,SOXX,113.10724639892578,-0.016861615109880934,-0.01700539062515264
2023-01-06,SOXX,118.37037658691406,0.046532210406974084,0.0454820416055699
2023-01-09,SOXX,120.5511474609375,0.018423282386215822,0.018255629730111224
2023-01-10,SOXX,122.1102294921875,0.012932950569841672,0.012850034102456769
2023-01-11,SOXX,123.68560028076172,0.012901218801451897,0.012818706989041341
2023-01-12,SOXX,125.18934631347656,0.012157810038528227,0.012084497481336371
2023-01-13,SOXX,125.70687866210938,0.004133996732732292,0.004125475245366935
2023-01-17,SOXX,125.85009002685547,0.0011392484346941512,0.00113859998364734
2023-01-18,SOXX,125.18934631347656,-0.0052502442647272,-0.005264075229014278
2023-01-19,SOXX,121.67733001708984,-0.028053635551323675,-0.028454656652561444
2023-01-20,SOXX,125.48554229736328,0.03129763185745915,0.03081784606793843
2023-01-23,SOXX,131.78701782226562,0.05021674536792231,0.04899656702682263
2023-01-24,SOXX,130.79098510742188,-0.007557897062266394,-0.007586602693871907
2023-01-25,SOXX,131.14581298828125,0.002712938361676409,0.002709264986659442
2023-01-26,SOXX,133.35586547851562,0.01685187227770557,0.016711454813851428
2023-01-27,SOXX,132.50633239746094,-0.0063704215634335926,-0.006390799288112419
2023-01-30,SOXX,128.98779296875,-0.026553745508228754,-0.026912664228319994
2023-01-31,SOXX,131.39315795898438,0.01864800486056173,0.018476262632518125
2023-02-01,SOXX,138.2446746826172,0.052145156034468565,0.050831085818370515
2023-02-02,SOXX,141.44747924804688,0.023167652372741987,0.022903356604436247
2023-02-03,SOXX,138.68734741210938,-0.01951347489973465,-0.019706376326182287
2023-02-06,SOXX,136.43496704101562,-0.016240705537476363,-0.01637403130275593
2023-02-07,SOXX,140.7737274169922,0.03180094128415201,0.031305762101840134
2023-02-08,SOXX,137.7467041015625,-0.02150275744609087,-0.021737310183794753
2023-02-09,SOXX,138.0982208251953,0.002551906602234366,0.002548656017532378
2023-02-10,SOXX,135.9011688232422,-0.015909343283532662,-0.016037255364247972
2023-02-13,SOXX,137.89968872070312,0.01470568586544152,0.014598605781279202
2023-02-14,SOXX,140.40269470214844,0.018150918284629336,0.017988156928854533
2023-02-15,SOXX,140.9755401611328,0.004080017553791393,0.004071716852516483
2023-02-16,SOXX,137.5188446044922,-0.024519824876639396,-0.02482544191035042
2023-02-17,SOXX,135.37713623046875,-0.015573926469372612,-0.015696474092489112
2023-02-21,SOXX,130.99281311035156,-0.0323859939883292,-0.032922025349299944
2023-02-22,SOXX,130.36459350585938,-0.004795832607724537,-0.00480736951375137
2023-02-23,SOXX,134.65130615234375,0.03288249156617584,0.03235342913276806
2023-02-24,SOXX,132.2394256591797,-0.01791204676793312,-0.018074409228976226
2023-02-27,SOXX,132.93922424316406,0.005291905802645935,0.005277952872548255
2023-02-28,SOXX,133.39491271972656,0.0034277955145050054,0.0034219340143238548
2023-03-01,SOXX,133.4307098388672,0.00026835445528439195,0.00026831845466802965
2023-03-02,SOXX,134.49830627441406,0.008001129851112454,0.007969290532588817
2023-03-03,SOXX,136.57167053222656,0.015415541765873675,0.015297929466683144
2023-03-06,SOXX,134.98330688476562,-0.011630257148287138,-0.011698417586638225
2023-03-07,SOXX,133.5609130859375,-0.010537553358671348,-0.010593466512835638
2023-03-08,SOXX,137.1120147705078,0.026587881158654625,0.026240566241595077
2023-03-09,SOXX,134.3876495361328,-0.019869631694457435,-0.02006968728186999
2023-03-10,SOXX,131.7902374267578,-0.019327759048844984,-0.019516982326410692
2023-03-13,SOXX,131.82933044433594,0.0002966306028535648,0.0002965866166945024
2023-03-14,SOXX,135.68310546875,0.02923306225879152,0.02881392514071932
2023-03-15,SOXX,134.10125732421875,-0.011658401678428354,-0.011726893702049606
2023-03-16,SOXX,139.33834838867188,0.039053258477594444,0.03830997016583267
2023-03-17,SOXX,138.475830078125,-0.0061901000013360186,-0.006209338101949053
2023-03-20,SOXX,139.9404754638672,0.010576902733970828,0.010521358611494194
2023-03-21,SOXX,140.21714782714844,0.001977071768294092,0.001975119934093056
2023-03-22,SOXX,138.82403564453125,-0.009935390957563461,-0.009985076323924057
2023-03-23,SOXX,142.60662841796875,0.02724739095701767,0.026882788945611236
2023-03-24,SOXX,140.1332244873047,-0.017344242396746923,-0.017496415891868365
2023-03-27,SOXX,138.48861694335938,-0.011736028696708534,-0.011805439487322105
2023-03-28,SOXX,137.45094299316406,-0.007492846510408269,-0.007521058900577668
2023-03-29,SOXX,141.8691864013672,0.03214414766454432,0.03163833527483137
2023-03-30,SOXX,144.20556640625,0.016468551516697127,0.016334415601473723
2023-03-31,SOXX,145.099609375,0.006199781263861448,0.006180641686726587
2023-04-03,SOXX,143.8466033935547,-0.008635488316215967,-0.008672990199581131
2023-04-04,SOXX,141.16436767578125,-0.018646500191839888,-0.018822537936379696
2023-04-05,SOXX,138.71702575683594,-0.017336824860550104,-0.01748886746186723
2023-04-06,SOXX,138.0023956298828,-0.005151711717102714,-0.0051650275364401085
2023-04-10,SOXX,140.43994140625,0.017663068566610818,0.01750888944124756
2023-04-11,SOXX,139.70249938964844,-0.00525094221214728,-0.0052647768604154495
2023-04-12,SOXX,137.14747619628906,-0.018289029935198764,-0.01845834178686102
2023-04-13,SOXX,138.2764892578125,0.008232109644566554,0.008198410646214495
2023-04-14,SOXX,138.06117248535156,-0.0015571466531775213,-0.0015583602660396933
2023-04-17,SOXX,138.06117248535156,0.0,0.0
2023-04-18,SOXX,138.65830993652344,0.004325165724890834,0.004315839078806221
2023-04-19,SOXX,137.14096069335938,-0.010943081910191221,-0.011003397862942852
2023-04-20,SOXX,137.01373291015625,-0.00092771541456238,-0.0009281460088408201
2023-04-21,SOXX,136.00865173339844,-0.007335623629909249,-0.0073626616251151735
2023-04-24,SOXX,135.39846801757812,-0.004486359566422182,-0.004496453478762588
2023-04-25,SOXX,130.8497314453125,-0.03359518492982572,-0.034172469332444555
2023-04-26,SOXX,131.54803466796875,0.005336680594931975,0.005322490976299842
2023-04-27,SOXX,132.10276794433594,0.004216963619162684,0.0042080971457374265
2023-04-28,SOXX,134.48483276367188,0.018031906949441456,0.01787126041656839
2023-05-01,SOXX,135.7019500732422,0.009050219898842693,0.009009512084170597
2023-05-02,SOXX,134.7327880859375,-0.007141842742728444,-0.007167467781163122
2023-05-03,SOXX,133.18612670898438,-0.011479472806326885,-0.011545870584371686
2023-05-04,SOXX,132.43885803222656,-0.0056107095778122895,-0.005626508732823132
2023-05-05,SOXX,135.3854217529297,0.022248483296240185,0.02200459656989272
2023-05-08,SOXX,135.9564666748047,0.004217920323187574,0.004209049831863862
2023-05-09,SOXX,133.64291381835938,-0.01701686512624012,-0.017163315773848938
2023-05-10,SOXX,135.00364685058594,0.010181856960078006,0.010130371041077595
2023-05-11,SOXX,134.11932373046875,-0.006550364680858567,-0.006571912468373356
2023-05-12,SOXX,133.99533081054688,-0.0009244970558534016,-0.000924924666826914
2023-05-15,SOXX,137.63369750976562,0.027152936428531005,0.026790835564087564
2023-05-16,SOXX,137.3759002685547,-0.0018730677579351651,-0.0018748241429094635
2023-05-17,SOXX,140.76951599121094,0.0247031372753308,0.024402948471362037
2023-05-18,SOXX,145.21710205078125,0.03159480963085781,0.031105963634785516
2023-05-19,SOXX,144.4698486328125,-0.005145767319522987,-0.005159052374306961
2023-05-22,SOXX,144.9691162109375,0.0034558600486525037,0.003449902286497014
2023-05-23,SOXX,143.17767333984375,-0.012357410446560912,-0.012434398146244995
2023-05-24,SOXX,140.61614990234375,-0.017890522857010094,-0.018052492989202123
2023-05-25,SOXX,149.981201171875,0.06660011155215928,0.06447612377104531
2023-05-26,SOXX,159.7835235595703,0.06535700681888845,0.06330996065881607
2023-05-30,SOXX,159.6497344970703,-0.0008373145085270872,-0.0008376652521223171
2023-05-31,SOXX,155.55128479003906,-0.025671509695535777,-0.02600677315915703
2023-06-01,SOXX,158.22703552246094,0.01720172698048472,0.017055452343077527
2023-06-02,SOXX,157.8550262451172,-0.002351110706936943,-0.0023538789074635143
2023-06-05,SOXX,155.41094970703125,-0.015483045400725981,-0.015604159518209641
2023-06-06,SOXX,157.28724670410156,0.01207313255988307,0.01200083362963588
2023-06-07,SOXX,157.05560302734375,-0.0014727429058097874,-0.0014738284575998024
2023-06-08,SOXX,158.66319274902344,0.010235799874009022,0.010183768826195311
2023-06-09,SOXX,159.08143615722656,0.0026360455815654937,0.0026325773070941623
2023-06-12,SOXX,164.2048797607422,0.03220642035474164,0.03169866678167999
2023-06-13,SOXX,166.40391540527344,0.013392023718999058,0.01330314321657878
2023-06-14,SOXX,168.7663116455078,0.01419675873900439,0.014096928494168185
2023-06-15,SOXX,167.37106323242188,-0.00826733960991366,-0.008301703592231952
2023-06-16,SOXX,165.82553100585938,-0.009234166269328603,-0.009277065479194088
2023-06-20,SOXX,164.4826202392578,-0.008098335391756528,-0.008131305029920117
2023-06-21,SOXX,160.47337341308594,-0.02437489638929624,-0.024676881513134193
2023-06-22,SOXX,161.22161865234375,0.004662737645152459,0.004651900757298558
2023-06-23,SOXX,158.38221740722656,-0.017611789714380932,-0.01776872259203313
2023-06-26,SOXX,158.8951873779297,0.003238810386043456,0.003233576737171202
2023-06-27,SOXX,164.44667053222656,0.034938019495157846,0.034341540378440186
2023-06-28,SOXX,163.17884826660156,-0.007709625628306904,-0.00773949842976653
2023-06-29,SOXX,163.2246551513672,0.0002807158234796603,0.00028067643016492977
2023-06-30,SOXX,165.74713134765625,0.015454014554050266,0.015335817462060758
2023-07-03,SOXX,167.22076416015625,0.008890849576207893,0.008851558687634983
2023-07-05,SOXX,163.5252227783203,-0.022099775709053193,-0.022347634304135566
2023-07-06,SOXX,161.4634552001953,-0.012608254207487013,-0.012688412729977217
2023-07-07,SOXX,161.53208923339844,0.0004250747211995698,0.0004249844025341496
2023-07-10,SOXX,164.89430236816406,0.020814521441046674,0.020600859056820898
2023-07-11,SOXX,164.90084838867188,3.9698281952826875e-05,3.969749399688547e-05
2023-07-12,SOXX,167.97230529785156,0.01862608312323699,0.01845474197660356
2023-07-13,SOXX,171.44239807128906,0.020658719705515027,0.020448222487608136
2023-07-14,SOXX,169.2988739013672,-0.01250288256601817,-0.01258170126531618
2023-07-17,SOXX,173.35061645507812,0.023932483780556346,0.02365059063553653
2023-07-18,SOXX,173.6707763671875,0.0018468922618013472,0.0018451888533068284
2023-07-19,SOXX,171.6090545654297,-0.011871437698872112,-0.011942465913068108
2023-07-20,SOXX,165.36813354492188,-0.036367084687412676,-0.037044850135953586
2023-07-21,SOXX,166.861328125,0.00902951825160736,0.008988995900548406
2023-07-24,SOXX,166.85479736328125,-3.9138857350184963e-05,-3.9139623295247845e-05
2023-07-25,SOXX,169.66159057617188,0.01682177112821992,0.016681852080310134
2023-07-26,SOXX,167.3188018798828,-0.013808597976318282,-0.01390482351881819
2023-07-27,SOXX,170.4653778076172,0.018805871739347557,0.018631227494216192
2023-07-28,SOXX,174.1870574951172,0.021832466717670806,0.021597551453298343
2023-07-31,SOXX,174.90919494628906,0.004145758367794405,0.0041371883894469625
2023-08-01,SOXX,175.02027893066406,0.0006350951670042182,0.0006348935794156619
2023-08-02,SOXX,168.32192993164062,-0.0382718450681766,-0.039023451481547906
2023-08-03,SOXX,167.89060974121094,-0.002562471750441886,-0.002565760500598726
2023-08-04,SOXX,167.62596130371094,-0.0015763147081777618,-0.0015775583993449837
2023-08-07,SOXX,169.39039611816406,0.010526023539135787,0.01047101066119004
2023-08-08,SOXX,166.6947021484375,-0.01591408976838382,-0.016042078594979275
2023-08-09,SOXX,163.63632202148438,-0.018347194527092436,-0.018517591725802935
2023-08-10,SOXX,162.97628784179688,-0.004033543234984505,-0.0040416999114251916
2023-08-11,SOXX,159.02589416503906,-0.024239070168247445,-0.02453767151681323
2023-08-14,SOXX,163.6134796142578,0.028848040586759494,0.028439769160188356
2023-08-15,SOXX,160.8818359375,-0.01669571286667859,-0.01683665726113827
2023-08-16,SOXX,157.7678985595703,-0.019355431642012144,-0.01954520070809962
2023-08-17,SOXX,156.2256317138672,-0.009775542805501636,-0.009823637112715614
2023-08-18,SOXX,157.06536865234375,0.005375154699419404,0.005360760114439662
2023-08-21,SOXX,161.57781982421875,0.028729765260113282,0.028324803566721717
2023-08-22,SOXX,160.1531982421875,-0.00881693776770287,-0.008856036956572824
2023-08-23,SOXX,163.4272003173828,0.020442939080393963,0.020236787035585343
2023-08-24,SOXX,158.0260467529297,-0.0330492938382585,-0.03360776087600273
2023-08-25,SOXX,158.70567321777344,0.004300724335060568,0.004291502650651606
2023-08-28,SOXX,160.71519470214844,0.012661938566099984,0.012582446534170197
2023-08-29,SOXX,164.9368133544922,0.026267700824228912,0.025928629698340835
2023-08-30,SOXX,165.71446228027344,0.004714829333521076,0.00470374933890546
2023-08-31,SOXX,166.861328125,0.006920734792518424,0.006896896430273992
2023-09-01,SOXX,167.2959442138672,0.002604654378284721,0.002601268144773683
2023-09-05,SOXX,167.2403564453125,-0.0003322720632343845,-0.0003323272778275708
2023-09-06,SOXX,166.0314178466797,-0.007228749234507448,-0.007255003241187394
2023-09-07,SOXX,162.2313232421875,-0.022887804331113704,-0.023153796614608115
2023-09-08,SOXX,161.39157104492188,-0.0051762642409813875,-0.005189707507393355
2023-09-11,SOXX,161.30006408691406,-0.000566987218820425,-0.0005671480168567382
2023-09-12,SOXX,159.9309844970703,-0.008487780817656998,-0.008524007162428179
2023-09-13,SOXX,160.75112915039062,0.0051281160801917025,0.005115012073079676
2023-09-14,SOXX,161.90130615234375,0.007155016627454547,0.007129540943100908
2023-09-15,SOXX,157.228759765625,-0.028860461337612886,-0.029285114875089936
2023-09-18,SOXX,157.76463317871094,0.0034082404127893096,0.0034024455246154475
2023-09-19,SOXX,156.4347686767578,-0.008429420936482579,-0.008465149427145628
2023-09-20,SOXX,153.86648559570312,-0.0164175975889449,-0.01655385980151275
2023-09-21,SOXX,151.0270538330078,-0.018453867661318735,-0.018626264496836718
2023-09-22,SOXX,152.28504943847656,0.00832960435591712,0.008295104648435848
2023-09-25,SOXX,153.3992462158203,0.007316521099425932,0.007289885201426496
2023-09-26,SOXX,150.6139678955078,-0.018157053499427533,-0.018323915698678202
2023-09-27,SOXX,151.9420166015625,0.00881756668794531,0.008778918966549325
2023-09-28,SOXX,154.75550842285156,0.01851687824222359,0.018347528213810187
2023-09-29,SOXX,155.31622314453125,0.003623229488850299,0.003616681404926587
2023-10-02,SOXX,156.09996032714844,0.005046074175315773,0.005033385410754403
2023-10-03,SOXX,152.86997985839844,-0.02069174432831844,-0.020908818114590368
2023-10-04,SOXX,154.8997802734375,0.013277953048199898,0.013190573659396534
2023-10-05,SOXX,154.1488800048828,-0.004847652251211421,-0.00485944022882617
2023-10-06,SOXX,157.46080017089844,0.021485204212386755,0.021257650797058898
2023-10-09,SOXX,157.06729125976562,-0.002499091270371512,-0.002502219211387143
2023-10-10,SOXX,159.08070373535156,0.012818789064465763,0.012737323839631203
2023-10-11,SOXX,160.27757263183594,0.0075236585480253915,0.007495496992794934
2023-10-12,SOXX,160.6874542236328,0.0025573234300122483,0.002554059042661147
2023-10-13,SOXX,156.3131103515625,-0.027222684516380657,-0.027600086829519522
2023-10-16,SOXX,158.5264892578125,0.014159905725578126,0.014060590690195187
2023-10-17,SOXX,157.36898803710938,-0.007301626536500572,-0.007328413885335781
2023-10-18,SOXX,154.53253173828125,-0.01802423930030772,-0.018188654537517706
2023-10-19,SOXX,152.15188598632812,-0.015405466571822068,-0.015525363747207598
2023-10-20,SOXX,149.95156860351562,-0.014461321780856573,-0.014566905854450588
2023-10-23,SOXX,149.09902954101562,-0.00568542943858219,-0.005701653013750011
2023-10-24,SOXX,151.12220764160156,0.013569357941591198,0.013478118649903814
2023-10-25,SOXX,145.01319885253906,-0.04042429557110827,-0.041264066773033965
2023-10-26,SOXX,144.15078735351562,-0.00594712416419696,-0.005964878734529097
2023-10-27,SOXX,145.70179748535156,0.010759636907374137,0.010702163905731381
2023-10-30,SOXX,143.75071716308594,-0.01339091456618291,-0.013481381392732068
2023-10-31,SOXX,145.065673828125,0.00914747898994639,0.009105894208907473
2023-11-01,SOXX,148.479248046875,0.02353123332811613,0.02325864185107294
2023-11-02,SOXX,151.8534698486328,0.022725208041817213,0.022470837046464305
2023-11-03,SOXX,155.8441925048828,0.026280088694897508,0.02594070042403307
2023-11-06,SOXX,155.55563354492188,-0.0018515862241827996,-0.0018533025288735587
2023-11-07,SOXX,156.54592895507812,0.006366181587825759,0.006346003048704215
2023-11-08,SOXX,156.70330810546875,0.0010053225365942442,0.0010048175383220418
2023-11-09,SOXX,155.952392578125,-0.004791957083882026,-0.004803475321560983
2023-11-10,SOXX,162.2417755126953,0.040328864665667874,0.03953687919221206
2023-11-13,SOXX,160.6612548828125,-0.009741761176418673,-0.00978952257169573
2023-11-14,SOXX,166.60304260253906,0.03698332696368234,0.03631585097318117
2023-11-15,SOXX,167.81301879882812,0.007262629645820251,0.007236383750665825
2023-11-16,SOXX,167.89498901367188,0.0004884615951161742,0.0004883423365851169
2023-11-17,SOXX,169.07550048828125,0.0070312490059678545,0.00700664503843288
2023-11-20,SOXX,171.56761169433594,0.014739635244950255,0.01463206258758855
2023-11-21,SOXX,168.3606414794922,-0.01869216563180509,-0.01886907213887124
2023-11-22,SOXX,168.8984375,0.0031943096425735007,0.003189218674066046
2023-11-24,SOXX,169.01974487304688,0.0007182267334289172,0.000717968932041125
2023-11-27,SOXX,168.7836456298828,-0.001396873740055593,-0.0013978502776842065
2023-11-28,SOXX,167.796630859375,-0.005847810472539461,-0.005864975868903962
2023-11-29,SOXX,169.61654663085938,0.010845961341199972,0.010787565760527478
2023-11-30,SOXX,168.4327850341797,-0.0069790455011204955,-0.0070035129452328876
2023-12-01,SOXX,169.22303771972656,0.004691798484401488,0.0046808263040137065
2023-12-04,SOXX,167.32769775390625,-0.01120024785844731,-0.011263442944647595
2023-12-05,SOXX,166.3767547607422,-0.005683117654332603,-0.005699328013563367
2023-12-06,SOXX,165.3503875732422,-0.006168933809148847,-0.006188040299631616
2023-12-07,SOXX,169.78378295898438,0.0268121257579661,0.026458979214661782
2023-12-08,SOXX,171.1249542236328,0.00789928956272834,0.007868253509638682
2023-12-11,SOXX,176.96182250976562,0.03410880845878839,0.03354000116766806
2023-12-12,SOXX,178.23739624023438,0.007208185993893501,0.007182331191038431
2023-12-13,SOXX,180.98204040527344,0.0153988120503048,0.015281453597741392
2023-12-14,SOXX,185.99911499023438,0.02772139475124824,0.02734411352234798
2023-12-15,SOXX,186.69100952148438,0.003719880770864492,0.0037129791246287036
2023-12-18,SOXX,186.1728973388672,-0.0027752390645119362,-0.00277909718022678
2023-12-19,SOXX,187.16648864746094,0.005336927784849621,0.00532273685401626
2023-12-20,SOXX,181.6180877685547,-0.02964420029996384,-0.030092470926311413
2023-12-21,SOXX,186.6450653076172,0.027678837503611664,0.02730270334152303
2023-12-22,SOXX,187.24302673339844,0.0032037355222638286,0.003198614496308908
2023-12-26,SOXX,190.55166625976562,0.017670295038960893,0.01751599046212141
2023-12-27,SOXX,191.0411834716797,0.0025689474226204823,0.002565653317572743
2023-12-28,SOXX,190.6830596923828,-0.0018745894094085447,-0.0018763486510497728
2023-12-29,SOXX,189.2834014892578,-0.007340233607447733,-0.007367305680399845
2024-01-02,SOXX,182.46578979492188,-0.03601801130313509,-0.03668266847055212
2024-01-03,SOXX,178.54605102539062,-0.021482047533056714,-0.021716145388459875
2024-01-04,SOXX,177.0445556640625,-0.008409569143114748,-0.008445129072500505
2024-01-05,SOXX,178.0269012451172,0.005548578307703833,0.005533241652021434
2024-01-08,SOXX,183.82603454589844,0.03257447756615539,0.03205517648755985
2024-01-09,SOXX,183.88845825195312,0.0003395803331605052,0.0003395226888087267
2024-01-10,SOXX,183.270751953125,-0.0033591357755676787,-0.003364790338661566
2024-01-11,SOXX,183.9475860595703,0.003693083043705858,0.0036862803559714525
2024-01-12,SOXX,183.13604736328125,-0.004411793129083241,-0.004421553807030832
2024-01-16,SOXX,185.73162841796875,0.01417296644793642,0.014073468973180838
2024-01-17,SOXX,184.02972412109375,-0.009163244361617529,-0.0092054851248669
2024-01-18,SOXX,190.1047821044922,0.03301128669519149,0.032478116210620536
2024-01-19,SOXX,197.5401153564453,0.03911176336356581,0.03836627453567044
2024-01-22,SOXX,198.18736267089844,0.0032765360761546347,0.0032711799283774295
2024-01-23,SOXX,199.5015869140625,0.006631221211346405,0.006609331381551166
2024-01-24,SOXX,202.40606689453125,0.014558681088185477,0.014453720984692657
2024-01-25,SOXX,201.84423828125,-0.002775749867092725,-0.0027796094044831576
2024-01-26,SOXX,196.4032745361328,-0.026956249984880665,-0.027326233762668465
2024-01-29,SOXX,198.4469451904297,0.010405481574192965,0.010351717192034078
2024-01-30,SOXX,195.38148498535156,-0.015447253179616927,-0.015567805070129727
2024-01-31,SOXX,192.55258178710938,-0.01447887039273077,-0.014584712124767684
2024-02-01,SOXX,193.50540161132812,0.00494836171696833,0.004936158814820033
2024-02-02,SOXX,195.97613525390625,0.01276829288487158,0.012687465524425076
2024-02-05,SOXX,198.6539306640625,0.013663885180136282,0.013571376037956537
2024-02-06,SOXX,196.33755493164062,-0.011660356906499025,-0.011728871995797436
2024-02-07,SOXX,199.34060668945312,0.015295350697720922,0.015179556074646735
2024-02-08,SOXX,202.76748657226562,0.01719107782264917,0.017044983216554364
2024-02-09,SOXX,206.8054962158203,0.019914482897708252,0.019718783485021152
2024-02-12,SOXX,206.43092346191406,-0.0018112321034028378,-0.0018128743675830377
2024-02-13,SOXX,202.189208984375,-0.020547863694082902,-0.020761908227006774
2024-02-14,SOXX,206.75621032714844,0.022587760077375618,0.022336434178256908
2024-02-15,SOXX,206.55906677246094,-0.0009535072942938871,-0.0009539621715495312
2024-02-16,SOXX,205.38941955566406,-0.0056625314737954735,-0.005678624384972667
2024-02-20,SOXX,201.93295288085938,-0.016828844846449975,-0.016972058880819787
2024-02-21,SOXX,201.4696807861328,-0.0022941876901086955,-0.0022968233706229108
2024-02-22,SOXX,211.39877319335938,0.049283308379123536,0.04810736766849287
2024-02-23,SOXX,209.11856079101562,-0.010786308585897575,-0.010844902534883412
2024-02-26,SOXX,211.18190002441406,0.00986683929725607,0.00981847988126622
2024-02-27,SOXX,210.9716339111328,-0.0009956635168872907,-0.0009961595190682365
2024-02-28,SOXX,208.59942626953125,-0.011244201875029392,-0.011307895821415982
2024-02-29,SOXX,214.25064086914062,0.027091227913098148,0.026730756517475113
2024-03-01,SOXX,223.36819458007812,0.04255554930408012,0.04167495797539363
2024-03-04,SOXX,225.56298828125,0.00982590070756495,0.009777940457733282
2024-03-05,SOXX,221.14053344726562,-0.01960629652800172,-0.019801049755985786
2024-03-06,SOXX,226.574951171875,0.024574498577418336,0.02427740306372097
2024-03-07,SOXX,234.34539794921875,0.03429525963551572,0.033720286229091415
2024-03-08,SOXX,224.86317443847656,-0.04046259748952663,-0.04130398304298694
2024-03-11,SOXX,221.87655639648438,-0.013281934889740388,-0.013370928671779773
2024-03-12,SOXX,226.47967529296875,0.020746305834397294,0.02053403214109701
2024-03-13,SOXX,220.9598388671875,-0.024372325766720215,-0.02467424666991427
2024-03-14,SOXX,217.18467712402344,-0.017085284649547616,-0.017232922160902383
2024-03-15,SOXX,215.62730407714844,-0.00717073169018112,-0.007196564956360739
2024-03-18,SOXX,215.4597625732422,-0.0007769957734402588,-0.000777297791110667
2024-03-19,SOXX,213.6559600830078,-0.008371876348008178,-0.00840711733140882
2024-03-20,SOXX,217.29312133789062,0.01702344860152616,0.01688017343929148
2024-03-21,SOXX,222.18215942382812,0.022499737018067067,0.02225035173974225
2024-03-22,SOXX,222.4485626220703,0.0011990305564273385,0.0011983122933786124
2024-03-25,SOXX,221.5802764892578,-0.003903311950312238,-0.003910949754035063
2024-03-26,SOXX,219.91278076171875,-0.007525470019078662,-0.007553929237815533
2024-03-27,SOXX,222.6754913330078,0.012562755842201456,0.012484499156526947
2024-03-28,SOXX,222.91229248046875,0.0010634360613437366,0.001062871013774614
2024-04-01,SOXX,225.26060485839844,0.01053469215088465,0.01047958894058721
2024-04-02,SOXX,221.78749084472656,-0.01541820424328133,-0.015538300802432826
2024-04-03,SOXX,222.40911865234375,0.002802808243375532,0.002798887700329389
2024-04-04,SOXX,216.11404418945312,-0.028304030432900973,-0.028712311961442465
2024-04-05,SOXX,218.67942810058594,0.011870509946516616,0.011800608080082075
2024-04-08,SOXX,219.2418212890625,0.002571769980200811,0.0025684686387677427
2024-04-09,SOXX,221.6000213623047,0.010756159839289792,0.010698723845465767
2024-04-10,SOXX,217.55459594726562,-0.018255528091421058,-0.018424216394387346
2024-04-11,SOXX,222.46832275390625,0.022586177898221482,0.022334886946381166
2024-04-12,SOXX,215.1668243408203,-0.03282039583299612,-0.03337106740699638
2024-04-15,SOXX,212.4435577392578,-0.012656535736424224,-0.01273731197348183
2024-04-16,SOXX,214.0518798828125,0.007570585621281323,0.007542072554608183
2024-04-17,SOXX,207.5594482421875,-0.030331112458248155,-0.03080061880866296
2024-04-18,SOXX,203.879150390625,-0.017731295215567378,-0.01789037793085301
2024-04-19,SOXX,195.7488250732422,-0.039878159693158444,-0.04069508558724116
2024-04-22,SOXX,198.9752960205078,0.016482709135333895,0.01634834374516415
2024-04-23,SOXX,203.12924194335938,0.020876691759882826,0.020661759861461085
2024-04-24,SOXX,205.763671875,0.012969230360123207,0.012885850037329555
2024-04-25,SOXX,209.58216857910156,0.01855768158346849,0.018387588938199036
2024-04-26,SOXX,214.01239013671875,0.0211383515479997,0.02091803592603415
2024-04-29,SOXX,215.6404266357422,0.0076072067508961005,0.00757841786345133
2024-04-30,SOXX,211.14112854003906,-0.020864817260370705,-0.02108556351260218
2024-05-01,SOXX,204.00738525390625,-0.033786611521213095,-0.03437057011785771
2024-05-02,SOXX,208.59548950195312,0.02248989291410486,0.022240724205383935
2024-05-03,SOXX,213.29209899902344,0.022515393349511248,0.022265663442048993
2024-05-06,SOXX,217.7223358154297,0.020770749770841368,0.02055797897649388
2024-05-07,SOXX,215.79827880859375,-0.008837205423273709,-0.008876485109453843
2024-05-08,SOXX,216.00552368164062,0.0009603638833037831,0.0009599030289445924
2024-05-09,SOXX,215.1964111328125,-0.003745795640025529,-0.003752828700946479
2024-05-10,SOXX,217.30792236328125,0.009812018794149724,0.009764193524898046
2024-05-13,SOXX,217.76181030273438,0.002088685651756128,0.002086507380502124
2024-05-14,SOXX,221.3829345703125,0.016628830659260352,0.016492085513697727
2024-05-15,SOXX,227.59902954101562,0.028078473992442454,0.027691500688009577
2024-05-16,SOXX,226.48410034179688,-0.00489865533024092,-0.0049106930708482195
2024-05-17,SOXX,225.201416015625,-0.005663463016768566,-0.005679561233315343
2024-05-20,SOXX,230.15460205078125,0.02199447109521091,0.02175608187961003
2024-05-21,SOXX,229.41456604003906,-0.0032153865451662877,-0.003220567008258553
2024-05-22,SOXX,232.10824584960938,0.01174153784594556,0.011673140860378201
2024-05-23,SOXX,230.80580139160156,-0.005611366598546885,-0.005627169460928292
2024-05-24,SOXX,235.38406372070312,0.019835993296086096,0.019641823481749223
2024-05-28,SOXX,239.3603973388672,0.01689296019157105,0.016751860978100837
2024-05-29,SOXX,234.41705322265625,-0.020652305774762514,-0.02086854707713396
2024-05-30,SOXX,232.78900146484375,-0.006945108026190083,-0.006969337538494027
2024-05-31,SOXX,230.8945770263672,-0.008137946494704451,-0.008171240333294711
2024-06-03,SOXX,231.26954650878906,0.0016239856615560821,0.0016226684227667175
2024-06-04,SOXX,229.46389770507812,-0.007807551106355115,-0.00783818961215385
2024-06-05,SOXX,239.49851989746094,0.04373072318888238,0.042801528211307005
2024-06-06,SOXX,237.5349884033203,-0.008198512019954363,-0.008232304645867982
2024-06-07,SOXX,236.82460021972656,-0.002990667557520199,-0.002995148540056197
2024-06-10,SOXX,240.238525390625,0.01441541616762354,0.01431250191147354
2024-06-11,SOXX,240.43609619140625,0.0008223943285532442,0.0008220563476271301
2024-06-12,SOXX,247.2134246826172,0.028187649851940888,0.02779768914127934
2024-06-13,SOXX,249.90061950683594,0.010869938910755605,0.01081128577930338
2024-06-14,SOXX,249.00157165527344,-0.0035976215398614286,-0.00360410854342942
2024-06-17,SOXX,252.93360900878906,0.015791215000679815,0.015667830992303997
2024-06-18,SOXX,256.1543273925781,0.012733453637935321,0.012653064915292547
2024-06-20,SOXX,249.19918823242188,-0.027152143908531046,-0.027527574807254294
2024-06-21,SOXX,246.76885986328125,-0.009752553314394952,-0.009800420937759862
2024-06-24,SOXX,239.72479248046875,-0.028545203745380054,-0.028960541093179932
2024-06-25,SOXX,243.40985107421875,0.01537203789236874,0.015255085129887554
2024-06-26,SOXX,242.46139526367188,-0.0038965383133062748,-0.0039041495969254617
2024-06-27,SOXX,241.21661376953125,-0.005133936859461508,-0.005147160793277742
2024-06-28,SOXX,243.6568145751953,0.01011622196137596,0.010065395481866869
2024-07-01,SOXX,243.64694213867188,-4.051779360514374e-05,-4.05186144731163e-05
2024-07-02,SOXX,247.07510375976562,0.014070201706626095,0.013972135224829783
2024-07-03,SOXX,251.19483947753906,0.016674022008219547,0.01653653668722296
2024-07-05,SOXX,251.68881225585938,0.001966492541597198,0.0019645615262761816
2024-07-08,SOXX,256.4605407714844,0.018958842361154415,0.018781363200302086
2024-07-09,SOXX,256.342041015625,-0.00046205843403002156,-0.0004621652159225002
2024-07-10,SOXX,262.2894287109375,0.02320098440251539,0.022935933364241243
2024-07-11,SOXX,253.66470336914062,-0.03288247408286504,-0.033435254288034184
2024-07-12,SOXX,256.7569885253906,0.012190443192050981,0.0121167381330854
2024-07-15,SOXX,257.0434875488281,0.0011158372945676565,0.001115215210853483
2024-07-16,SOXX,258.63409423828125,0.006188083987737514,0.006169016416741564
2024-07-17,SOXX,240.238525390625,-0.07112584634997232,-0.07378201366085728
2024-07-18,SOXX,240.95970153808594,0.003001917141675303,0.0029974203854246863
2024-07-19,SOXX,233.5896759033203,-0.03058613364691909,-0.031063651615931272
2024-07-22,SOXX,243.27151489257812,0.041448060372603956,0.04061211045383512
2024-07-23,SOXX,239.64578247070312,-0.014904056578412095,-0.015016238064635647
2024-07-24,SOXX,226.90127563476562,-0.053180601404890226,-0.05464691296420555
2024-07-25,SOXX,221.84298706054688,-0.022292904965245275,-0.02254514763404735
2024-07-26,SOXX,226.6049041748047,0.02146525872804883,0.021238124641432148
2024-07-29,SOXX,226.1306610107422,-0.0020928195079867873,-0.0020950125149793845
2024-07-30,SOXX,217.92086791992188,-0.03630552820269828,-0.036980972576648376
2024-07-31,SOXX,232.5424346923828,0.06709576238395787,0.06494071748073801
2024-08-01,SOXX,215.78689575195312,-0.07205368328836259,-0.0747813962402984
2024-08-02,SOXX,204.3168487548828,-0.0531545113390719,-0.054619357860875954
2024-08-05,SOXX,200.71087646484375,-0.01764892279816388,-0.017806522094515574
2024-08-06,SOXX,202.52867126464844,0.009056782730571644,0.009016016032395765
2024-08-07,SOXX,196.8874969482422,-0.0278537072365167,-0.028248978888417757
2024-08-08,SOXX,210.4717559814453,0.06899503139487906,0.06671898413208706
2024-08-09,SOXX,209.22694396972656,-0.005914389823537647,-0.005931949096183905
2024-08-12,SOXX,210.43223571777344,0.005760690880335595,0.005744161550485133
2024-08-13,SOXX,218.97793579101562,0.04061022325830099,0.03980729421394951
2024-08-14,SOXX,218.42471313476562,-0.0025263853833108474,-0.0025295820800570207
2024-08-15,SOXX,228.9265899658203,0.04808007610647591,0.0469599914784155
2024-08-16,SOXX,228.4424591064453,-0.0021147864887485213,-0.0021170258073725462
2024-08-19,SOXX,232.32508850097656,0.01699609350082376,0.016853275860248783
2024-08-20,SOXX,229.25257873535156,-0.013225045067020713,-0.01331327473314645
2024-08-21,SOXX,232.50291442871094,0.014177967860992124,0.014078400479826081
2024-08-22,SOXX,224.55984497070312,-0.034163311361171234,-0.034760518441861336
2024-08-23,SOXX,230.576416015625,0.026792728885731254,0.026440088655271487
2024-08-26,SOXX,224.78707885742188,-0.025108106276622855,-0.0254286923641692
2024-08-27,SOXX,227.27671813964844,0.011075544443573948,0.011014659742864377
2024-08-28,SOXX,223.1767120361328,-0.018039710081506954,-0.018204409410182407
2024-08-29,SOXX,222.53456115722656,-0.002877320277047013,-0.0028814677206282285
2024-08-30,SOXX,228.35354614257812,0.026148679805471975,0.025812648340938257
2024-09-03,SOXX,210.9262237548828,-0.07631728379998148,-0.07938664704502801
2024-09-04,SOXX,211.61776733398438,0.003278604086257131,0.003273241182574839
2024-09-05,SOXX,210.4816436767578,-0.005368753633212098,-0.0053832171817119875
2024-09-06,SOXX,201.4715576171875,-0.04280699210714711,-0.04375022772506572
2024-09-09,SOXX,205.45298767089844,0.019761747518108663,0.019569019147321405
2024-09-10,SOXX,207.61660766601562,0.010530973628784412,0.010475909176823762
2024-09-11,SOXX,217.25894165039062,0.04644298012944237,0.04539677515999593
2024-09-12,SOXX,216.3006134033203,-0.004410995652424865,-0.004420752796800418
2024-09-13,SOXX,220.16348266601562,0.0178587993899606,0.017701204568915073
2024-09-16,SOXX,217.2292938232422,-0.013327318441925917,-0.013416924176998546
2024-09-17,SOXX,217.49603271484375,0.0012279140023288004,0.0012271607325008993
2024-09-18,SOXX,215.0953369140625,-0.011037883177983154,-0.011099252620850928
2024-09-19,SOXX,224.25360107421875,0.04257769736689032,0.04169620176194434
2024-09-20,SOXX,220.9735870361328,-0.014626360613047118,-0.014734380410372741
2024-09-23,SOXX,221.8331298828125,0.0038897990398243376,0.003882253332732344
2024-09-24,SOXX,224.52032470703125,0.012113586575811741,0.012040804266288738
2024-09-25,SOXX,226.06727600097656,0.006890027867026527,0.006866400093613517
2024-09-26,SOXX,234.1484832763672,0.03574691312401934,0.0351228216417216
2024-09-27,SOXX,230.4346923828125,-0.01586083685697537,-0.015987965971233312
2024-09-30,SOXX,228.36485290527344,-0.008982325778014832,-0.009022910076589515
2024-10-01,SOXX,221.9672393798828,-0.02801487813908199,-0.028414781366297732
2024-10-02,SOXX,224.9580535888672,0.013474124457915071,0.013384155708730531
2024-10-03,SOXX,225.76025390625,0.0035659995478487527,0.003559656446652453
2024-10-04,SOXX,228.8501434326172,0.01368659661257432,0.0135937810761016
2024-10-07,SOXX,228.2261962890625,-0.002726444188305255,-0.0027301677067780427
2024-10-08,SOXX,230.47433471679688,0.009850483705590829,0.009802283959708958
2024-10-09,SOXX,232.88087463378906,0.010441682888245651,0.010387545051451827
2024-10-10,SOXX,231.2467803955078,-0.007016867490088674,-0.0070416014760875415
2024-10-11,SOXX,233.18788146972656,0.008394067458577403,0.008359033191134251
2024-10-14,SOXX,237.48599243164062,0.018431965395560468,0.018264155627426858
2024-10-15,SOXX,225.16603088378906,-0.05187658194787137,-0.05327059738211279
2024-10-16,SOXX,225.16603088378906,0.0,0.0
2024-10-17,SOXX,226.93875122070312,0.00787294748659928,0.007842117544824405
2024-10-18,SOXX,227.146728515625,0.0009164468113231905,0.000916027130334828
2024-10-21,SOXX,226.72088623046875,-0.0018747454032865818,-0.0018765049379136996
2024-10-22,SOXX,225.87908935546875,-0.0037129215971054563,-0.0037198316000006237
2024-10-23,SOXX,223.8587646484375,-0.00894427506678952,-0.0089845152207318
2024-10-24,SOXX,225.1066131591797,0.005574266938807915,0.00555878820793292
2024-10-25,SOXX,227.3646240234375,0.010030850860259344,0.009980875792864033
2024-10-28,SOXX,227.5032501220703,0.0006097083010527804,0.0006095225044639066
2024-10-29,SOXX,233.09873962402344,0.02459520687704808,0.024297614468930924
2024-10-30,SOXX,224.87884521484375,-0.03526357294954907,-0.03590034754085675
2024-10-31,SOXX,216.1538543701172,-0.03879862881895768,-0.03957134859041798
2024-11-01,SOXX,218.4514617919922,0.010629500124207159,0.010573404152388804
2024-11-04,SOXX,217.1937255859375,-0.0057575087652756984,-0.005774147113225306
2024-11-05,SOXX,219.72901916503906,0.011672959576810582,0.011605356163521888
2024-11-06,SOXX,226.13656616210938,0.029161132295673742,0.028744035745056087
2024-11-07,SOXX,230.8506622314453,0.020846235305247207,0.02063192578923302
2024-11-08,SOXX,229.12745666503906,-0.007464590093653745,-0.007492589569715469
2024-11-11,SOXX,223.39332580566406,-0.025025943825482733,-0.025344417390094135
2024-11-12,SOXX,220.9570770263672,-0.010905647115958317,-0.01096554960049026
2024-11-13,SOXX,216.2627716064453,-0.021245327296584793,-0.02147425753432865
2024-11-14,SOXX,216.13406372070312,-0.0005951458255442077,-0.000595322995119015
2024-11-15,SOXX,209.17190551757812,-0.032212220893240495,-0.032742452201344995
2024-11-18,SOXX,211.87554931640625,0.012925463351008748,0.012842642451804867
2024-11-19,SOXX,212.28158569335938,0.0019163909109056743,0.0019145569764936685
2024-11-20,SOXX,210.6574249267578,-0.007650973405426087,-0.007680392253733406
2024-11-21,SOXX,213.99490356445312,0.015843156911538703,0.01571896412096958
2024-11-22,SOXX,214.0840301513672,0.000416489296845457,0.00041640258925261774
2024-11-25,SOXX,216.1736602783203,0.009760794046504317,0.009713465225001454
2024-11-26,SOXX,213.3709716796875,-0.01296498655305367,-0.013049765560897913
2024-11-27,SOXX,210.50885009765625,-0.013413828317414556,-0.013504606414330956
2024-11-29,SOXX,213.3214569091797,0.013360990809738738,0.013272519939800321
2024-12-02,SOXX,218.92681884765625,0.026276596924157625,0.02593729806173599
2024-12-03,SOXX,217.68890380859375,-0.005654469587501376,-0.005670516620891167
2024-12-04,SOXX,220.57080078125,0.013238602989108728,0.013151738487802317
2024-12-05,SOXX,216.4014434814453,-0.018902580418790893,-0.019083517944464858
2024-12-06,SOXX,217.70870971679688,0.00604093121709548,0.006022757944378394
2024-12-09,SOXX,216.658935546875,-0.00482192086521227,-0.004833583832669002
2024-12-10,SOXX,211.5091094970703,-0.023769276059655065,-0.02405632302666438
2024-12-11,SOXX,216.8273162841797,0.025144102775313426,0.024833190782270954
2024-12-12,SOXX,215.14370727539062,-0.007764745870776135,-0.007795048473254799
2024-12-13,SOXX,221.1452178955078,0.02789535746186189,0.027513369499505842
2024-12-16,SOXX,225.24526977539062,0.018540088358682594,0.018370316105205033
2024-12-17,SOXX,222.0592498779297,-0.014144669500220641,-0.014245658775522004
2024-12-18,SOXX,213.84622192382812,-0.03698575023835493,-0.03768707003321462
2024-12-19,SOXX,210.2554931640625,-0.016791172308130098,-0.016933742239424798
2024-12-20,SOXX,213.0824432373047,0.013445308993836003,0.013355722941640289
2024-12-23,SOXX,219.52989196777344,0.03025800076493579,0.029809257054668435
2024-12-24,SOXX,221.79144287109375,0.010301790262131183,0.010249088460403332
2024-12-26,SOXX,221.7220001220703,-0.00031309931584599937,-0.0003131483416703594
2024-12-27,SOXX,219.8472900390625,-0.008455228087315136,-0.008491176305331317
2024-12-30,SOXX,215.5225372314453,-0.01967162209208384,-0.0198676839462432
2024-12-31,SOXX,213.7470245361328,-0.008238176471566883,-0.008272297774786707
2025-01-02,SOXX,215.0662841796875,0.006172060857537964,0.006153091702429435
2025-01-03,SOXX,220.67056274414062,0.026058378168521967,0.0257246439296315
2025-01-06,SOXX,227.05848693847656,0.02894778585280755,0.028536712953002585
2025-01-07,SOXX,223.96371459960938,-0.01362984656770716,-0.013723585667349377
2025-01-08,SOXX,221.73191833496094,-0.009964990394262463,-0.010014973240647282
2025-01-10,SOXX,216.43508911132812,-0.023888438179798355,-0.024178393957730488
2025-01-13,SOXX,215.77052307128906,-0.0030705096977007296,-0.0030752333844982103
2025-01-14,SOXX,217.18896484375,0.006573844064846179,0.006552330584657294
2025-01-15,SOXX,221.40460205078125,0.019409997234730803,0.019224025855047948
2025-01-16,SOXX,221.73191833496094,0.0014783626046970255,0.0014772709025235383
2025-01-17,SOXX,227.88177490234375,0.027735549367739143,0.02735788624235715
2025-01-21,SOXX,230.56983947753906,0.011795873436334592,0.011726844429285939
2025-01-22,SOXX,233.9026641845703,0.014454729701782743,0.014351256027151335
2025-01-23,SOXX,233.4662322998047,-0.0018658696611563164,-0.0018676125643100456
2025-01-24,SOXX,228.77447509765625,-0.020096084799636205,-0.020300757838229145
2025-01-27,SOXX,210.830810546875,-0.07843385737469921,-0.08168072731810774
2025-01-28,SOXX,211.77313232421875,0.004469563888216621,0.0044596050509544145
2025-01-29,SOXX,212.64601135253906,0.004121764733516553,0.004113293530815836
2025-01-30,SOXX,216.9707489013672,0.020337731807526183,0.020133682106710054
2025-01-31,SOXX,216.3656768798828,-0.002788726243275419,-0.002792621984762083
2025-02-03,SOXX,212.46746826171875,-0.018016760672850074,-0.01818103866828868
2025-02-04,SOXX,214.649658203125,0.010270701483194644,0.010218316212373627
2025-02-05,SOXX,218.80575561523438,0.01936223633851042,0.019177173248913115
2025-02-06,SOXX,218.51812744140625,-0.001314536599000271,-0.0013154013601585303
2025-02-07,SOXX,215.11585998535156,-0.015569726392456684,-0.015692207578152463
2025-02-10,SOXX,217.9229736328125,0.013049310486228594,0.012964901758261623
2025-02-11,SOXX,218.12135314941406,0.0009103194275230653,0.0009099053380763931
2025-02-12,SOXX,218.35940551757812,0.0010913758085895342,0.0010907806909703714
2025-02-13,SOXX,221.03756713867188,0.012264924493385898,0.012190319702289048
2025-02-14,SOXX,221.26571655273438,0.001032174833517585,0.0010316425073450739
2025-02-18,SOXX,224.92588806152344,0.0165419729988614,0.01640664491982778
2025-02-19,SOXX,228.66539001464844,0.016625484889058795,0.016488794464293847
2025-02-20,SOXX,229.20101928710938,0.002342415143921084,0.0023396759662613993
2025-02-21,SOXX,222.16835021972656,-0.030683410960634983,-0.031164003176950967
2025-02-24,SOXX,216.95091247558594,-0.023484162973621214,-0.02376431064394258
2025-02-25,SOXX,212.47738647460938,-0.020619991637417012,-0.020835552049488473
2025-02-26,SOXX,216.17721557617188,0.017412813490176315,0.017262947675731655
2025-02-27,SOXX,203.58985900878906,-0.05822702699650395,-0.05999103875636362
2025-02-28,SOXX,206.8334197998047,0.01593183868198267,0.015806258994361184
2025-03-03,SOXX,199.5229949951172,-0.03534450482791085,-0.035984241204427204
2025-03-04,SOXX,200.63397216796875,0.0055681660796980115,0.005552721149717888
2025-03-05,SOXX,204.9586944580078,0.0215552841989215,0.021326254416967304
2025-03-06,SOXX,196.4381561279297,-0.04157197796663281,-0.04246081369971239
2025-03-07,SOXX,202.20118713378906,0.029337635413897,0.028915522968098923
2025-03-10,SOXX,192.84744262695312,-0.046259592435760055,-0.0473637540337967
2025-03-11,SOXX,190.56605529785156,-0.011830010800375046,-0.011900542188060392
2025-03-12,SOXX,194.4940185546875,0.020612082517511343,0.02040252821915438
2025-03-13,SOXX,193.52195739746094,-0.004997897438955068,-0.005010428699098607
2025-03-14,SOXX,199.4932403564453,0.030855842093000296,0.03038937187646951
2025-03-17,SOXX,202.7864227294922,0.01650773914526016,0.01637296757942633
2025-03-18,SOXX,200.0958709716797,-0.013267908776129267,-0.013356713857621596
2025-03-19,SOXX,201.7246856689453,0.008140171455592649,0.008107218965095515
2025-03-20,SOXX,200.11575317382812,-0.00797588301987806,-0.008007860520886185
2025-03-21,SOXX,198.0201416015625,-0.010471997026867186,-0.010527214215518173
2025-03-24,SOXX,203.89976501464844,0.029692047311613123,0.02925977434455026
2025-03-25,SOXX,202.79734802246094,-0.0054066614157612936,-0.005421330306635705
2025-03-26,SOXX,197.11636352539062,-0.028013110390581186,-0.028412962668816107
2025-03-27,SOXX,193.23300170898438,-0.01970085966965418,-0.01989750866032125
2025-03-28,SOXX,187.39312744140625,-0.03022193008404006,-0.03068802756309824
2025-03-31,SOXX,186.8865966796875,-0.002703038092350174,-0.002706697896361995
2025-04-01,SOXX,186.9859161376953,0.0005314423814888336,0.0005313012159984142
2025-04-02,SOXX,188.1876678466797,0.006426963772498295,0.006406398906898706
2025-04-03,SOXX,169.1980743408203,-0.10090774662944746,-0.10636963201056239
2025-04-04,SOXX,156.55490112304688,-0.0747240964002105,-0.07766331178267151
2025-04-07,SOXX,160.17007446289062,0.023092048309636404,0.022829461718938796
2025-04-08,SOXX,153.8037872314453,-0.03974704546272967,-0.04055853491912728
2025-04-09,SOXX,182.3676300048828,0.1857161210891014,0.170346913652512
2025-04-10,SOXX,167.4600067138672,-0.08174489787807449,-0.08528003794394384
2025-04-11,SOXX,171.08511352539062,0.02164759743332345,0.02141661571715402
2025-04-14,SOXX,172.2173309326172,0.006617860454928071,0.006596058551537036
2025-04-15,SOXX,172.9224853515625,0.004094561303015443,0.0040862013992062265
2025-04-16,SOXX,166.24832153320312,-0.038596275115930556,-0.03936084909243114
2025-04-17,SOXX,165.41404724121094,-0.005018241894403475,-0.005030875553820635
2025-04-21,SOXX,162.52389526367188,-0.017472228179778337,-0.017626669154524103
2025-04-22,SOXX,165.68223571777344,0.019433083664267325,0.019246672452771722
2025-04-23,SOXX,171.8896026611328,0.03746549481583017,0.03678071456081808
2025-04-24,SOXX,181.7816619873047,0.057548910306537415,0.055953881749643414
2025-04-25,SOXX,183.54949951171875,0.00972505975073279,0.009678075726522854
2025-04-28,SOXX,183.22177124023438,-0.0017855034873764941,-0.0017870993986812695
2025-04-29,SOXX,181.2651824951172,-0.010678800515206088,-0.010736228109891645
2025-04-30,SOXX,182.58612060546875,0.007287323975673887,0.007260899727358765
2025-05-01,SOXX,182.33782958984375,-0.0013598570077596461,-0.001360782452377132
2025-05-02,SOXX,188.73390197753906,0.03507814259982611,0.03447692396379391
2025-05-05,SOXX,187.28387451171875,-0.007682919976893632,-0.007712585650258677
2025-05-06,SOXX,185.49615478515625,-0.009545508022104854,-0.009591358393817568
2025-05-07,SOXX,188.7438201904297,0.017507993138913935,0.01735649396853771
2025-05-08,SOXX,190.4322509765625,0.008945621554280914,0.008905846514096745
2025-05-09,SOXX,192.6172332763672,0.01147380387828112,0.011408478998928419
2025-05-12,SOXX,206.4522247314453,0.07182634294838874,0.069364056007949
2025-05-13,SOXX,212.3020477294922,0.028334996174811833,0.027940985713683007
2025-05-14,SOXX,213.32504272460938,0.004818582797753601,0.0048070105872115325
2025-05-15,SOXX,211.95443725585938,-0.006424962823138314,-0.006445691732795656
2025-05-16,SOXX,211.67636108398438,-0.001311962021060764,-0.0013128233967103023
2025-05-19,SOXX,210.40509033203125,-0.006005728487786799,-0.006023835408353448
2025-05-20,SOXX,210.0972137451172,-0.0014632563614702665,-0.0014643279665428192
2025-05-21,SOXX,206.25360107421875,-0.018294448566849475,-0.01846386138149761
2025-05-22,SOXX,204.34669494628906,-0.009245444045573259,-0.009288448431702156
2025-05-23,SOXX,201.17843627929688,-0.015504330362793195,-0.015625779452796192
2025-05-27,SOXX,207.86253356933594,0.03322472037092239,0.03268470798015714
2025-05-28,SOXX,206.8197021484375,-0.005016928269810483,-0.005029555304765681
2025-05-29,SOXX,207.66390991210938,0.004081853686579429,0.0040735455226195575
2025-05-30,SOXX,203.54222106933594,-0.019847882304238063,-0.020047497224696512
2025-06-02,SOXX,206.6111297607422,0.015077504191923108,0.014964968388341599
2025-06-03,SOXX,212.1630096435547,0.026871155920988654,0.026516466329218755
2025-06-04,SOXX,215.3213348388672,0.01488631406869012,0.014776600376972673
2025-06-05,SOXX,214.4175262451172,-0.004197487417706869,-0.004206321597590262
2025-06-06,SOXX,215.85763549804688,0.006716378451654181,0.006693924067258107
2025-06-09,SOXX,220.94273376464844,0.023557648330895242,0.023284449233465808
2025-06-10,SOXX,225.7695770263672,0.02184658069298795,0.021611363774107963
2025-06-11,SOXX,225.01475524902344,-0.0033433281281100014,-0.0033489295379815365
2025-06-12,SOXX,225.3226318359375,0.0013682506579328901,0.0013673154559646996
2025-06-13,SOXX,219.4529571533203,-0.026050089308787383,-0.026395403057043257
2025-06-16,SOXX,226.3836212158203,0.031581547828758216,0.03109310792126221
2025-06-17,SOXX,224.5919952392578,-0.007914114841614195,-0.007945597664273149
2025-06-18,SOXX,225.50770568847656,0.0040772176597088094,0.004068928331743818
2025-06-20,SOXX,224.06443786621094,-0.0064000820630910615,-0.006420650394603943
2025-06-23,SOXX,225.45794677734375,0.006219232843923672,0.006199973227450926
2025-06-24,SOXX,234.008056640625,0.03792330226321594,0.03722189209387179
2025-06-25,SOXX,236.10824584960938,0.008974858554591236,0.008934823870341021
2025-06-26,SOXX,237.9595947265625,0.007841102161812552,0.00781052047896585
2025-06-27,SOXX,237.7505645751953,-0.000878427077535493,-0.0008788131206911643
2025-06-30,SOXX,237.59132385253906,-0.0006697806288736841,-0.00067000503212532
2025-07-01,SOXX,236.51632690429688,-0.004524563148229244,-0.00453482996434717
2025-07-02,SOXX,241.0153350830078,0.01902197720384602,0.018843321430826822
2025-07-03,SOXX,242.2097625732422,0.00495581532114131,0.004943575689970766
2025-07-07,SOXX,237.67095947265625,-0.01873914185937675,-0.018916944325725073
2025-07-08,SOXX,242.2097625732422,0.019097003313558458,0.01891694432572502
2025-07-09,SOXX,242.9861297607422,0.0032053505162297213,0.0032002243314887134
2025-07-10,SOXX,245.4048614501953,0.009954196528973558,0.009904979853513735
2025-07-11,SOXX,245.02662658691406,-0.0015412688283602538,-0.0015424578050063612
2025-07-14,SOXX,242.69749450683594,-0.009505628480143802,-0.009551095323224191
2025-07-15,SOXX,245.11619567871094,0.009965909111628202,0.00991657692868722
2025-07-16,SOXX,244.44931030273438,-0.0027206907896477617,-0.002724398595556771
2025-07-17,SOXX,245.38494873046875,0.0038275355597265914,0.0038202291831723406
2025-07-18,SOXX,245.58401489257812,0.0008112403109452604,0.0008109114333780166
2025-07-21,SOXX,245.80299377441406,0.0008916658599775751,0.0008912685621283954
2025-07-22,SOXX,242.40884399414062,-0.013808415138297336,-0.01390463812072648
2025-07-23,SOXX,240.9357147216797,-0.006077044253783637,-0.006095584639206269
2025-07-24,SOXX,240.43804931640625,-0.0020655526551899284,-0.0020676888511993994
2025-07-25,SOXX,240.41810607910156,-8.294542964970564e-05,-8.294886981208734e-05
2025-07-28,SOXX,244.60858154296875,0.017429949566645675,0.017279790329897248
2025-07-29,SOXX,245.04653930664062,0.0017904431680575428,0.0017888422353230613
2025-07-30,SOXX,246.79835510253906,0.007148910573702372,0.00712347824951258
2025-07-31,SOXX,238.91514587402344,-0.03194190344275327,-0.032463176401920674
2025-08-01,SOXX,236.1381072998047,-0.011623535059108625,-0.011691616421013585
2025-08-04,SOXX,239.28341674804688,0.013319787662432914,0.013231859222287066
2025-08-05,SOXX,237.62118530273438,-0.006946705575768153,-0.006970946262116447
2025-08-06,SOXX,235.82952880859375,-0.007539969518534417,-0.0075685387869108296
2025-08-07,SOXX,239.7213897705078,0.01650285687960995,0.016368164588571522
2025-08-08,SOXX,241.741943359375,0.00842875802948373,0.008393434399283363
2025-08-11,SOXX,241.28408813476562,-0.0018939833867750444,-0.0018957792412136352
2025-08-12,SOXX,248.9980926513672,0.031970630870167493,0.03147020819528133
2025-08-13,SOXX,252.7008056640625,0.014870447292460343,0.01476096621180358
2025-08-14,SOXX,252.9595947265625,0.0010240927480225093,0.0010235687227806841
2025-08-15,SOXX,247.1666259765625,-0.022900767042506986,-0.02316706305160013
2025-08-18,SOXX,247.89324951171875,0.002939812494042515,0.0029354996957704463
2025-08-19,SOXX,244.0113525390625,-0.01565955095712579,-0.015783456969153672
2025-08-20,SOXX,242.60792541503906,-0.005751482910201,-0.0057680863816962314
2025-08-21,SOXX,241.23431396484375,-0.005661857286176519,-0.005677946358234526
2025-08-22,SOXX,247.9330596923828,0.02776862718010875,0.02739007086426146
2025-08-25,SOXX,247.35574340820312,-0.0023285167572891785,-0.002331231968195294
2025-08-26,SOXX,249.6848907470703,0.009416184588135756,0.009372128665243852
2025-08-27,SOXX,250.172607421875,0.001953328747067662,0.0019514234811409624
2025-08-28,SOXX,251.3769989013672,0.00481424202235381,0.004802690618562347
2025-08-29,SOXX,244.18057250976562,-0.0286280225440404,-0.029045797071562744
2025-09-02,SOXX,241.70213317871094,-0.010150026701880921,-0.01020188946028121
2025-09-03,SOXX,240.55746459960938,-0.004735864611733587,-0.004747114350757492
2025-09-04,SOXX,243.03590393066406,0.01030289928928152,0.01025018617848354
2025-09-05,SOXX,245.9025421142578,0.011795122190717766,0.011726101941680046
2025-09-08,SOXX,247.69419860839844,0.007286042993846387,0.007259628012117708
2025-09-09,SOXX,247.9031982421875,0.0008437808998484897,0.0008434251168662056
2025-09-10,SOXX,252.2728271484375,0.017626351484102853,0.017472808987872988
2025-09-11,SOXX,254.00474548339844,0.0068652591503319815,0.006841800563714847
2025-09-12,SOXX,254.45265197753906,0.001763378449045172,0.0017618255225978973
2025-09-15,SOXX,256.60260009765625,0.0084493052181156,0.008413809640610045
2025-09-16,SOXX,257.9201965332031,0.0051347742970859755,0.00512163629812623
2025-09-17,SOXX,257.870361328125,-0.00019321947543460283,-0.0001932381447223318
2025-09-18,SOXX,266.8872985839844,0.034966939238068706,0.0343694834420004
2025-09-19,SOXX,265.1816101074219,-0.006391044030991,-0.006411554187135466
2025-09-22,SOXX,269.14154052734375,0.014932899827849067,0.014822501764493482
2025-09-23,SOXX,268.8223571777344,-0.0011859311980750853,-0.0011866349709508666
2025-09-24,SOXX,268.41339111328125,-0.0015213245979490697,-0.0015224829872216943
2025-09-25,SOXX,267.5555725097656,-0.003195886017302252,-0.0032010037677603752
2025-09-26,SOXX,268.1440734863281,0.0021995466999329416,0.002197131238388865
2025-09-29,SOXX,268.24383544921875,0.0003720461227934013,0.00037197693079586946
2025-09-30,SOXX,270.4282531738281,0.008143403262003135,0.008110424671327528
2025-10-01,SOXX,275.6348876953125,0.019253293472030863,0.01907029398208698
2025-10-02,SOXX,280.97125244140625,0.01936026600519658,0.01917524033915068
2025-10-03,SOXX,279.24566650390625,-0.006141503525738279,-0.006160440131147026
2025-10-06,SOXX,287.6242370605469,0.03000429930225401,0.029562976312691218
2025-10-07,SOXX,281.1907043457031,-0.02236783930517461,-0.022621793504830585
2025-10-08,SOXX,290.7961120605469,0.034159762632247626,0.033589273466422445
2025-10-09,SOXX,289.4495849609375,-0.004630485222336889,-0.00464123912907986
2025-10-10,SOXX,271.2959899902344,-0.06271764035575667,-0.06477069780129403
2025-10-13,SOXX,284.1431579589844,0.047354802292552955,0.046267749643212674
2025-10-14,SOXX,278.31805419921875,-0.020500594846652898,-0.020713648893951535
2025-10-15,SOXX,286.9060974121094,0.03085693897077668,0.030390435921652192
2025-10-16,SOXX,288.24267578125,0.0046585917176265035,0.004647774062911378
2025-10-17,SOXX,287.43475341796875,-0.0028029241717641984,-0.0028068597194686926
2025-10-20,SOXX,292.2225036621094,0.016656824504372336,0.016519621088979697
2025-10-21,SOXX,290.586669921875,-0.005597904746329374,-0.00561363173468716
2025-10-22,SOXX,283.405029296875,-0.024714281033368812,-0.02502480581963611
2025-10-23,SOXX,290.3173522949219,0.024390262287145248,0.024097569526035464
2025-10-24,SOXX,295.1050720214844,0.016491331602180193,0.016356826358983674
2025-10-27,SOXX,303.30413818359375,0.027783548774493738,0.027404589196182
2025-10-28,SOXX,303.6731872558594,0.0012167624038226243,0.0012160227483781064
2025-10-29,SOXX,308.81005859375,0.016915788266688603,0.01677430957375745
2025-10-30,SOXX,304.6307373046875,-0.013533630698734922,-0.013626045026814998
2025-10-31,SOXX,305.767822265625,0.0037326665424448624,0.003725717429798263
2025-11-03,SOXX,307.5931701660156,0.005969718745633568,0.005951970574050143
2025-11-04,SOXX,295.50408935546875,-0.03930217567581917,-0.04009535824665946
2025-11-05,SOXX,304.6905822753906,0.03108753229086858,0.030614101810105647
2025-11-06,SOXX,296.74090576171875,-0.02609098205236504,-0.02643739043403697
2025-11-07,SOXX,293.6288757324219,-0.010487364461291393,-0.010542744401331914
2025-11-10,SOXX,301.2294616699219,0.025885008477253058,0.025555662959873993
2025-11-11,SOXX,294.39691162109375,-0.022682210468227826,-0.022943409069184614
2025-11-12,SOXX,298.9053955078125,0.015314304290397596,0.015198223958580672
2025-11-13,SOXX,288.64166259765625,-0.034337730480639594,-0.03494112337483918
2025-11-14,SOXX,287.7838134765625,-0.002972021132962799,-0.002976446357853098
2025-11-17,SOXX,282.83648681640625,-0.017191122045365326,-0.017340605048039155
2025-11-18,SOXX,276.2733154296875,-0.023204825730207213,-0.023478296544085658
2025-11-19,SOXX,280.8914489746094,0.016715814691474318,0.01657764310224123
2025-11-20,SOXX,267.4159240722656,-0.04797413716770649,-0.04916307771913923
2025-11-21,SOXX,270.1389465332031,0.010182723674307503,0.010131229019125523
2025-11-24,SOXX,281.97869873046875,0.04382837924412497,0.04289508825011023
2025-11-25,SOXX,282.8564453125,0.0031128116626648605,0.003107976894990422
2025-11-26,SOXX,290.6465148925781,0.027540717947832638,0.027168294776150438
2025-11-28,SOXX,295.9828796386719,0.018360325937732513,0.018193810253318433
2025-12-01,SOXX,296.16241455078125,0.0006065719487848842,0.0006063880583784418
2025-12-02,SOXX,302.0672912597656,0.019937967881376473,0.019741809644251727
2025-12-03,SOXX,308.5706787109375,0.021529598335687572,0.02130111022109482
2025-12-04,SOXX,305.49853515625,-0.00995604497329905,-0.01000593782223897
2025-12-05,SOXX,308.6105651855469,0.010186726518034428,0.010135191506012808
2025-12-08,SOXX,311.9620056152344,0.01085977217815759,0.010801228319552615
2025-12-09,SOXX,311.38348388671875,-0.0018544621399477768,-0.0018561837836733564
2025-12-10,SOXX,315.5228576660156,0.013293491766579235,0.013205908641461341
2025-12-11,SOXX,313.7174987792969,-0.0057218006329979865,-0.005738232845447942
2025-12-12,SOXX,298.71588134765625,-0.047818873636355286,-0.04900000350233799
2025-12-15,SOXX,297.2496337890625,-0.004908502192714992,-0.004920588456123445
2025-12-16,SOXX,295.87713623046875,-0.004617322958815562,-0.004628015721791288
2025-12-17,SOXX,284.9190979003906,-0.03703577258346358,-0.03773901489730592
2025-12-18,SOXX,291.7216796875,0.023875485487770298,0.023594923020549042
2025-12-19,SOXX,299.4831848144531,0.026605856428865593,0.02625807581205826
2025-12-22,SOXX,303.5087890625,0.013441837312305083,0.013352297312801258
2025-12-23,SOXX,304.6275634765625,0.0036861351446140223,0.00367935799767571
2025-12-24,SOXX,305.8063049316406,0.0038694510819234917,0.003861984012194726
2025-12-26,SOXX,305.7063903808594,-0.0003267249535734429,-0.00032677833979981156
2025-12-29,SOXX,304.9871826171875,-0.002352609517831339,-0.0023553812516613044
2025-12-30,SOXX,304.587646484375,-0.001310009585924088,-0.0013108683985988555
2025-12-31,SOXX,300.82171630859375,-0.012364027954674284,-0.012441098475243694
2026-01-02,SOXX,313.3480529785156,0.04164040024647653,0.04079677843894989
2026-01-05,SOXX,317.7132873535156,0.013930944626930009,0.013834800904120226
2026-01-06,SOXX,327.9920654296875,0.03235237078622655,0.03184005334073979
2026-01-07,SOXX,324.5358581542969,-0.010537472212514665,-0.010593384502493931
2026-01-08,SOXX,319.23162841796875,-0.016344048286356938,-0.016479085636533684
2026-01-09,SOXX,328.421630859375,0.028787881974444707,0.028381295635623284
2026-01-12,SOXX,329.9898986816406,0.004775166051523394,0.0047638011114039735
2026-01-13,SOXX,332.9366760253906,0.008929901659180617,0.008890265875033755
2026-01-14,SOXX,331.5382080078125,-0.004200402413675475,-0.004209248885077782
2026-01-15,SOXX,336.8524169921875,0.01602894886929529,0.015901841731962713
2026-01-16,SOXX,342.0967102050781,0.015568518877548287,0.01544857280744422
2026-01-20,SOXX,336.9822692871094,-0.014950277992742955,-0.015063159888895053
2026-01-21,SOXX,347.760498046875,0.03198455747409823,0.031483703259524584
2026-01-22,SOXX,348.2899475097656,0.0015224542921470352,0.0015212965335519276
2026-01-23,SOXX,344.3342590332031,-0.011357458074357951,-0.011422446539051868
2026-01-26,SOXX,342.696044921875,-0.004757627416823951,-0.004768980951046491
2026-01-27,SOXX,350.6972961425781,0.023347953205958838,0.023079559349425682
2026-01-28,SOXX,360.06707763671875,0.026717575519405345,0.02636689363287667
2026-01-29,SOXX,360.736328125,0.001858682811752388,0.0018569575982740065
2026-01-30,SOXX,345.9224853515625,-0.0410655695544595,-0.04193257927716603
2026-02-02,SOXX,352.3055725097656,0.018452362678060608,0.01828418355166359
2026-02-03,SOXX,345.26324462890625,-0.019989260546437015,-0.020191748751480075
2026-02-04,SOXX,330.0198669433594,-0.044150015742135174,-0.04515429847636255
2026-02-05,SOXX,330.4693603515625,0.00136201923952739,0.001361092532689226
2026-02-06,SOXX,348.130126953125,0.05344146453630216,0.05206238986727354
2026-02-09,SOXX,352.38543701171875,0.012223331820881755,0.012149230135698312
2026-02-10,SOXX,351.0469055175781,-0.0037984869791770626,-0.0038057195518739796
2026-02-11,SOXX,359.807373046875,0.024955262079238594,0.02464896488586196
2026-02-12,SOXX,351.1168518066406,-0.024153260581189384,-0.02444973418343894
2026-02-13,SOXX,354.2734069824219,0.008990041803859539,0.00894987195097502
2026-02-17,SOXX,353.7140197753906,-0.0015789703545516787,-0.001580218241999801
2026-02-18,SOXX,357.52984619140625,0.010787885700540567,0.01073011159714338
2026-02-19,SOXX,355.4521179199219,-0.005811342167982403,-0.005828293722973522
2026-02-20,SOXX,359.0382080078125,0.010088813393140494,0.01003826103981026
2026-02-23,SOXX,356.4310302734375,-0.007261560681358636,-0.007288054146975504
2026-02-24,SOXX,361.6453552246094,0.014629267679561186,0.01452329225476357
2026-02-25,SOXX,367.598876953125,0.016462320454297075,0.016328285474290372
2026-02-26,SOXX,356.41107177734375,-0.030434818703779398,-0.03090757469119059
2026-02-27,SOXX,351.906005859375,-0.012640084090269621,-0.01272064957616164
2026-03-02,SOXX,351.6662292480469,-0.0006813654991268958,-0.0006815977340958517
2026-03-03,SOXX,334.4150695800781,-0.04905549135285514,-0.05029956866796968
2026-03-04,SOXX,341.1676940917969,0.020192345160156666,0.019991183204825125
2026-03-05,SOXX,337.391845703125,-0.011067426529710933,-0.011129126154436895
2026-03-06,SOXX,323.1573791503906,-0.042189717190911136,-0.04310555526877126
2026-03-09,SOXX,336.00335693359375,0.03975146047098277,0.03898170427657244
2026-03-10,SOXX,338.440673828125,0.007253846856693613,0.007227664249754181
2026-03-11,SOXX,341.71710205078125,0.009680952899651096,0.009634392731808166
2026-03-12,SOXX,329.830078125,-0.03478615455428613,-0.03540560069498722
2026-03-13,SOXX,330.9588623046875,0.0034223203235568267,0.003416477512211433
2026-03-16,SOXX,337.46173095703125,0.01964857084369931,0.01945802954066251
2026-03-17,SOXX,340.0885009765625,0.007783904895176663,0.0077537666021772755
2026-03-18,SOXX,338.12945556640625,-0.005760398850684023,-0.00577705393890847
2026-03-19,SOXX,340.0385437011719,0.0056460272932084,0.005630148222185698
2026-03-20,SOXX,332.3522033691406,-0.02260432081718966,-0.02286371488144199
2026-03-23,SOXX,336.43023681640625,0.012270216372647802,0.012195547449790288
2026-03-24,SOXX,340.8581237792969,0.013161382296642321,0.01307552382824398
2026-03-25,SOXX,345.08612060546875,0.012403978462632859,0.012327679415042652
2026-03-26,SOXX,328.69390869140625,-0.04750180008776261,-0.04866706183898556
2026-03-27,SOXX,323.32647705078125,-0.016329574411627412,-0.016464371377733746
2026-03-30,SOXX,309.6429748535156,-0.04232100730530808,-0.043242637857832486
2026-03-31,SOXX,328.5039978027344,0.06091216168602376,0.05912906797287692
2026-04-01,SOXX,338.37933349609375,0.030061538853142,0.02961854691615695
2026-04-02,SOXX,339.44879150390625,0.0031605299199657377,0.003155545943854156
2026-04-06,SOXX,343.9366760253906,0.013221094414863188,0.013134458524851754
2026-04-07,SOXX,347.5949401855469,0.010636446808848676,0.010580277750246708
2026-04-08,SOXX,370.22418212890625,0.06510233414583033,0.06307088294503453
2026-04-09,SOXX,378.4502868652344,0.022219252910562037,0.021976001953149714
2026-04-10,SOXX,386.41650390625,0.021049573266283206,0.020831091643685115
2026-04-13,SOXX,393.1532897949219,0.017434001448101588,0.017283772789219796
2026-04-14,SOXX,401.049560546875,0.020084458039437925,0.019885425867732325
2026-04-15,SOXX,401.66925048828125,0.001545170478584268,0.0015439779309818387
2026-04-16,SOXX,405.75732421875,0.010177711451646365,0.010126267307765504
2026-04-17,SOXX,415.5126953125,0.024042378316973423,0.023757910836146805
2026-04-20,SOXX,417.351806640625,0.004426125480334164,0.004416358994806142
2026-04-21,SOXX,420.5003356933594,0.007544064749779533,0.0075157506066252855
2026-04-22,SOXX,431.5650634765625,0.026313243638577788,0.02597300584290089
2026-04-23,SOXX,440.7906799316406,0.021377116073203917,0.02115183050930833
2026-04-24,SOXX,461.38092041015625,0.0467120595238284,0.04565387928345621
2026-04-27,SOXX,455.19384765625,-0.013409901624033549,-0.013500626340740373
2026-04-28,SOXX,438.50177001953125,-0.036670261961282424,-0.03735951869047289
2026-04-29,SOXX,449.7763977050781,0.025711703934615082,0.025386716946262523
2026-04-30,SOXX,461.2209777832031,0.02544504366284972,0.025126707296995104
2026-05-01,SOXX,465.5289306640625,0.009340322943602875,0.009296971860264588
2026-05-04,SOXX,461.8406982421875,-0.007922670706230539,-0.007954221818328703
2026-05-05,SOXX,482.5008850097656,0.04473444381626157,0.04376273237263642
2026-05-06,SOXX,506.6294250488281,0.0500072451443776,0.04879706428312864
2026-05-07,SOXX,492.12628173828125,-0.028626729111024485,-0.02904446551971155
2026-05-08,SOXX,520.0530395507812,0.05674713757179872,0.0551954517521263
2026-05-11,SOXX,532.5071411132812,0.023947752662416555,0.02366550252500035
2026-05-12,SOXX,515.7450561523438,-0.03147767169073823,-0.03198374187398021
2026-05-13,SOXX,528.0392456054688,0.02383772623017344,0.02355804358119683
2026-05-14,SOXX,529.7784423828125,0.0032936884745176087,0.0032882761636883395
2026-05-15,SOXX,508.27862548828125,-0.0405826571534893,-0.04142911331446397
2026-05-18,SOXX,495.6346435546875,-0.02487608429618149,-0.02519072303036728
2026-05-19,SOXX,496.50421142578125,0.0017544533708484522,0.001752916115299364
2026-05-20,SOXX,520.0630493164062,0.047449422076345504,0.04635808723443593
2026-05-21,SOXX,524.4609985351562,0.008456569303531225,0.008421012837851344
2026-05-22,SOXX,537.0750122070312,0.02405138553125319,0.023766706541147046
2026-05-26,SOXX,569.8194580078125,0.060968105118543336,0.05918179802876908
2026-05-27,SOXX,563.7122802734375,-0.010717741643514134,-0.010775590346077725
2026-05-28,SOXX,569.19970703125,0.009734446010561948,0.009687371540380421
2026-05-29,SOXX,568.8099365234375,-0.0006847693401765831,-0.0006850039017877185
2026-06-01,SOXX,571.6585083007812,0.0050079500979784974,0.004995452025003112
2026-06-02,SOXX,604.7328491210938,0.05785681545897714,0.056244989172549456
2026-06-03,SOXX,615.3877563476562,0.017619197042211487,0.017465778443674942
2026-06-04,SOXX,602.4338989257812,-0.02104991087043473,-0.02127461923277379
2026-06-05,SOXX,539.5138549804688,-0.10444306679538984,-0.11030948250106276
2026-06-08,SOXX,571.1787719726562,0.0586915733486284,0.057033780902846914
2026-06-09,SOXX,561.8732299804688,-0.01629182044012134,-0.01642599140205249
2026-06-10,SOXX,541.2529907226562,-0.03669909537873739,-0.03738945013329196
2026-06-11,SOXX,586.6514282226562,0.0838765573182072,0.08054401952025117
2026-06-12,SOXX,595.9669799804688,0.015879193861396246,0.01575443840695911
2026-06-15,SOXX,628.4500122070312,0.054504751635110704,0.05307122698164735
2026-06-16,SOXX,591.239990234375,-0.05920919922012524,-0.061034479968196456
2026-06-17,SOXX,599.72998046875,0.014359634623174689,0.014257511542343
2026-06-18,SOXX,639.4500122070312,0.06622985848937546,0.06412892960019828
2026-06-22,SOXX,655.010009765625,0.024333407243029237,0.0240420666341851
2026-06-23,SOXX,603.3900146484375,-0.07880794850090633,-0.08208673949326871
2026-06-24,SOXX,601.5,-0.0031323266917810955,-0.003137242695403469
2026-06-25,SOXX,625.2000122070312,0.03940151655366786,0.03864508265758973
2026-06-26,SOXX,589.9400024414062,-0.05639796717398149,-0.05805077712069336
2026-06-29,SOXX,614.3499755859375,0.04137704350190363,0.040543917622285576
2026-06-30,SOXX,640.760009765625,0.04298858180062415,0.04209022850005779
2026-07-01,SOXX,599.7000122070312,-0.06408015002935741,-0.06622543654427981
2026-07-02,SOXX,566.3200073242188,-0.05566117092438694,-0.05727024813075597
2026-07-06,SOXX,581.510009765625,0.02682229524818802,0.026468883110036718
2026-07-07,SOXX,551.6900024414062,-0.05128029926129318,-0.05264188676254432
2026-07-08,SOXX,562.030029296875,0.01874245828220711,0.018568982632362778
2026-07-09,SOXX,581.7000122070312,0.03499809954063182,0.034399590523020336
2026-07-10,SOXX,581.3400268554688,-0.0006188505140246603,-0.0006190420810423233
2026-07-13,SOXX,553.6099853515625,-0.0477002102433941,-0.04887538855649072
2026-07-14,SOXX,567.9199829101562,0.02584851779634434,0.025520092374858656
2026-07-15,SOXX,555.27001953125,-0.022274200168278746,-0.022526016528074646
2026-07-16,SOXX,530.5,-0.0446089625947399,-0.04563455905702621
2026-07-17,SOXX,521.8099975585938,-0.01638077745788169,-0.01651642578295516
2026-07-20,SOXX,524.1400146484375,0.004465259578668945,0.0044553198850073635
2026-07-21,SOXX,552.6900024414062,0.0544701549110278,0.05303841793875299
2026-07-22,SOXX,555.52001953125,0.0051204419789441236,0.005107377095587116
2026-07-23,SOXX,551.239990234375,-0.0077045455544275665,-0.007734378899227126
2026-07-24,SOXX,527.010009765625,-0.04395541125100144,-0.044950726067555784
2026-07-27,SOXX,516.22998046875,-0.020455075040546444,-0.020667177453346588
2026-07-28,SOXX,491.4599914550781,-0.047982468959241964,-0.04917182940154556
2026-07-29,SOXX,465.0,-0.05383956357614661,-0.055343129781398784
2026-07-30,SOXX,504.5299987792969,0.08501075006300396,0.08158989483550959
2026-07-31,SOXX,504.8900146484375,0.0007135668245925597,0.0007133123568319526
2022-01-04,TSM,123.9838638305664,0.03571436082827262,0.0350913923351169
2022-01-05,TSM,118.09137725830078,-0.0475262376103891,-0.04869271840833296
2022-01-06,TSM,119.40184020996094,0.011097024880942774,0.011035904653111389
2022-01-07,TSM,114.78265380859375,-0.038686057042710775,-0.03945423974291211
2022-01-10,TSM,116.18608093261719,0.012226822411369964,0.012152678568825613
2022-01-11,TSM,120.05242919921875,0.033277207007643916,0.032735505548780165
2022-01-12,TSM,122.89643096923828,0.023689664499000784,0.023413418672049213
2022-01-13,TSM,129.36514282226562,0.05263547364240795,0.051296994340993246
2022-01-14,TSM,130.73141479492188,0.010561360988356583,0.010505979410680957
2022-01-18,TSM,124.3835220336914,-0.04855675103943757,-0.049775237786581966
2022-01-19,TSM,121.76253509521484,-0.021071817999868347,-0.02129699767147202
2022-01-20,TSM,119.271728515625,-0.02045626413446555,-0.02066839137892626
2022-01-21,TSM,115.73994445800781,-0.029611242341931132,-0.030058506685205162
2022-01-24,TSM,117.0689926147461,0.011483055076292104,0.011417625212768916
2022-01-25,TSM,113.83465576171875,-0.027627613262813266,-0.02801643396395309
2022-01-26,TSM,114.39230346679688,0.004898751626617237,0.004886791785823845
2022-01-27,TSM,108.16522216796875,-0.054436191160671665,-0.05597390628680239
2022-01-28,TSM,109.30840301513672,0.010568839265107988,0.010513379504698156
2022-01-31,TSM,113.97406005859375,0.04268342519660573,0.04179760664468251
2022-02-01,TSM,114.36441802978516,0.0034249720593504396,0.003419120200375778
2022-02-02,TSM,115.38677215576172,0.008939442385920149,0.008899722113385121
2022-02-03,TSM,111.38099670410156,-0.03471607166766677,-0.03533299466808361
2022-02-04,TSM,112.47769927978516,0.009846406551712983,0.009798246567863163
2022-02-07,TSM,113.67664337158203,0.010659393812941786,0.010602982990749292
2022-02-08,TSM,114.97783660888672,0.011446443162923092,0.011381428288056635
2022-02-09,TSM,116.66007232666016,0.014630956429418696,0.0145249566542698
2022-02-10,TSM,115.90725708007812,-0.006453066859705592,-0.006473977904443857
2022-02-11,TSM,112.4684066772461,-0.029668982680318257,-0.03011801073019777
2022-02-14,TSM,111.31592559814453,-0.010247153962168909,-0.010300017488204008
2022-02-15,TSM,115.73065185546875,0.039659430881988866,0.03889318921739228
2022-02-16,TSM,114.87560272216797,-0.007388268532079301,-0.007415696970651793
2022-02-17,TSM,111.306640625,-0.031068059819452487,-0.03156090672989407
2022-02-18,TSM,110.8884048461914,-0.0037575096729193236,-0.003764586846317726
2022-02-22,TSM,108.65782165527344,-0.020115567484372376,-0.020320640275799016
2022-02-23,TSM,107.7190933227539,-0.008639307490423742,-0.008676842648926812
2022-02-24,TSM,103.98285675048828,-0.03468499833238392,-0.03530080431015615
2022-02-25,TSM,103.37873077392578,-0.005809861312159659,-0.005826804212196867
2022-02-28,TSM,99.45660400390625,-0.03793939759810605,-0.038677834040846584
2022-03-01,TSM,100.4232177734375,0.009718950080914501,0.009672024883034683
2022-03-02,TSM,101.87307739257812,0.014437494150123964,0.014334265916531787
2022-03-03,TSM,101.1109619140625,-0.007481029316300458,-0.0075091525644705075
2022-03-04,TSM,97.64427947998047,-0.03428592081863957,-0.03488747286591863
2022-03-07,TSM,92.28153991699219,-0.05492118526091205,-0.056486953125829714
2022-03-08,TSM,92.94142150878906,0.007150743175617258,0.0071252978416586395
2022-03-09,TSM,97.5420150756836,0.04949992685940874,0.04831379058765609
2022-03-10,TSM,96.62190246582031,-0.0094329875095297,-0.009477759917029349
2022-03-11,TSM,94.25189208984375,-0.02452870742029678,-0.02483454776849655
2022-03-14,TSM,92.29084014892578,-0.020806499449885107,-0.02102600475619887
2022-03-15,TSM,94.88388061523438,0.028096401139314775,0.027708938063681843
2022-03-16,TSM,98.70352172851562,0.04025595378808711,0.039466792284950286
2022-03-17,TSM,99.45063781738281,0.00756929515566962,0.007540791784350978
2022-03-18,TSM,99.66543579101562,0.002159845108557601,0.0021575159961894994
2022-03-21,TSM,99.85221099853516,0.0018740218816799548,0.0018722680934233217
2022-03-22,TSM,99.96428680419922,0.00112241686531811,0.0011217874264595003
2022-03-23,TSM,98.385986328125,-0.015788643389870294,-0.015914611691685072
2022-03-24,TSM,100.78610229492188,0.02439489663489569,0.024102093521858325
2022-03-25,TSM,99.67478942871094,-0.011026449489623058,-0.011087691387036237
2022-03-28,TSM,99.30123901367188,-0.0037476920410876025,-0.00375473223405952
2022-03-29,TSM,102.02819061279297,0.027461405579699116,0.027091105203191013
2022-03-30,TSM,99.67478942871094,-0.023066185629160296,-0.023336372969131602
2022-03-31,TSM,97.3680648803711,-0.023142507363806852,-0.023414499772553908
2022-04-01,TSM,95.99520874023438,-0.014099655177736592,-0.014199999647410689
2022-04-04,TSM,97.8630142211914,0.019457278185741167,0.019270405481214725
2022-04-05,TSM,95.7243881225586,-0.021853262089383985,-0.022095581438598175
2022-04-06,TSM,94.49165344238281,-0.012877958317137339,-0.012961598071136584
2022-04-07,TSM,93.87528991699219,-0.006522941476163946,-0.006544308828257854
2022-04-08,TSM,92.72659301757812,-0.01223641386811991,-0.012311895159181747
2022-04-11,TSM,91.12029266357422,-0.01732297393585247,-0.01747477226889313
2022-04-12,TSM,90.99888610839844,-0.0013323767036617085,-0.0013332651067146394
2022-04-13,TSM,94.79049682617188,0.04166656186600837,0.0408218939116181
2022-04-14,TSM,91.85806274414062,-0.030935950123869405,-0.03142457033243449
2022-04-18,TSM,92.24095916748047,0.004168348557560542,0.004159685059354513
2022-04-19,TSM,92.87599182128906,0.006884497511084886,0.006860907566151321
2022-04-20,TSM,92.4651107788086,-0.004423974747651438,-0.004433789481388399
2022-04-21,TSM,91.20433807373047,-0.01363511809437068,-0.013728930051231755
2022-04-22,TSM,89.35520935058594,-0.020274569852693602,-0.020482919892471384
2022-04-25,TSM,89.87820434570312,0.005852988302732509,0.005835926110864505
2022-04-26,TSM,86.6375732421875,-0.0360558060444891,-0.03672187613493153
2022-04-27,TSM,84.29351043701172,-0.027055961027707576,-0.027428712353210965
2022-04-28,TSM,88.9256362915039,0.054952342481376926,0.053495592904264776
2022-04-29,TSM,86.78702545166016,-0.024049429714882775,-0.024343339051230966
2022-05-02,TSM,87.56214904785156,0.008931330370611112,0.008891681940130618
2022-05-03,TSM,87.44072723388672,-0.0013866929407875261,-0.0013876552892009247
2022-05-04,TSM,89.64472198486328,0.02520558578019716,0.024893163971474088
2022-05-05,TSM,86.05857849121094,-0.04000395577397042,-0.040826115126630674
2022-05-06,TSM,85.57293701171875,-0.005643150142687792,-0.005659132871441266
2022-05-09,TSM,81.52916717529297,-0.04725524187479979,-0.048408241079880725
2022-05-10,TSM,82.94867706298828,0.017411068171998778,0.01726123222684857
2022-05-11,TSM,82.02413940429688,-0.011145899988125763,-0.011208480980220857
2022-05-12,TSM,81.89338684082031,-0.001594074188722483,-0.0015953460768177539
2022-05-13,TSM,84.94723510742188,0.037290535712455775,0.03661205945032341
2022-05-16,TSM,84.43360137939453,-0.006046503189630847,-0.006064857312952252
2022-05-17,TSM,87.15122985839844,0.03218657542265069,0.031679440857030804
2022-05-18,TSM,84.545654296875,-0.029897174896520995,-0.030353207841550666
2022-05-19,TSM,84.24681091308594,-0.003534698338718889,-0.0035409601449771797
2022-05-20,TSM,84.77912902832031,0.006318555081966881,0.006298676703946844
2022-05-23,TSM,85.45153045654297,0.007931214155290967,0.00789992739542066
2022-05-24,TSM,82.85533142089844,-0.030382124483596562,-0.030853227867139416
2022-05-25,TSM,84.43360137939453,0.019048502147418933,0.01886935089726888
2022-05-26,TSM,84.98458862304688,0.0065256868669683055,0.00650448675264888
2022-05-27,TSM,87.57147979736328,0.030439532816834314,0.02998544210794268
2022-05-31,TSM,89.00035095214844,0.016316626806941015,0.01618494116447073
2022-06-01,TSM,88.4866943359375,-0.005771399895794893,-0.005788118782795887
2022-06-02,TSM,89.97158813476562,0.01678098396568828,0.016641738874882038
2022-06-03,TSM,87.57147979736328,-0.026676291784549777,-0.027038561256556935
2022-06-06,TSM,86.95510864257812,-0.007038491940657088,-0.007063378971922541
2022-06-07,TSM,87.63685607910156,0.007840222928427343,0.007809648085721675
2022-06-08,TSM,87.29132080078125,-0.003942807784072411,-0.003950601142571456
2022-06-09,TSM,84.84449768066406,-0.0280305429872163,-0.028430897841759544
2022-06-10,TSM,82.81794738769531,-0.023885465155280117,-0.02417534817883908
2022-06-13,TSM,79.89485168457031,-0.03529543770797805,-0.035933377582830446
2022-06-14,TSM,81.42643737792969,0.019170017354887436,0.01898858758013657
2022-06-15,TSM,83.23820495605469,0.022250360404642677,0.022006432822731185
2022-06-16,TSM,79.34869384765625,-0.04672747460678528,-0.04785445042324152
2022-06-17,TSM,79.79931640625,0.0056790167139852965,0.005662951891466452
2022-06-21,TSM,81.62999725341797,0.022941059267327146,0.022681869735188195
2022-06-22,TSM,79.71482849121094,-0.02346158062778625,-0.02374118548419652
2022-06-23,TSM,78.9731674194336,-0.009303928589134647,-0.009347480479001904
2022-06-24,TSM,80.66304016113281,0.02139806211297257,0.0211723379444809
2022-06-27,TSM,80.60670471191406,-0.0006984047353808531,-0.000698648733581001
2022-06-28,TSM,79.17970275878906,-0.017703266226116843,-0.01786184338687467
2022-06-29,TSM,78.53193664550781,-0.008180961669616127,-0.008214609375925058
2022-06-30,TSM,76.7481689453125,-0.022713914572707106,-0.0229758495087931
2022-07-01,TSM,72.28881072998047,-0.05810377337483563,-0.05986017329243979
2022-07-05,TSM,71.4532470703125,-0.011558685932585577,-0.011626006806172057
2022-07-06,TSM,70.93689727783203,-0.0072264006696904914,-0.007252637578365077
2022-07-07,TSM,75.71546936035156,0.06736370303600592,0.06519177931423387
2022-07-08,TSM,76.52285766601562,0.010663452429007236,0.010606998792651498
2022-07-11,TSM,74.26970672607422,-0.029444155755072532,-0.029886336302693967
2022-07-12,TSM,74.26031494140625,-0.00012645511988629288,-0.00012646311600907314
2022-07-13,TSM,76.31631469726562,0.027686386160382215,0.027310048660674754
2022-07-14,TSM,78.55068969726562,0.029277815744423785,0.02885740655839609
2022-07-15,TSM,80.39078521728516,0.023425580693323678,0.023155412868260443
2022-07-18,TSM,78.4662094116211,-0.02394025385449594,-0.024231479129608924
2022-07-19,TSM,80.87896728515625,0.030749005102033378,0.03028572738687887
2022-07-20,TSM,81.26385498046875,0.004758810704833749,0.004747523360563049
2022-07-21,TSM,82.41861724853516,0.014210035548325228,0.014110019368600691
2022-07-22,TSM,81.03855895996094,-0.016744496991652036,-0.016886270931902828
2022-07-25,TSM,81.01979064941406,-0.00023159728884303288,-0.00023162411163660338
2022-07-26,TSM,79.25479125976562,-0.021784793264720714,-0.02202558536769871
2022-07-27,TSM,82.2684097290039,0.038024432609516934,0.03731932262613631
2022-07-28,TSM,83.1884536743164,0.011183441473381794,0.01112136915116631
2022-07-29,TSM,83.06641387939453,-0.001467028049345176,-0.0014681051885851665
2022-08-01,TSM,81.0291519165039,-0.024525700192722377,-0.02483146492745153
2022-08-02,TSM,80.78507995605469,-0.0030121500062190165,-0.0030166956604722865
2022-08-03,TSM,81.2169418334961,0.005345812341540412,0.005331574207133731
2022-08-04,TSM,83.01005554199219,0.022078074697421846,0.021837882892425976
2022-08-05,TSM,84.2774658203125,0.015268153599525824,0.015152768339971935
2022-08-08,TSM,82.5594482421875,-0.020385254366665162,-0.020595901308825184
2022-08-09,TSM,79.99647521972656,-0.03104396985481872,-0.03153604464807728
2022-08-10,TSM,83.24478912353516,0.04060571287530412,0.03980295984102975
2022-08-11,TSM,84.04277038574219,0.009585960522079384,0.009540306727614875
2022-08-12,TSM,85.30077362060547,0.014968607401793843,0.014857683347266129
2022-08-15,TSM,85.96734619140625,0.007814378961737312,0.007784004836459414
2022-08-16,TSM,84.44646453857422,-0.01769138772116785,-0.017849750876821186
2022-08-17,TSM,83.74234771728516,-0.008338026051610825,-0.008372981834598146
2022-08-18,TSM,83.80805969238281,0.0007846922959395819,0.0007843845859012043
2022-08-19,TSM,81.86471557617188,-0.023188033744534486,-0.02346110579439519
2022-08-22,TSM,80.02462768554688,-0.02247717930337001,-0.022733641413922243
2022-08-23,TSM,80.76631164550781,0.00926819632170428,0.00922551013676454
2022-08-24,TSM,80.3250503540039,-0.005463432494486664,-0.0054784116250221815
2022-08-25,TSM,82.21208190917969,0.023492441608929715,0.02322074124477707
2022-08-26,TSM,79.55522155761719,-0.03231715205190344,-0.03285088180735294
2022-08-29,TSM,77.78085327148438,-0.022303605613715027,-0.022556092330144856
2022-08-30,TSM,77.72453308105469,-0.0007240881021594037,-0.0007243503805653395
2022-08-31,TSM,78.25028228759766,0.006764263298882689,0.006741488316195613
2022-09-01,TSM,76.64488983154297,-0.020516123509360606,-0.02072950269204521
2022-09-02,TSM,75.95018768310547,-0.009063906934491994,-0.009105234051921077
2022-09-06,TSM,75.13340759277344,-0.010754154996166276,-0.010812398873178666
2022-09-07,TSM,75.05830383300781,-0.0009996053975441788,-0.0010001053362082705
2022-09-08,TSM,75.33055877685547,0.00362724615324872,0.003620683560559049
2022-09-09,TSM,76.54163360595703,0.01607680666074729,0.01594894340600759
2022-09-12,TSM,77.12369537353516,0.00760451195194789,0.0075757434060499534
2022-09-13,TSM,73.98805236816406,-0.04065732315061088,-0.041506940657532236
2022-09-14,TSM,74.78606414794922,0.010785684367176751,0.010727933755687188
2022-09-15,TSM,73.62287139892578,-0.015553602964347713,-0.01567582927640331
2022-09-16,TSM,73.53791046142578,-0.0011540019546322222,-0.001154668327601007
2022-09-19,TSM,73.8589096069336,0.004365083852582385,0.004355584507654899
2022-09-20,TSM,73.78339385986328,-0.0010224324657944761,-0.0010229555064142312
2022-09-21,TSM,72.82981872558594,-0.012923980375427968,-0.013008221618389474
2022-09-22,TSM,71.40416717529297,-0.019575107768215805,-0.01976923777719603
2022-09-23,TSM,69.74251556396484,-0.023271073342944648,-0.02354612024048275
2022-09-26,TSM,68.93057250976562,-0.011642009864908598,-0.011710308669487395
2022-09-27,TSM,68.949462890625,0.0002740493829018753,0.00027401183822898053
2022-09-28,TSM,68.0997543334961,-0.012323642875605945,-0.01240020865900796
2022-09-29,TSM,65.40900421142578,-0.039511891759451134,-0.04031367765126283
2022-09-30,TSM,64.7292251586914,-0.010392744254859476,-0.010447125932818994
2022-10-03,TSM,65.38067626953125,0.010064250100981997,0.010013942791254163
2022-10-04,TSM,68.74175262451172,0.051407794271268514,0.05013002260691834
2022-10-05,TSM,70.31844329833984,0.02293643402490031,0.022677348210862317
2022-10-06,TSM,70.1957015991211,-0.001745512179471831,-0.0017470373609297844
2022-10-07,TSM,65.85273742675781,-0.06186937481108756,-0.06386608040835057
2022-10-10,TSM,63.671810150146484,-0.03311824780309214,-0.0336790741529775
2022-10-11,TSM,59.90474319458008,-0.059163811216976,-0.06098623660922063
2022-10-12,TSM,60.52786636352539,0.010401900345708981,0.010348172837914997
2022-10-13,TSM,62.89761734008789,0.03915140445113274,0.038404422820435956
2022-10-14,TSM,60.348472595214844,-0.040528478703570014,-0.04137264474982109
2022-10-17,TSM,61.264286041259766,0.015175420464867528,0.015061425604909227
2022-10-18,TSM,60.15021514892578,-0.018184671108118167,-0.018352044430686762
2022-10-19,TSM,60.10301208496094,-0.0007847530361774213,-0.0007850611160295939
2022-10-20,TSM,60.0274772644043,-0.0012567559916941695,-0.0012575463717848419
2022-10-21,TSM,60.1879768371582,0.0026737684152033925,0.0026702002553079976
2022-10-24,TSM,57.86543273925781,-0.038588173584637286,-0.03935242235458014
2022-10-25,TSM,57.72380828857422,-0.002447479332294167,-0.00245047930575018
2022-10-26,TSM,57.44057083129883,-0.0049067701122459395,-0.004918847833310949
2022-10-27,TSM,57.544429779052734,0.0018081113444874397,0.0018064786789016038
2022-10-28,TSM,58.545196533203125,0.017391201163916792,0.017241705014419125
2022-10-31,TSM,58.110904693603516,-0.007418061007845589,-0.007445711650037326
2022-11-01,TSM,58.13923645019531,0.0004875463003231051,0.00048742748824165096
2022-11-02,TSM,57.13846206665039,-0.017213407754369636,-0.017363280831884945
2022-11-03,TSM,56.91185760498047,-0.003965883110497392,-0.00397376807906733
2022-11-04,TSM,58.98893737792969,0.03649643256008295,0.03584621107405777
2022-11-07,TSM,59.253299713134766,0.004481557847217488,0.004471545569438157
2022-11-08,TSM,61.38701248168945,0.03601002440175849,0.03537681985395196
2022-11-09,TSM,61.368141174316406,-0.0003074153083875153,-0.0003074625701596738
2022-11-10,TSM,66.88182830810547,0.08984608346091849,0.08603647843626776
2022-11-11,TSM,69.70476531982422,0.04220783257769645,0.041341378891426646
2022-11-14,TSM,68.73230743408203,-0.013951096188048129,-0.014049327422887259
2022-11-15,TSM,75.96431732177734,0.10521994907025634,0.10004436409446449
2022-11-16,TSM,75.01073455810547,-0.012553035389399891,-0.012632490372560756
2022-11-17,TSM,76.92733001708984,0.025550949077824736,0.02522997947835868
2022-11-18,TSM,77.67316436767578,0.009695310501745658,0.009648612570235523
2022-11-21,TSM,75.46392059326172,-0.028442819246507378,-0.028855153684168598
2022-11-22,TSM,77.9281005859375,0.032653749941741195,0.03213194512220165
2022-11-23,TSM,77.38994598388672,-0.0069057836390779,-0.006929738913242479
2022-11-25,TSM,76.85179901123047,-0.006953706528859627,-0.006977996213824983
2022-11-28,TSM,74.7936019897461,-0.026781377247702576,-0.02714653266985021
2022-11-29,TSM,74.89745330810547,0.0013885053747459963,0.001387542292551605
2022-11-30,TSM,78.34352111816406,0.04601048043492906,0.04498338512879699
2022-12-01,TSM,78.06026458740234,-0.0036155705885938527,-0.003622122561448819
2022-12-02,TSM,76.94621276855469,-0.014271688992294917,-0.014374508994783198
2022-12-05,TSM,77.05949401855469,0.0014722134582598745,0.0014711308144847637
2022-12-06,TSM,75.11460876464844,-0.025238749341358946,-0.025562709089460137
2022-12-07,TSM,74.81246185302734,-0.004022478670797414,-0.004030590598805074
2022-12-08,TSM,76.28530883789062,0.019687187781051163,0.019495901614638707
2022-12-09,TSM,76.18145751953125,-0.0013613541052847067,-0.001362281589636678
2022-12-12,TSM,75.93598937988281,-0.003222150739049634,-0.003227353044823625
2022-12-13,TSM,76.01152038574219,0.0009946667775870832,0.0009941724243718543
2022-12-14,TSM,75.54889678955078,-0.006086230006237092,-0.006104826597898929
2022-12-15,TSM,73.6888656616211,-0.024620228844783765,-0.024928374946035066
2022-12-16,TSM,72.44507598876953,-0.016878936345187334,-0.0170230090887991
2022-12-19,TSM,72.25517272949219,-0.0026213411565305655,-0.002624782887209252
2022-12-20,TSM,71.79942321777344,-0.006307500134626776,-0.006327476458345837
2022-12-21,TSM,73.24262237548828,0.02010042829087233,0.01990108155809817
2022-12-22,TSM,71.47657775878906,-0.024112252666833145,-0.024407712161856977
2022-12-23,TSM,71.10631561279297,-0.005180188498190463,-0.005193652191067456
2022-12-27,TSM,70.56509399414062,-0.00761144230281241,-0.007640557161243826
2022-12-28,TSM,69.36875915527344,-0.016953634880250035,-0.0170989929892599
2022-12-29,TSM,72.16021728515625,0.04024085429630464,0.03945227700982556
2022-12-30,TSM,70.72651672363281,-0.01986829607036611,-0.020068324582351138
2023-01-03,TSM,70.28974914550781,-0.006175443077900855,-0.006194589994333597
2023-01-04,TSM,72.46404266357422,0.03093329460552452,0.030464503238044803
2023-01-05,TSM,71.90386199951172,-0.0077304638752109245,-0.007760498800472974
2023-01-06,TSM,74.1256332397461,0.030899192038523093,0.030431423376101177
2023-01-09,TSM,76.25247192382812,0.02869235096047218,0.02828843349044981
2023-01-10,TSM,77.16394805908203,0.011953397867080495,0.011882520266503245
2023-01-11,TSM,77.648193359375,0.006275538155748661,0.006255928962244425
2023-01-12,TSM,82.60445404052734,0.06382969734033028,0.06187531921799437
2023-01-13,TSM,82.4145736694336,-0.002298669887710769,-0.0023013158849642603
2023-01-17,TSM,84.49390411376953,0.025230130446056487,0.02491710489843538
2023-01-18,TSM,84.94967651367188,0.005394145349097101,0.005379649053790191
2023-01-19,TSM,83.9337387084961,-0.011959289862772726,-0.012031377490819836
2023-01-20,TSM,86.43084716796875,0.029750949950474226,0.029316976839550576
2023-01-23,TSM,90.8269271850586,0.05086239648382196,0.049611157047123926
2023-01-24,TSM,89.78248596191406,-0.01149924648465206,-0.011565874090169806
2023-01-25,TSM,87.74112701416016,-0.022736716697952186,-0.022999181869296167
2023-01-26,TSM,88.72857666015625,0.011254125398192594,0.011191268886018364
2023-01-27,TSM,88.58616638183594,-0.0016050102873369498,-0.001606299696209206
2023-01-30,TSM,88.42474365234375,-0.0018222114816031088,-0.0018238737285622138
2023-01-31,TSM,88.04497528076172,-0.004294820158881718,-0.004304069391005918
2023-02-01,TSM,89.95339965820312,0.021675562646882973,0.021443988003738555
2023-02-02,TSM,91.76689910888672,0.020160432597037703,0.019959901787739355
2023-02-03,TSM,89.87745666503906,-0.020589585811390698,-0.020804506537238976
2023-02-06,TSM,87.19044494628906,-0.029896392470963207,-0.030352401303086893
2023-02-07,TSM,89.77301788330078,0.029619907761712083,0.029189712545751076
2023-02-08,TSM,89.51665496826172,-0.0028556789231739543,-0.0028597641534877914
2023-02-09,TSM,91.80487823486328,0.025561983604200256,0.025240739028649456
2023-02-10,TSM,90.55158233642578,-0.013651735316626779,-0.013745777125308617
2023-02-13,TSM,91.25419616699219,0.007759266182185476,0.007729317894408595
2023-02-14,TSM,93.01071166992188,0.01924859980921112,0.01906568897010713
2023-02-15,TSM,88.07344818115234,-0.05308274068787888,-0.05454356098367558
2023-02-16,TSM,86.2314453125,-0.020914394822644566,-0.02113619882664886
2023-02-17,TSM,85.5478286743164,-0.007927695467774942,-0.007959286720147346
2023-02-21,TSM,83.21212005615234,-0.02730295618672207,-0.027682608267032557
2023-02-22,TSM,82.44303894042969,-0.00924241703256301,-0.00928539317612154
2023-02-23,TSM,85.52883911132812,0.03742948113700817,0.03674600082422611
2023-02-24,TSM,83.65837860107422,-0.021869354590668855,-0.0221120336057831
2023-02-27,TSM,82.88928985595703,-0.009193206442412616,-0.009235724751776114
2023-02-28,TSM,82.6709213256836,-0.0026344601413875735,-0.002637936438291875
2023-03-01,TSM,83.95271301269531,0.015504746608085762,0.01538577618600552
2023-03-02,TSM,84.53189086914062,0.006898858126928253,0.006875169890649541
2023-03-03,TSM,85.25348663330078,0.00853637315740663,0.008500144353125441
2023-03-06,TSM,85.05410766601562,-0.0023386605657871318,-0.0023413995035385274
2023-03-07,TSM,84.36099243164062,-0.00814910947154579,-0.008182494962524238
2023-03-08,TSM,86.2409439086914,0.022284605987466843,0.022039932453102193
2023-03-09,TSM,84.38945007324219,-0.02146884938329885,-0.021702657582009573
2023-03-10,TSM,82.84182739257812,-0.01833905398507596,-0.018509299070581266
2023-03-13,TSM,83.30707550048828,0.005616101461709544,0.005600389961367065
2023-03-14,TSM,84.77877807617188,0.017665997357871,0.01751176739480231
2023-03-15,TSM,82.31961822509766,-0.0290067857414118,-0.029435799120392642
2023-03-16,TSM,85.2296371459961,0.03535024801671427,0.03473977335253686
2023-03-17,TSM,85.39189910888672,0.0019038208811410495,0.001902010911042469
2023-03-20,TSM,85.9358901977539,0.0063705233698283514,0.006350317355679296
2023-03-21,TSM,88.28377532958984,0.02732135696078819,0.02695479043388213
2023-03-22,TSM,88.39830780029297,0.0012973218496326044,0.0012964810547509893
2023-03-23,TSM,90.27851104736328,0.021269674656193782,0.02104663227572547
2023-03-24,TSM,88.5605697631836,-0.019029348892101172,-0.019212737185509997
2023-03-27,TSM,86.52767181396484,-0.022954887876792673,-0.023222453877191664
2023-03-28,TSM,86.67081451416016,0.001654299684649585,0.0016529328381677739
2023-03-29,TSM,88.53192901611328,0.021473370388702895,0.021246065810626852
2023-03-30,TSM,88.25514221191406,-0.00312640656625518,-0.003131303985476872
2023-03-31,TSM,88.78006744384766,0.005947814696997122,0.00593019627339098
2023-04-03,TSM,88.6082763671875,-0.0019350185419583221,-0.0019368931089421082
2023-04-04,TSM,87.96881103515625,-0.007216767532880808,-0.007242934369012929
2023-04-05,TSM,86.088623046875,-0.021373347737186577,-0.0216050654041611
2023-04-06,TSM,86.12679290771484,0.0004433786891802072,0.0004432804258933562
2023-04-10,TSM,84.96238708496094,-0.013519670052054233,-0.013611892949938078
2023-04-11,TSM,85.1723861694336,0.002471671190954927,0.0024686216356817883
2023-04-12,TSM,82.91039276123047,-0.02655782595668199,-0.02691685599236095
2023-04-13,TSM,83.08219909667969,0.0020721929993021693,0.002070048968774786
2023-04-14,TSM,83.2253646850586,0.0017231800546384513,0.0017216970832614861
2023-04-17,TSM,83.97933959960938,0.00905943659609032,0.009018646074702805
2023-04-18,TSM,84.12252044677734,0.0017049532402924061,0.001703501457430305
2023-04-19,TSM,83.25399017333984,-0.0103245869099583,-0.010378255178781394
2023-04-20,TSM,85.22010040283203,0.023615807787694454,0.023341268509469052
2023-04-21,TSM,81.47876739501953,-0.04390200187663906,-0.04489486268713327
2023-04-24,TSM,80.78204345703125,-0.0085509877022375,-0.00858775715773669
2023-04-25,TSM,78.53915405273438,-0.027764702504584293,-0.028157428204703742
2023-04-26,TSM,78.5009765625,-0.00048609500184759735,-0.00048621318432316685
2023-04-27,TSM,79.85625457763672,0.017264473315917073,0.017117135683349393
2023-04-28,TSM,80.45753479003906,0.0075295318517321075,0.007501326420757148
2023-05-01,TSM,80.15213012695312,-0.0037958491256651072,-0.003803071643810117
2023-05-02,TSM,79.17862701416016,-0.012145692338444869,-0.012220053988858458
2023-05-03,TSM,78.93045806884766,-0.003134292102187075,-0.0031392142834046604
2023-05-04,TSM,79.68446350097656,0.009552781658396237,0.00950744235530304
2023-05-05,TSM,81.09700775146484,0.01772672097454686,0.017571435110174338
2023-05-08,TSM,81.64102172851562,0.006708188034729945,0.006685788260175377
2023-05-09,TSM,81.18289947509766,-0.0056114223428190835,-0.005627225519768757
2023-05-10,TSM,81.03021240234375,-0.001880778756870316,-0.0018825496420135964
2023-05-11,TSM,79.627197265625,-0.017314716265980912,-0.017466369065239087
2023-05-12,TSM,79.627197265625,0.0,0.0
2023-05-15,TSM,81.75554656982422,0.026728924001925503,0.02637794674044282
2023-05-16,TSM,81.96552276611328,0.0025683419058268875,0.0025650493521517043
2023-05-17,TSM,86.73762512207031,0.058220849387786044,0.05658905398495933
2023-05-18,TSM,88.42694854736328,0.01947624716396712,0.019289012245967633
2023-05-19,TSM,88.36014556884766,-0.0007554595020300425,-0.0007557450053595043
2023-05-22,TSM,87.5393295288086,-0.00928943739006749,-0.009332853295647816
2023-05-23,TSM,86.31767272949219,-0.013955519260795413,-0.014053813085464842
2023-05-24,TSM,86.02179718017578,-0.00342775169858478,-0.0034336398988144734
2023-05-25,TSM,96.34862518310547,0.12004896830160128,0.11337240604909589
2023-05-26,TSM,98.505615234375,0.02238734644288165,0.022140428237161006
2023-05-30,TSM,97.33167266845703,-0.011917519251311681,-0.011989102179584266
2023-05-31,TSM,94.09619903564453,-0.0332417346184275,-0.033806798873587986
2023-06-01,TSM,94.33479309082031,0.0025356396711135876,0.002532430360800961
2023-06-02,TSM,94.43025207519531,0.001011917037684107,0.0010114053947695605
2023-06-05,TSM,93.58081817626953,-0.008995357740328558,-0.009036060243674461
2023-06-06,TSM,95.2701187133789,0.01805178208559144,0.01789078332346819
2023-06-07,TSM,95.71869659423828,0.004708484537622182,0.004697434297316048
2023-06-08,TSM,95.38465118408203,-0.0034898658469233457,-0.0034959696338073454
2023-06-09,TSM,98.11430358886719,0.028617312857990296,0.02821548569475834
2023-06-12,TSM,102.18011474609375,0.04143953540417211,0.04060392473277252
2023-06-13,TSM,101.93197631835938,-0.002428441466825193,-0.002431394913287555
2023-06-14,TSM,102.51416778564453,0.0057115685216071466,0.00569531935690418
2023-06-15,TSM,100.8062744140625,-0.016660071563505352,-0.016800411454301455
2023-06-16,TSM,100.22164154052734,-0.005799568300022373,-0.00581645110321449
2023-06-20,TSM,99.65617370605469,-0.005642172945690471,-0.005658150129161878
2023-06-21,TSM,97.4134750366211,-0.022504362610274886,-0.022761450160989762
2023-06-22,TSM,98.84150695800781,0.014659490597680458,0.01455307896500698
2023-06-23,TSM,97.67225646972656,-0.011829549389387628,-0.011900075253337887
2023-06-26,TSM,95.94710540771484,-0.01766265185596927,-0.01782049790628145
2023-06-27,TSM,97.8351821899414,0.019678308941196487,0.019487194161395036
2023-06-28,TSM,96.7234115600586,-0.011363709914950393,-0.011428770220356953
2023-06-29,TSM,96.45506286621094,-0.0027743923577492335,-0.002778248117471404
2023-06-30,TSM,96.7234115600586,0.002782111025316336,0.002778248117471459
2023-07-03,TSM,98.8606948852539,0.022096856290766853,0.021856258612684375
2023-07-05,TSM,96.7905044555664,-0.020940480259524108,-0.021162841833389415
2023-07-06,TSM,95.27621459960938,-0.015645024937877006,-0.015768699969090392
2023-07-07,TSM,96.06212615966797,0.008248769783322452,0.008214934620159643
2023-07-10,TSM,95.6212387084961,-0.004589607463393652,-0.004600172048988491
2023-07-11,TSM,97.04928588867188,0.014934414147564246,0.014823993802623022
2023-07-12,TSM,99.57951354980469,0.026071574231213868,0.025737504774702887
2023-07-13,TSM,101.1800537109375,0.016072986341033824,0.015945183525976476
2023-07-14,TSM,100.76792907714844,-0.004073180618844763,-0.004081498613835773
2023-07-17,TSM,100.43250274658203,-0.0033287012409434213,-0.0033342536919769147
2023-07-18,TSM,98.8606948852539,-0.015650390245618095,-0.01577415056618097
2023-07-19,TSM,98.77442169189453,-0.000872674357180192,-0.0008730553591235767
2023-07-20,TSM,93.79066467285156,-0.05045594733613046,-0.051773354162155304
2023-07-21,TSM,93.2060317993164,-0.006233380215124762,-0.006252888841621001
2023-07-24,TSM,94.1644515991211,0.010282808754998651,0.01023030032637289
2023-07-25,TSM,96.14836120605469,0.021068562214746844,0.020849688950211373
2023-07-26,TSM,95.27621459960938,-0.009070842139225044,-0.009112232716164103
2023-07-27,TSM,95.21868896484375,-0.0006037775011042967,-0.0006039598481414364
2023-07-28,TSM,96.66590881347656,0.015198905428819298,0.015084559234657504
2023-07-31,TSM,95.02702331542969,-0.016954120828773456,-0.017099487318582275
2023-08-01,TSM,94.3082046508789,-0.007564360531053915,-0.007593115406115541
2023-08-02,TSM,91.7204818725586,-0.02743899947941797,-0.027822479985660283
2023-08-03,TSM,91.03042602539062,-0.007523465131013651,-0.007551909149662717
2023-08-04,TSM,92.16136169433594,0.012423710602319504,0.012347169606522978
2023-08-07,TSM,92.34346008300781,0.0019758647802516904,0.001973915326918518
2023-08-08,TSM,90.560791015625,-0.019304767936791256,-0.0194935383646125
2023-08-09,TSM,90.07201385498047,-0.00539722715717228,-0.00541184480791098
2023-08-10,TSM,90.85791778564453,0.008725284325599825,0.008687439013730992
2023-08-11,TSM,88.16474151611328,-0.02964162436437401,-0.03008981629986248
2023-08-14,TSM,89.19983673095703,0.01174046673357032,0.011672082177995246
2023-08-15,TSM,87.86764526367188,-0.014934909256653528,-0.015047558020424978
2023-08-16,TSM,87.9634780883789,0.0010906497427973783,0.00109005541646197
2023-08-17,TSM,87.82930755615234,-0.0015252981708131497,-0.001526462622309214
2023-08-18,TSM,87.31175994873047,-0.0058926527126607064,-0.005910082897738524
2023-08-21,TSM,88.7110595703125,0.016026473666361785,0.015899405575048823
2023-08-22,TSM,88.40435028076172,-0.0034573963047717093,-0.003463386911295383
2023-08-23,TSM,90.30201721191406,0.021465764129543263,0.02123861942220426
2023-08-24,TSM,88.68230438232422,-0.017936618467656373,-0.018099429398542217
2023-08-25,TSM,89.22859954833984,0.00616013724294362,0.00614124115945672
2023-08-28,TSM,90.09117126464844,0.009666987049833597,0.00962056069272126
2023-08-29,TSM,91.12626647949219,0.011489418999816259,0.011423916868840096
2023-08-30,TSM,90.83873748779297,-0.0031552811588514418,-0.0031602695544045447
2023-08-31,TSM,89.6790542602539,-0.012766395258354435,-0.01284858595084946
2023-09-01,TSM,89.31484985351562,-0.004061198121930842,-0.004069467182813344
2023-09-05,TSM,90.66622924804688,0.015130511854944961,0.015017187335971521
2023-09-06,TSM,88.42353820800781,-0.024735682278166138,-0.025046749624609725
2023-09-07,TSM,86.305419921875,-0.023954235818410052,-0.02424580413800666
2023-09-08,TSM,85.91249084472656,-0.004552774061051146,-0.004563169500935945
2023-09-11,TSM,85.87413787841797,-0.0004464189773977223,-0.0004465186520149437
2023-09-12,TSM,86.71753692626953,0.009821339330889911,0.009773423454382778
2023-09-13,TSM,87.4267578125,0.008178517418379494,0.008145254582186267
2023-09-14,TSM,88.12139129638672,0.007945319044959431,0.00791392119854937
2023-09-15,TSM,85.98265838623047,-0.02427030348355319,-0.024569681217384388
2023-09-18,TSM,85.5780258178711,-0.004705978809608102,-0.004717086790870372
2023-09-19,TSM,84.94217681884766,-0.007430049863228483,-0.007457790177074671
2023-09-20,TSM,84.09439086914062,-0.009980741975980534,-0.010030883493185216
2023-09-21,TSM,82.23504638671875,-0.0221102081031207,-0.022358302519006546
2023-09-22,TSM,82.50481414794922,0.0032804476082113343,0.0032750786784139447
2023-09-25,TSM,83.08284759521484,0.007006057200845017,0.006981628813513396
2023-09-26,TSM,81.20423889160156,-0.022611270051382748,-0.022870824856496687
2023-09-27,TSM,82.31212615966797,0.013643219654398964,0.013550988869491777
2023-09-28,TSM,83.24662017822266,0.011353054065715185,0.011289091803494314
2023-09-29,TSM,83.71868896484375,0.005670726158136352,0.005654708117972189
2023-10-02,TSM,84.44122314453125,0.00863050041300717,0.008593470549289127
2023-10-03,TSM,82.28323364257812,-0.025556113727290164,-0.025888343762509723
2023-10-04,TSM,83.49710083007812,0.014752302914744497,0.014644546174792048
2023-10-05,TSM,83.84392547607422,0.004153732794889509,0.004145129861453738
2023-10-06,TSM,86.02118682861328,0.0259680273815468,0.02563658386686702
2023-10-09,TSM,85.73216247558594,-0.0033599205461229964,-0.0033655777545627784
2023-10-10,TSM,87.29285430908203,0.018204274666937748,0.018040560735916585
2023-10-11,TSM,88.63198852539062,0.01534070831922918,0.015224229389014805
2023-10-12,TSM,89.0365982055664,0.004565052492981891,0.004554664244119712
2023-10-13,TSM,87.14836120605469,-0.021207425233746968,-0.021435533500575133
2023-10-16,TSM,87.88054656982422,0.008401596468788908,0.008366499500534063
2023-10-17,TSM,87.6685791015625,-0.002411995333839956,-0.002414908880502049
2023-10-18,TSM,86.31983947753906,-0.015384527020347205,-0.015504096791009411
2023-10-19,TSM,89.5086669921875,0.03694200005409165,0.03627599716643338
2023-10-20,TSM,87.96722412109375,-0.01722115771457411,-0.017371166562950787
2023-10-23,TSM,87.77456665039062,-0.0021901051514131575,-0.002192506939119466
2023-10-24,TSM,88.28515625,0.005817056342107385,0.0058002025977321224
2023-10-25,TSM,84.43159484863281,-0.043649029633644476,-0.04463030949001472
2023-10-26,TSM,84.24854278564453,-0.0021680517028779267,-0.0021704053294424853
2023-10-27,TSM,82.84199523925781,-0.016695215132271568,-0.016836151075731002
2023-10-30,TSM,82.909423828125,0.0008139421156194704,0.0008136110443720552
2023-10-31,TSM,83.15028381347656,0.0029050978071065714,0.002900886165321377
2023-11-01,TSM,84.58573150634766,0.017263292763872062,0.017115975166334393
2023-11-02,TSM,87.1676254272461,0.03052398879714935,0.0300673998713641
2023-11-03,TSM,88.4296646118164,0.014478301759219825,0.014374491941863778
2023-11-06,TSM,89.21000671386719,0.008824438105428545,0.008785730301233016
2023-11-07,TSM,89.02696990966797,-0.0020517519383929095,-0.0020538596649160557
2023-11-08,TSM,88.63198852539062,-0.004436648632185403,-0.004446519765047044
2023-11-09,TSM,88.26588439941406,-0.004130609411653663,-0.0041391639437900795
2023-11-10,TSM,93.87283325195312,0.0635233974110192,0.06158735580262773
2023-11-13,TSM,92.89016723632812,-0.010468055363659245,-0.010523230846330486
2023-11-14,TSM,95.28901672363281,0.02582457927114734,0.02549675676137101
2023-11-15,TSM,95.18302917480469,-0.0011122745566314318,-0.0011128935930443031
2023-11-16,TSM,94.93256378173828,-0.002631408090684184,-0.0026348763305263485
2023-11-17,TSM,95.93447875976562,0.010553965237164231,0.010498660925588672
2023-11-20,TSM,96.30056762695312,0.0038160301897740556,0.0038087676168376146
2023-11-21,TSM,94.80731964111328,-0.015506118215464215,-0.01562759546311451
2023-11-22,TSM,95.03852081298828,0.0024386426359293,0.002435673972336617
2023-11-24,TSM,94.24855041503906,-0.008312107461180718,-0.008346845658757936
2023-11-27,TSM,93.65126037597656,-0.0063373923146003985,-0.006357558832514706
2023-11-28,TSM,94.39305877685547,0.00792085870388548,0.007889653376265187
2023-11-29,TSM,95.2601089477539,0.009185528916359598,0.009143598518621147
2023-11-30,TSM,93.7475814819336,-0.015877868317890176,-0.016005272068711336
2023-12-01,TSM,94.94219207763672,0.012742841754625367,0.012662334948925099
2023-12-04,TSM,93.45856475830078,-0.01562663855625679,-0.01575002153461082
2023-12-05,TSM,93.15027618408203,-0.003298665831387826,-0.0033041184236766215
2023-12-06,TSM,94.26780700683594,0.011997074711249,0.011925680259563396
2023-12-07,TSM,95.65508270263672,0.014716325115107232,0.014609090785983244
2023-12-08,TSM,96.67628479003906,0.01067587898676492,0.01061929416291883
2023-12-11,TSM,97.25433349609375,0.005979219281234238,0.005961414686096106
2023-12-12,TSM,97.8805160522461,0.006438608272170132,0.006417968978774036
2023-12-13,TSM,98.38150024414062,0.005118323973967609,0.005105269878263097
2023-12-14,TSM,100.13247680664062,0.01779782335250868,0.017641296589554576
2023-12-15,TSM,99.25167846679688,-0.008796330300953281,-0.008835246394954956
2023-12-18,TSM,99.62916564941406,0.0038033329858846443,0.003796118601668229
2023-12-19,TSM,100.53900146484375,0.009132223576290066,0.009090776964615499
2023-12-20,TSM,96.83181762695312,-0.03687309187357446,-0.03757009172718801
2023-12-21,TSM,99.26134490966797,0.025090175339625098,0.02478058466181301
2023-12-22,TSM,99.84209442138672,0.005850711696957722,0.005833662749938353
2023-12-26,TSM,101.10041809082031,0.012603137751926452,0.012524379257073852
2023-12-27,TSM,101.29399108886719,0.0019146607076638844,0.0019128300811644512
2023-12-28,TSM,101.34239959716797,0.00047790108554712774,0.0004777869271928304
2023-12-29,TSM,100.66483306884766,-0.006685913605890659,-0.006708364451828661
2024-01-02,TSM,98.27405548095703,-0.023749878830628957,-0.024036453711095595
2024-01-03,TSM,96.95765686035156,-0.013395179573723381,-0.01348570429713469
2024-01-04,TSM,95.95101165771484,-0.01038231775842724,-0.010436589993995446
2024-01-05,TSM,96.4156265258789,0.004842209166292966,0.0048305233796538454
2024-01-08,TSM,98.96128845214844,0.026403001442782292,0.026060458557787113
2024-01-09,TSM,98.62250518798828,-0.003423391807635734,-0.003429265021408957
2024-01-10,TSM,97.56746673583984,-0.010697745409502524,-0.010755377680021315
2024-01-11,TSM,97.97400665283203,0.004166756917988623,0.004158100025494796
2024-01-12,TSM,97.99334716796875,0.0001974045545085623,0.00019738507279330267
2024-01-16,TSM,98.40956115722656,0.004247369860163941,0.00423837524477731
2024-01-17,TSM,99.64852142333984,0.012589836308017022,0.012511243280324973
2024-01-18,TSM,109.40525817871094,0.09791150551969818,0.0934097437734528
2024-01-19,TSM,110.5377426147461,0.010351279772908839,0.010298072139513267
2024-01-22,TSM,109.40525817871094,-0.010245228545892826,-0.010298072139513182
2024-01-23,TSM,110.4699935913086,0.009732031442752476,0.009684980247594498
2024-01-24,TSM,112.78333282470703,0.02094088320450882,0.02072463662913536
2024-01-25,TSM,112.82205200195312,0.00034330584383668317,0.0003432469278692219
2024-01-26,TSM,113.4996109008789,0.006005553762787885,0.005987592301262953
2024-01-29,TSM,113.22859954833984,-0.00238777340634011,-0.0023906286833353303
2024-01-30,TSM,112.33810424804688,-0.007864579301034236,-0.007895668212912032
2024-01-31,TSM,109.33750915527344,-0.026710394597259768,-0.027073599353209105
2024-02-01,TSM,109.75372314453125,0.003806689876817426,0.0037994627680098558
2024-02-02,TSM,112.03803253173828,0.020813046899547105,0.020599414580342982
2024-02-05,TSM,114.98055267333984,0.02626358277728591,0.02592461704627954
2024-02-06,TSM,115.55162811279297,0.004966713293469205,0.004954419861497628
2024-02-07,TSM,120.9720230102539,0.04690885784984311,0.04584187733502441
2024-02-08,TSM,129.44142150878906,0.07001121654233455,0.06766913116871655
2024-02-09,TSM,128.84129333496094,-0.004636291589144692,-0.004647072524273335
2024-02-12,TSM,126.27632904052734,-0.01990793656320422,-0.02010876944737466
2024-02-13,TSM,123.45963287353516,-0.022305812881907472,-0.02255834995398055
2024-02-14,TSM,125.12447357177734,0.013484899148757057,0.013394787093693523
2024-02-15,TSM,124.89215850830078,-0.0018566716553919393,-0.0018583974066430265
2024-02-16,TSM,122.62720489501953,-0.01813527478693322,-0.01830173448218766
2024-02-20,TSM,121.31080627441406,-0.010734963923645036,-0.010792999361449555
2024-02-21,TSM,121.32048797607422,7.980906200777405e-05,7.98058774340222e-05
2024-02-22,TSM,124.93090057373047,0.029759298350071406,0.029325084009305245
2024-02-23,TSM,125.37613677978516,0.0035638597337408484,0.0035575242337335827
2024-02-26,TSM,126.4505386352539,0.00856942862544785,0.008532919498598687
2024-02-27,TSM,124.46626281738281,-0.01569211044323604,-0.015816534980573813
2024-02-28,TSM,123.29507446289062,-0.009409685226996478,-0.009454236007833825
2024-02-29,TSM,124.543701171875,0.010127141853993438,0.010076205954321
2024-03-01,TSM,129.60598754882812,0.040646667228613875,0.03984231533074022
2024-03-04,TSM,133.82614135742188,0.0325614108453427,0.032042521900628125
2024-03-05,TSM,130.64166259765625,-0.023795640578626154,-0.024083329833904595
2024-03-06,TSM,137.030029296875,0.04889991884819578,0.047741918616932874
2024-03-07,TSM,144.41531372070312,0.05389537214377982,0.05249317777606591
2024-03-08,TSM,141.6760711669922,-0.018967812229446768,-0.019150008772018244
2024-03-11,TSM,134.56179809570312,-0.050215064637863516,-0.05151970384556766
2024-03-12,TSM,139.76925659179688,0.03869938251263627,0.03796933677050104
2024-03-13,TSM,137.5817413330078,-0.015650904298488255,-0.015774672792226767
2024-03-14,TSM,135.14256286621094,-0.017728940215206324,-0.01788798042238459
2024-03-15,TSM,132.58721923828125,-0.018908503536812726,-0.0190895552000761
2024-03-18,TSM,132.79518127441406,0.001568492327749027,0.0015672635283983521
2024-03-19,TSM,131.0749969482422,-0.012953665258509717,-0.013038295623699563
2024-03-20,TSM,132.902099609375,0.013939368328608648,0.01384310883350296
2024-03-21,TSM,135.526123046875,0.01974403297775207,0.019551647742418857
2024-03-22,TSM,136.58544921875,0.007816398403934333,0.007786008618322341
2024-03-25,TSM,136.2841796875,-0.0022057220075287765,-0.0022081581953439953
2024-03-26,TSM,134.93328857421875,-0.009912310558561122,-0.009961764582679652
2024-03-27,TSM,132.8437957763672,-0.01548537666227745,-0.015606527445243002
2024-03-28,TSM,132.22178649902344,-0.00468226064836974,-0.0046932567686534575
2024-04-01,TSM,137.5087127685547,0.03998528842726157,0.039206567310211604
2024-04-02,TSM,136.2744598388672,-0.00897581618529808,-0.009016341504194959
2024-04-03,TSM,138.00437927246094,0.012694377476448748,0.012614479327703458
2024-04-04,TSM,135.730224609375,-0.016478858678796615,-0.01661614537876842
2024-04-05,TSM,137.3823699951172,0.012172273275882217,0.012098786887469739
2024-04-08,TSM,138.7721710205078,0.010116298222545117,0.010065470979284513
2024-04-09,TSM,141.3087158203125,0.018278483222906594,0.018113439875908507
2024-04-10,TSM,142.1056365966797,0.005639572702511586,0.005623729849084584
2024-04-11,TSM,143.0580596923828,0.006702218986613939,0.00667985896916227
2024-04-12,TSM,138.50973510742188,-0.03179355706865583,-0.03230994695278055
2024-04-15,TSM,136.19668579101562,-0.016699543282010842,-0.016840552721417445
2024-04-16,TSM,135.8662872314453,-0.002425892800925311,-0.0024288400462984844
2024-04-17,TSM,135.1179656982422,-0.005507779364930854,-0.005523003106770412
2024-04-18,TSM,128.54815673828125,-0.048622764012250075,-0.0498446221277336
2024-04-19,TSM,124.10674285888672,-0.03455058393748167,-0.03516156992828638
2024-04-22,TSM,126.09906005859375,0.016053255075530792,0.01592576419552199
2024-04-23,TSM,129.67552185058594,0.02836231919833776,0.02796755551889771
2024-04-24,TSM,129.22845458984375,-0.0034475840494962995,-0.0034535406619407155
2024-04-25,TSM,132.7368927001953,0.027149114500261806,0.026787114662122368
2024-04-26,TSM,134.4084930419922,0.012593336394972177,0.012514699843664365
2024-04-29,TSM,134.60284423828125,0.001445974074185452,0.0014449296603495068
2024-04-30,TSM,133.47549438476562,-0.008375379137753769,-0.008410649699893153
2024-05-01,TSM,131.14305114746094,-0.0174746926247078,-0.017629177427664972
2024-05-02,TSM,132.396728515625,0.009559617205751936,0.00951421319912488
2024-05-03,TSM,137.57675170898438,0.03912500898953897,0.0383790215201811
2024-05-06,TSM,138.81101989746094,0.00897148808315662,0.008931483373761184
2024-05-07,TSM,137.13941955566406,-0.012042274043023937,-0.012115369642619334
2024-05-08,TSM,139.55938720703125,0.017646039768929755,0.01749215606388319
2024-05-09,TSM,138.7721710205078,-0.005640725445115624,-0.005656694416256633
2024-05-10,TSM,145.06008911132812,0.045311088272093736,0.04431453324167067
2024-05-13,TSM,142.290283203125,-0.01909419693019354,-0.0192788453626869
2024-05-14,TSM,147.67440795898438,0.0378390191842779,0.03714068522532666
2024-05-15,TSM,151.2022705078125,0.023889464651234427,0.02360857611434127
2024-05-16,TSM,147.94651794433594,-0.0215324317058343,-0.021767637003757185
2024-05-17,TSM,147.41197204589844,-0.003613102260633272,-0.0036196452797587907
2024-05-20,TSM,149.2293701171875,0.012328700620891198,0.01225332111327373
2024-05-21,TSM,149.3459930419922,0.0007815011529774818,0.0007811959399572957
2024-05-22,TSM,151.7562255859375,0.01613858192544626,0.016009739387639218
2024-05-23,TSM,152.6697540283203,0.006019709826438069,0.006001663758422655
2024-05-24,TSM,155.49789428710938,0.018524561572716314,0.018355071831080396
2024-05-28,TSM,154.9245147705078,-0.003687378013896958,-0.003694193150687487
2024-05-29,TSM,149.99713134765625,-0.03180505958111646,-0.0323218272504912
2024-05-30,TSM,148.656005859375,-0.008941007579490678,-0.0089812182498045
2024-05-31,TSM,146.7899932861328,-0.01255255421706536,-0.012632003083385194
2024-06-03,TSM,150.58998107910156,0.02588724004886056,0.025557838222366316
2024-06-04,TSM,148.17974853515625,-0.016005264936445385,-0.01613473248936592
2024-06-05,TSM,158.33570861816406,0.06853811120214082,0.066291463088701
2024-06-06,TSM,157.5096893310547,-0.005216885655915826,-0.00523054111724746
2024-06-07,TSM,159.7643585205078,0.01431447931253449,0.014212994475419863
2024-06-10,TSM,163.4282684326172,0.022933212050790797,0.022674198475378732
2024-06-11,TSM,161.04721069335938,-0.0145694362553902,-0.014676612766501984
2024-06-12,TSM,168.11265563964844,0.043871886485149725,0.04293676783577226
2024-06-13,TSM,168.5747833251953,0.002748916693918968,0.002745145332282292
2024-06-14,TSM,168.18478393554688,-0.0023135096599595784,-0.002316189958161438
2024-06-17,TSM,172.7962188720703,0.027418859355853975,0.027049695273301443
2024-06-18,TSM,175.18479919433594,0.013823105261545177,0.013728437545612886
2024-06-20,TSM,170.98284912109375,-0.02398581436612479,-0.024278158213731107
2024-06-21,TSM,169.59844970703125,-0.008096715086798212,-0.008129671497390916
2024-06-24,TSM,163.60263061523438,-0.035353030066926916,-0.03599307884307673
2024-06-25,TSM,168.2725372314453,0.028544202490201842,0.028144406815172298
2024-06-26,TSM,167.755859375,-0.003070482355267856,-0.0030752059578519285
2024-06-27,TSM,167.3268585205078,-0.0025572928188052346,-0.002560568277482089
2024-06-28,TSM,169.45220947265625,0.01270179199526389,0.012621800876866955
2024-07-01,TSM,168.00930786132812,-0.008515094703211656,-0.008551555246305062
2024-07-02,TSM,171.2947998046875,0.01955541621581558,0.01936666582370268
2024-07-03,TSM,177.91458129882812,0.03864554850286517,0.03791750714030396
2024-07-05,TSM,179.37698364257812,0.008219687970901779,0.0081860903183201
2024-07-08,TSM,181.95079040527344,0.014348589827019254,0.014246623040958296
2024-07-09,TSM,179.8936767578125,-0.011305879149406062,-0.011370276439812248
2024-07-10,TSM,186.25994873046875,0.03538908141405672,0.0347772801471344
2024-07-11,TSM,179.87417602539062,-0.03428419662199511,-0.03488568745640412
2024-07-12,TSM,182.65272521972656,0.015447182334521026,0.015329089198234105
2024-07-15,TSM,180.57611083984375,-0.011369194614450406,-0.01143431797818147
2024-07-16,TSM,181.3755645751953,0.004427239747458067,0.004417468351161554
2024-07-17,TSM,166.9076385498047,-0.07976777940995716,-0.0831292271051964
2024-07-18,TSM,167.5608673095703,0.003913713988414669,0.003906075333676443
2024-07-19,TSM,161.61378479003906,-0.03549207291069911,-0.03613722781134006
2024-07-22,TSM,165.10400390625,0.02159604838625162,0.02136615766513635
2024-07-23,TSM,165.56224060058594,0.0027754426512645036,0.0027715982219951286
2024-07-24,TSM,155.79347229003906,-0.05900360054992093,-0.06081596570580029
2024-07-25,TSM,156.2614288330078,0.00300369801179845,0.002999195923947305
2024-07-26,TSM,157.87982177734375,0.010356957288963908,0.010303691472330298
2024-07-29,TSM,155.99819946289062,-0.011918067130242682,-0.011989656666778979
2024-07-30,TSM,150.6653289794922,-0.03418546176660864,-0.034783452608371554
2024-07-31,TSM,161.64303588867188,0.07286153346317592,0.0703294091547304
2024-08-01,TSM,154.21408081054688,-0.045959017270880365,-0.0470486496209997
2024-08-02,TSM,146.10269165039062,-0.05259823952211695,-0.054032030273942926
2024-08-05,TSM,144.24057006835938,-0.012745292786851103,-0.012827210821529761
2024-08-06,TSM,151.4940185546875,0.05028715903501024,0.04906361157453017
2024-08-07,TSM,151.15280151367188,-0.002252346622467094,-0.002254886970333747
2024-08-08,TSM,160.4243621826172,0.061338993231340844,0.05953131211828187
2024-08-09,TSM,162.92991638183594,0.015618289922615158,0.01549757966871488
2024-08-12,TSM,163.42713928222656,0.0030517593787096065,0.003047112213343283
2024-08-13,TSM,168.01907348632812,0.02809774572491075,0.027710245902825364
2024-08-14,TSM,165.70848083496094,-0.013751966389430215,-0.013847400628279178
2024-08-15,TSM,169.59844970703125,0.023474772398309307,0.02320347745032063
2024-08-16,TSM,170.16387939453125,0.0033339319343823615,0.0033283867048379203
2024-08-19,TSM,171.05105590820312,0.005213659425423289,0.005200115358824909
2024-08-20,TSM,167.72657775878906,-0.019435589752794025,-0.019626944277194965
2024-08-21,TSM,167.14163208007812,-0.0034874954615252696,-0.0034935909499408807
2024-08-22,TSM,162.2669677734375,-0.029164872006904652,-0.029598621201420455
2024-08-23,TSM,166.98565673828125,0.029079787646196342,0.028664992860686606
2024-08-26,TSM,164.8310546875,-0.012902916890390137,-0.012986882572680202
2024-08-27,TSM,166.27392578125,0.008753636239757778,0.008715545294169229
2024-08-28,TSM,164.95779418945312,-0.007915441856640726,-0.007946935266121833
2024-08-29,TSM,164.90904235839844,-0.00029554124007435956,-0.00029558492099320585
2024-08-30,TSM,167.39511108398438,0.015075393623249278,0.014962889166942953
2024-09-03,TSM,156.46617126464844,-0.06528828559307653,-0.0675171240734571
2024-09-04,TSM,156.83663940429688,0.002367720361878156,0.0023649217287387077
2024-09-05,TSM,159.5956573486328,0.017591667067181183,0.01743872476042524
2024-09-06,TSM,152.88819885253906,-0.04202782586647369,-0.04293654722275213
2024-09-09,TSM,158.69873046875,0.038005102158441995,0.03730070010583806
2024-09-10,TSM,158.3575439453125,-0.002149900773810387,-0.00215221512816211
2024-09-11,TSM,165.96197509765625,0.048020643430602084,0.04690328363481257
2024-09-12,TSM,167.74876403808594,0.01076625497725181,0.010708711504161125
2024-09-13,TSM,168.7957763671875,0.006241550184321154,0.006222152383026634
2024-09-16,TSM,165.44920349121094,-0.019826164777349886,-0.02002534016774715
2024-09-17,TSM,163.75636291503906,-0.010231784381251496,-0.010284488902814914
2024-09-18,TSM,163.68788146972656,-0.00041819104976115185,-0.0004182785160241242
2024-09-19,TSM,172.43589782714844,0.053443274351618886,0.052064107868532286
2024-09-20,TSM,170.34182739257812,-0.01214405156326226,-0.012218393041685111
2024-09-23,TSM,171.0072479248047,0.003906383666373303,0.003898773561919142
2024-09-24,TSM,178.06240844726562,0.041256499990943274,0.040428156967732005
2024-09-25,TSM,178.43426513671875,0.0020883503300657136,0.002086172757677499
2024-09-26,TSM,182.8180694580078,0.0245681753890159,0.024271231518437384
2024-09-27,TSM,174.14830017089844,-0.04742293424721222,-0.04858426632742039
2024-09-30,TSM,169.94065856933594,-0.024161255650691826,-0.02445792717310759
2024-10-01,TSM,168.37503051757812,-0.009212792659144764,-0.009255492894719528
2024-10-02,TSM,172.02490234375,0.02167703735495885,0.02144543142380798
2024-10-03,TSM,175.6259002685547,0.02093300374389373,0.020716918757169325
2024-10-04,TSM,177.26980590820312,0.00936026882785912,0.009316732972277133
2024-10-07,TSM,180.54786682128906,0.018491930401184353,0.018323033630444005
2024-10-08,TSM,182.0548095703125,0.008346499881469294,0.008311860463132188
2024-10-09,TSM,183.1213836669922,0.005858532928610938,0.005841438457759102
2024-10-10,TSM,181.7906036376953,-0.00726720169238626,-0.007293736436318948
2024-10-11,TSM,186.71258544921875,0.027075006700196802,0.026714963041145543
2024-10-14,TSM,188.08253479003906,0.007337209420159363,0.007310423044154262
2024-10-15,TSM,183.11163330078125,-0.02642936248603278,-0.026784896438655833
2024-10-16,TSM,183.4541015625,0.001870270367564375,0.0018685235895661225
2024-10-17,TSM,201.41983032226562,0.097930373901425,0.09342692932939298
2024-10-18,TSM,196.46847534179688,-0.024582261699588992,-0.024889450203702212
2024-10-21,TSM,197.61338806152344,0.005827462740445988,0.005810548758040248
2024-10-22,TSM,194.21788024902344,-0.01718257981307858,-0.017331913434282382
2024-10-23,TSM,196.54676818847656,0.011991109863144667,0.011919786106475141
2024-10-24,TSM,193.6796875,-0.014587269558801408,-0.014694709896257865
2024-10-25,TSM,199.07138061523438,0.027838196069138066,0.02745775782488938
2024-10-28,TSM,190.49948120117188,-0.04305942615945524,-0.044013985757609064
2024-10-29,TSM,192.71096801757812,0.011608886294398157,0.01154202017050184
2024-10-30,TSM,190.30377197265625,-0.012491224914101928,-0.012569896083407073
2024-10-31,TSM,186.44839477539062,-0.02025906873679617,-0.020467098119561135
2024-11-01,TSM,188.80665588378906,0.01264833151950362,0.012569009534617537
2024-11-04,TSM,187.44647216796875,-0.007204108930659259,-0.007230183829815906
2024-11-05,TSM,191.55628967285156,0.021925285962170804,0.02168838339699823
2024-11-06,TSM,189.07083129882812,-0.01297508099717437,-0.013059992650719103
2024-11-07,TSM,196.86968994140625,0.04124834375034814,0.040420323861730174
2024-11-08,TSM,196.87945556640625,4.9604512522449795e-05,4.9603282259302736e-05
2024-11-11,TSM,189.88302612304688,-0.03553661514976869,-0.03618341018720205
2024-11-12,TSM,187.65196228027344,-0.01174967498847257,-0.011819247929577944
2024-11-13,TSM,182.65170288085938,-0.02664645409860289,-0.027007906266484877
2024-11-14,TSM,184.45220947265625,0.00985759543107756,0.009809326289796383
2024-11-15,TSM,182.01565551757812,-0.013209676165138684,-0.013297699974056712
2024-11-18,TSM,183.4541015625,0.007902869897820075,0.007871805777975072
2024-11-19,TSM,185.59706115722656,0.01168117570811833,0.011613477461879415
2024-11-20,TSM,184.31520080566406,-0.0069066845324484705,-0.006930646071661444
2024-11-21,TSM,187.13336181640625,0.015289900119055178,0.015174187594142345
2024-11-22,TSM,185.99827575683594,-0.006065653117929504,-0.00608412392133764
2024-11-25,TSM,181.1056365966797,-0.026304755462102314,-0.0266569149182594
2024-11-26,TSM,179.8922576904297,-0.006699840651300026,-0.006722385337301964
2024-11-27,TSM,177.29916381835938,-0.014414705253923077,-0.014519606417599784
2024-11-29,TSM,180.6946563720703,0.019151204554972212,0.018970128468085396
2024-12-02,TSM,190.2254638671875,0.05274537546640112,0.05140139523752417
2024-12-03,TSM,194.6190643310547,0.023096805099314777,0.022834111133063457
2024-12-04,TSM,196.38043212890625,0.009050335350782479,0.009009626500609843
2024-12-05,TSM,199.9129180908203,0.01798797325995949,0.01782810397206033
2024-12-06,TSM,198.66038513183594,-0.006265392806758752,-0.006285102750424903
2024-12-09,TSM,194.89308166503906,-0.018963536511301893,-0.01914565039430079
2024-12-10,TSM,187.81832885742188,-0.0363006872649102,-0.03697594927748976
2024-12-11,TSM,190.42120361328125,0.013858470425616831,0.013763319910279296
2024-12-12,TSM,187.9435577392578,-0.01301139698210918,-0.013096786709659218
2024-12-13,TSM,197.2985382080078,0.049775478240805526,0.04857631105763335
2024-12-16,TSM,198.50592041015625,0.006119569932522939,0.006100921406410938
2024-12-17,TSM,196.97459411621094,-0.007714260062275491,-0.0077441688819957786
2024-12-18,TSM,191.96824645996094,-0.025416210038216147,-0.025744781214865866
2024-12-19,TSM,191.06515502929688,-0.004704379225823785,-0.004715479645177864
2024-12-20,TSM,193.5879669189453,0.013203935009822088,0.013117522882237448
2024-12-23,TSM,203.55152893066406,0.05146787876485348,0.05018716768151475
2024-12-24,TSM,202.5404510498047,-0.004967183917364615,-0.0049795613798318435
2024-12-26,TSM,199.33050537109375,-0.01584841774605117,-0.01597534678785971
2024-12-27,TSM,197.92677307128906,-0.007042235192206814,-0.007067148764180336
2024-12-30,TSM,196.7095489501953,-0.006149870996256412,-0.006168859343511385
2024-12-31,TSM,193.86282348632812,-0.014471719746497635,-0.01457745645050869
2025-01-02,TSM,197.877685546875,0.020709809071928653,0.020498276523128012
2025-01-03,TSM,204.77857971191406,0.034874544575185684,0.03428020639961146
2025-01-06,TSM,215.9691925048828,0.054647379665939244,0.053206473774829566
2025-01-07,TSM,207.53697204589844,-0.03904362636718994,-0.03982626788642272
2025-01-08,TSM,203.31593322753906,-0.02033873182570023,-0.020548411786526315
2025-01-10,TSM,204.54296875,0.006035117381025579,0.0060169790017047635
2025-01-13,TSM,197.6617431640625,-0.033641956152244856,-0.034220867636677754
2025-01-14,TSM,197.7500762939453,0.0004468903717473882,0.00044679054598488206
2025-01-15,TSM,203.00184631347656,0.02655761311426641,0.026211081682926594
2025-01-16,TSM,210.84507751464844,0.03863625550016092,0.03790855986826181
2025-01-17,TSM,207.61550903320312,-0.015317258147612867,-0.015435779181970966
2025-01-21,TSM,214.68325805664062,0.034042490642195666,0.03347586870632998
2025-01-22,TSM,219.10060119628906,0.020576095125605987,0.02036726699992604
2025-01-23,TSM,220.49452209472656,0.006362013115558396,0.0063418609372374625
2025-01-24,TSM,217.80484008789062,-0.01219840738574185,-0.01227341859278785
2025-01-27,TSM,188.77793884277344,-0.1332702305118839,-0.14302803534343547
2025-01-28,TSM,198.6826171875,0.05246735082204612,0.05113726549662001
2025-01-29,TSM,198.61390686035156,-0.00034582958550211096,-0.0003458893983436462
2025-01-30,TSM,204.3270263671875,0.02876495204765761,0.028359007093225835
2025-01-31,TSM,205.47552490234375,0.005620884107089941,0.005605145885621365
2025-02-03,TSM,196.13040161132812,-0.04548046924545912,-0.04654717426083265
2025-02-04,TSM,200.30230712890625,0.021271080277730725,0.021048008621860594
2025-02-05,TSM,204.73931884765625,0.022151575697500592,0.021909793599812714
2025-02-06,TSM,206.6338653564453,0.009253457125149245,0.00921090618487715
2025-02-07,TSM,202.33428955078125,-0.020807701575185966,-0.021027232425743336
2025-02-10,TSM,204.1306915283203,0.008878386266249816,0.008839205134278291
2025-02-11,TSM,204.9062042236328,0.0037990989473766223,0.003791900596708003
2025-02-12,TSM,202.58953857421875,-0.011305980988675524,-0.011370379443635736
2025-02-13,TSM,198.12310791015625,-0.022046699427306415,-0.022293360013054892
2025-02-14,TSM,200.1550750732422,0.010256083626587253,0.010203846860405248
2025-02-18,TSM,199.01638793945312,-0.005689024539459631,-0.00570526867772922
2025-02-19,TSM,197.25926208496094,-0.008829051078078853,-0.008868258093976109
2025-02-20,TSM,196.4248809814453,-0.004229870347767228,-0.004238841556316829
2025-02-21,TSM,194.59906005859375,-0.009295262971415696,-0.00933873351808204
2025-02-24,TSM,188.1300506591797,-0.0332427576858092,-0.03380785711943875
2025-02-25,TSM,185.89195251464844,-0.01189654782257954,-0.01196787803424094
2025-02-26,TSM,191.04551696777344,0.02772344032869789,0.027346103921131484
2025-02-27,TSM,177.76400756835938,-0.06952013117195766,-0.07205483792371944
2025-02-28,TSM,177.2143096923828,-0.003092290073203774,-0.0030970810814931384
2025-03-03,TSM,169.7931671142578,-0.04187665539541918,-0.042778757102280775
2025-03-04,TSM,176.69403076171875,0.04064276416268964,0.039838564707818325
2025-03-05,TSM,180.8954315185547,0.023777830743483053,0.023499540913053407
2025-03-06,TSM,172.62025451660156,-0.04574563841931145,-0.04682501667749915
2025-03-07,TSM,173.84730529785156,0.007108382412516878,0.007083236954289686
2025-03-10,TSM,167.51576232910156,-0.036420138683784575,-0.037099907882590266
2025-03-11,TSM,167.8299102783203,0.0018753336692076683,0.001873577426373653
2025-03-12,TSM,173.916015625,0.03626353214743916,0.03562148614923339
2025-03-13,TSM,168.4384765625,-0.03149531135942496,-0.03200195501043403
2025-03-14,TSM,170.89259338378906,0.014569811312550307,0.014464691432751147
2025-03-17,TSM,173.00311279296875,0.012349975896497112,0.012274337065931751
2025-03-18,TSM,170.6123809814453,-0.013819010380376251,-0.013915381772525433
2025-03-19,TSM,171.2332000732422,0.003638769286411714,0.0036321649816307812
2025-03-20,TSM,174.88926696777344,0.02135139034350475,0.021126642894194806
2025-03-21,TSM,174.16001892089844,-0.004169770160963537,-0.004178487894965526
2025-03-24,TSM,178.52561950683594,0.02506660606140776,0.024757592002488418
2025-03-25,TSM,178.26939392089844,-0.0014352314622703144,-0.0014362623934801332
2025-03-26,TSM,170.9770050048828,-0.04090656705352014,-0.041766781371579395
2025-03-27,TSM,165.7935028076172,-0.03031695517837385,-0.030786018797557907
2025-03-28,TSM,162.8469696044922,-0.017772308041190787,-0.01793213196582845
2025-03-31,TSM,163.58604431152344,0.004538461531253812,0.00452819376955828
2025-04-01,TSM,166.18768310546875,0.015903794268604665,0.015778653992337414
2025-04-02,TSM,167.91221618652344,0.010377021021228394,0.010323549338314147
2025-04-03,TSM,155.09140014648438,-0.07635427803416761,-0.0794266986497419
2025-04-04,TSM,144.66526794433594,-0.0672257274890865,-0.06959204469367825
2025-04-07,TSM,144.04441833496094,-0.004291628655565649,-0.004300864126771203
2025-04-08,TSM,139.31422424316406,-0.03283844071484454,-0.03338972480021107
2025-04-09,TSM,156.4414825439453,0.12293976723357924,0.11595003872888986
2025-04-10,TSM,148.9323272705078,-0.047999770593634805,-0.04919000321772809
2025-04-11,TSM,154.7957763671875,0.03936988835224353,0.038614652951512264
2025-04-14,TSM,153.57379150390625,-0.007894174453330072,-0.007925498408563924
2025-04-15,TSM,155.04214477539062,0.00956122302578577,0.009515803812229195
2025-04-16,TSM,149.46444702148438,-0.03597536503372456,-0.036638429753844334
2025-04-17,TSM,149.533447265625,0.0004616498807286096,0.00046154335320677207
2025-04-21,TSM,145.70986938476562,-0.025570051053978138,-0.025902646716796804
2025-04-22,TSM,149.19839477539062,0.023941586148932048,0.023659480213767358
2025-04-23,TSM,155.51516723632812,0.04233807254057287,0.041466336526301564
2025-04-24,TSM,161.7925262451172,0.04036493108900241,0.039571546881818034
2025-04-25,TSM,162.69915771484375,0.0056036671827042195,0.005588025048094694
2025-04-28,TSM,161.02386474609375,-0.010296875486511259,-0.01035025505356795
2025-04-29,TSM,162.08816528320312,0.006609582615518361,0.0065878350997474735
2025-04-30,TSM,164.2660369873047,0.013436340033193384,0.013346872932418504
2025-05-01,TSM,170.20834350585938,0.03617489426018072,0.03553594644278611
2025-05-02,TSM,176.67294311523438,0.037980509510995075,0.03727700760304822
2025-05-05,TSM,173.8348388671875,-0.01606417031381957,-0.016194597789948077
2025-05-06,TSM,169.77474975585938,-0.023356015041553824,-0.023633089500840174
2025-05-07,TSM,172.00186157226562,0.01311803916429799,0.013032742825888746
2025-05-08,TSM,172.67201232910156,0.0038961831616826093,0.0038886126976396466
2025-05-09,TSM,173.9530792236328,0.0074190766485631165,0.007391690668446978
2025-05-12,TSM,184.26095581054688,0.059256649166079534,0.057567387744461136
2025-05-13,TSM,191.16903686523438,0.03749074796827956,0.036805055462018725
2025-05-14,TSM,191.9278564453125,0.003969364456300806,0.003961507314251221
2025-05-15,TSM,191.39569091796875,-0.0027727373045266512,-0.002776588461084234
2025-05-16,TSM,191.39569091796875,0.0,0.0
2025-05-19,TSM,190.68614196777344,-0.0037072357626871666,-0.003714124592134107
2025-05-20,TSM,190.6368865966797,-0.00025830598167997376,-0.0002583393484160683
2025-05-21,TSM,188.97146606445312,-0.008736087553454452,-0.008774470876545547
2025-05-22,TSM,193.3370361328125,0.02310174207396165,0.022838936641960142
2025-05-23,TSM,189.18826293945312,-0.021458760702783186,-0.02169234761027041
2025-05-27,TSM,194.8053741455078,0.029690590308196763,0.029258359354067436
2025-05-28,TSM,193.28778076171875,-0.0077903055315892145,-0.007820808483208772
2025-05-29,TSM,194.2830810546875,0.005149318229255906,0.005136105827307955
2025-05-30,TSM,190.50877380371094,-0.019426844738550164,-0.01961802596937432
2025-06-02,TSM,192.0066680908203,0.007862600011549592,0.00783185084583939
2025-06-03,TSM,194.73638916015625,0.014216803491661878,0.014116692464426891
2025-06-04,TSM,199.45672607421875,0.024239624316852115,0.023950507363612036
2025-06-05,TSM,200.38308715820312,0.004644421385116226,0.00463366933861832
2025-06-06,TSM,202.19631958007812,0.0090488296571829,0.009008134310705912
2025-06-09,TSM,203.98985290527344,0.008870257029999884,0.008831147404910478
2025-06-10,TSM,209.37046813964844,0.026376876877663102,0.026035005692239762
2025-06-11,TSM,210.98660278320312,0.007719019104818203,0.007689379902849543
2025-06-12,TSM,213.07351684570312,0.009891216005996295,0.009842618127604591
2025-06-13,TSM,208.7908935546875,-0.020099275378820947,-0.02030401385581367
2025-06-16,TSM,213.32078552246094,0.02169583112870277,0.021463826278740546
2025-06-17,TSM,211.56024169921875,-0.00825303459730986,-0.00828727943337695
2025-06-18,TSM,211.1646270751953,-0.001869985687508735,-0.0018717362934903272
2025-06-20,TSM,207.21827697753906,-0.018688499832175798,-0.01886533651926861
2025-06-23,TSM,208.01942443847656,0.003866200764830907,0.003858746218325202
2025-06-24,TSM,217.6825408935547,0.04645295256038007,0.04540630495149871
2025-06-25,TSM,220.30357360839844,0.01204061981307647,0.011968708214973508
2025-06-26,TSM,221.55966186523438,0.005701624518668513,0.005685431778386626
2025-06-27,TSM,226.06979370117188,0.02035628596815986,0.020151866273932156
2025-06-30,TSM,224.01254272460938,-0.009100070128262527,-0.009141728689576264
2025-07-01,TSM,222.2223358154297,-0.007991547649099706,-0.008023651218543183
2025-07-02,TSM,231.04476928710938,0.039700930328656625,0.03893310480628915
2025-07-03,TSM,232.2316436767578,0.00513698878927471,0.005123839475059218
2025-07-07,TSM,226.66322326660156,-0.02397787106871152,-0.024270019740738523
2025-07-08,TSM,225.36756896972656,-0.0057162087355964175,-0.005732608784012665
2025-07-09,TSM,229.30401611328125,0.017466786199763495,0.0173159952463182
2025-07-10,TSM,227.2467803955078,-0.008971651489772081,-0.009012139097388799
2025-07-11,TSM,227.8797607421875,0.002785431527690063,0.002781559401986468
2025-07-14,TSM,226.168701171875,-0.007508607015996982,-0.007536938514814205
2025-07-15,TSM,234.35812377929688,0.0362093541899875,0.03556920275597777
2025-07-16,TSM,234.96144104003906,0.002574339011650162,0.002571031076924076
2025-07-17,TSM,242.91351318359375,0.03384415803867835,0.03328404716306311
2025-07-18,TSM,237.7703857421875,-0.02117266912820559,-0.021400024967539757
2025-07-21,TSM,236.2373504638672,-0.006447545069731997,-0.006468420266001857
2025-07-22,TSM,232.03384399414062,-0.017793572699121074,-0.01795378161823739
2025-07-23,TSM,237.70115661621094,0.024424508616999185,0.024130999907681937
2025-07-24,TSM,238.95726013183594,0.005284381167959928,0.00527046781989464
2025-07-25,TSM,242.91351318359375,0.016556320781277334,0.01642075912420252
2025-07-28,TSM,240.09469604492188,-0.011604200613332782,-0.011672054789028592
2025-07-29,TSM,238.6902313232422,-0.0058496282709090686,-0.005866804361614306
2025-07-30,TSM,240.2529296875,0.006546972431986875,0.006525634091689067
2025-07-31,TSM,238.97705078125,-0.005310565444132331,-0.005324716619530758
2025-08-01,TSM,232.6371612548828,-0.026529281810287575,-0.026887533523430436
2025-08-04,TSM,236.3856964111328,0.016113226004090597,0.01598478586440155
2025-08-05,TSM,229.92713928222656,-0.027322114776662465,-0.027702304819769052
2025-08-06,TSM,228.8391571044922,-0.00473185627904027,-0.004743086952924872
2025-08-07,TSM,239.96609497070312,0.048623399976648995,0.04747825635328413
2025-08-08,TSM,239.18475341796875,-0.003256049788324389,-0.0032613622533379134
2025-08-11,TSM,239.44190979003906,0.0010751369742241224,0.0010745594283909693
2025-08-12,TSM,241.6178436279297,0.009087522897719413,0.009046479827342852
2025-08-13,TSM,238.79901123046875,-0.011666490997253032,-0.011735078475353777
2025-08-14,TSM,238.36383056640625,-0.0018223721355467015,-0.001824034675798637
2025-08-15,TSM,236.26699829101562,-0.008796772020352561,-0.008835692034444807
2025-08-18,TSM,238.76934814453125,0.010591195010796417,0.010535501202446203
2025-08-19,TSM,230.1546173095703,-0.0360797183637922,-0.03674668318916908
2025-08-20,TSM,226.09945678710938,-0.017619288154477997,-0.017776355489736915
2025-08-21,TSM,224.84335327148438,-0.005555535309435644,-0.005571024690228861
2025-08-22,TSM,230.4414520263672,0.02489777293137707,0.024592873891147015
2025-08-25,TSM,233.01300048828125,0.011159226950278933,0.011097422148037613
2025-08-26,TSM,236.1087646484375,0.01328580016423575,0.013198317917156453
2025-08-27,TSM,236.6725311279297,0.0023877405835892596,0.002384894460677123
2025-08-28,TSM,235.6636962890625,-0.004262576793594541,-0.0042716874732537805
2025-08-29,TSM,228.34463500976562,-0.031057228561498063,-0.03154972823843681
2025-09-02,TSM,225.8917694091797,-0.010741945395305819,-0.010800056617130517
2025-09-03,TSM,228.85894775390625,0.01313539821520382,0.013049876961812736
2025-09-04,TSM,232.6371612548828,0.016508917558422542,0.01637412685488873
2025-09-05,TSM,240.7474822998047,0.034862534434195735,0.03426860092458578
2025-09-08,TSM,244.4861297607422,0.01552933150213276,0.015409985424356728
2025-09-09,TSM,248.17530822753906,0.01508952049920853,0.014976806140742677
2025-09-10,TSM,257.5911560058594,0.03794030858898911,0.03723827691384228
2025-09-11,TSM,256.0779113769531,-0.005874598539678977,-0.005891921872080338
2025-09-12,TSM,256.4932861328125,0.00162206397898923,0.0016207498540844554
2025-09-15,TSM,258.5209045410156,0.007905151977947833,0.007874069961967788
2025-09-16,TSM,260.0111389160156,0.005764463719658552,0.00574791277309782
2025-09-17,TSM,260.7354431152344,0.002785666038148893,0.0027817932610195526
2025-09-18,TSM,266.53973388671875,0.022261226560284397,0.022017062408507173
2025-09-19,TSM,262.7991943359375,-0.014033703329091707,-0.014133106839061807
2025-09-22,TSM,270.4985046386719,0.029297313190741026,0.028876349220282718
2025-09-23,TSM,280.4997253417969,0.036973293868979074,0.03630617565538275
2025-09-24,TSM,278.51531982421875,-0.0070745364016313594,-0.007099679588717606
2025-09-25,TSM,274.49700927734375,-0.01442761047906127,-0.01453270047419544
2025-09-26,TSM,271.2227783203125,-0.011928111587267143,-0.01199982232991347
2025-09-29,TSM,271.0938415527344,-0.000475390630450101,-0.00047550366440080114
2025-09-30,TSM,277.1064758300781,0.02217916217832694,0.021936781875551977
2025-10-01,TSM,286.21466064453125,0.03286889917375402,0.03234026937648476
2025-10-02,TSM,285.85748291015625,-0.0012479365437488843,-0.0012487158649872692
2025-10-03,TSM,289.9056091308594,0.014161344245710916,0.014062009124412954
2025-10-06,TSM,300.0357971191406,0.034943056185258614,0.034346407025282806
2025-10-07,TSM,291.731201171875,-0.027678683767083823,-0.028068956892581178
2025-10-08,TSM,302.1391906738281,0.0356766415801415,0.035054973090183
2025-10-09,TSM,297.5354919433594,-0.01523701284895096,-0.015354288945886198
2025-10-10,TSM,278.46575927734375,-0.06409229548199868,-0.06623841365065089
2025-10-13,TSM,300.52197265625,0.07920619553421981,0.07622576675317709
2025-10-14,TSM,293.62628173828125,-0.022945712944112517,-0.02321306343094919
2025-10-15,TSM,302.3277282714844,0.02963442673350003,0.029203813739124788
2025-10-16,TSM,297.49578857421875,-0.0159824562731693,-0.016111553098136586
2025-10-17,TSM,292.7729797363281,-0.01587521242073775,-0.016002573324842933
2025-10-20,TSM,295.37255859375,0.008879162482012815,0.008839974518849276
2025-10-21,TSM,292.2074890136719,-0.010715516685594673,-0.010773341285813443
2025-10-22,TSM,286.6214904785156,-0.019116548155598045,-0.019301631934026797
2025-10-23,TSM,288.45703125,0.0064040584270912415,0.006383639574241947
2025-10-24,TSM,292.6539306640625,0.014549478637686963,0.014444650546082013
2025-10-27,TSM,295.918212890625,0.01115406931031293,0.011092321415153593
2025-10-28,TSM,299.1725769042969,0.010997511717451225,0.010937478826058526
2025-10-29,TSM,302.7047424316406,0.011806448184165097,0.011737295838357394
2025-10-30,TSM,300.849365234375,-0.006129329796293548,-0.006148191249710901
2025-10-31,TSM,298.0811767578125,-0.009201244198756897,-0.009243837119393299
2025-11-03,TSM,302.4765319824219,0.014745497425959764,0.014637839600600524
2025-11-04,TSM,291.75103759765625,-0.035458930696114055,-0.036102866616108335
2025-11-05,TSM,291.34423828125,-0.0013943371710206653,-0.001395310163652277
2025-11-06,TSM,286.9786682128906,-0.014984233407578373,-0.015097631245340077
2025-11-07,TSM,284.26007080078125,-0.009473168960741796,-0.009518324831557592
2025-11-10,TSM,292.9615173339844,0.03061086458147466,0.030151698852805664
2025-11-11,TSM,288.8935546875,-0.013885655302115274,-0.013982962849866927
2025-11-12,TSM,288.347900390625,-0.0018887728300662765,-0.0018905588106968596
2025-11-13,TSM,279.99371337890625,-0.028972595258718092,-0.029400587874577087
2025-11-14,TSM,282.59326171875,0.009284309667074053,0.009241475384457933
2025-11-17,TSM,279.8052062988281,-0.00986596567435738,-0.009914956809937881
2025-11-18,TSM,275.73724365234375,-0.0145385523746826,-0.014645272763567313
2025-11-19,TSM,280.1623840332031,0.016048395647410896,0.015920981533081673
2025-11-20,TSM,275.3304443359375,-0.017246925257078716,-0.017397385971837355
2025-11-21,TSM,272.9095153808594,-0.008792812436405617,-0.008831697317794911
2025-11-24,TSM,282.41461181640625,0.034828746891738094,0.034235951086645705
2025-11-25,TSM,282.4543151855469,0.00014058539282113536,0.0001405755116208888
2025-11-26,TSM,287.6930236816406,0.018547100236908642,0.018377200325247586
2025-11-28,TSM,289.23089599609375,0.005345532174443335,0.005331295529754587
2025-12-01,TSM,285.4308776855469,-0.013138355421746462,-0.01322542710673795
2025-12-02,TSM,289.8063659667969,0.01532941466154325,0.015213106304513549
2025-12-03,TSM,293.14013671875,0.011503442102907657,0.011437780588639857
2025-12-04,TSM,290.63983154296875,-0.008529385309593907,-0.00856596868749268
2025-12-05,TSM,292.41583251953125,0.00611065925525045,0.006092064887764815
2025-12-08,TSM,299.5098876953125,0.024260160999686642,0.023970557824912954
2025-12-09,TSM,301.0378723144531,0.005101616614056503,0.005088647458423203
2025-12-10,TSM,307.71527099609375,0.022181257893909345,0.02193883211636258
2025-12-11,TSM,303.2831726074219,-0.014403244838401719,-0.014507978455056168
2025-12-12,TSM,290.53900146484375,-0.042020699773787085,-0.042929108524244364
2025-12-15,TSM,286.2610778808594,-0.014724094054209158,-0.014833569473667775
2025-12-16,TSM,285.39556884765625,-0.003023495333736359,-0.003028075329813867
2025-12-17,TSM,275.5364990234375,-0.03454527995661172,-0.035156076148692886
2025-12-18,TSM,283.2168273925781,0.02787408708596284,0.027492676151858107
2025-12-19,TSM,287.4648742675781,0.0149992742808025,0.014887897499211794
2025-12-22,TSM,291.77264404296875,0.014985377905270214,0.014874206385323285
2025-12-23,TSM,295.42376708984375,0.012513589335459763,0.012435941474374929
2025-12-24,TSM,297.2642517089844,0.006229981552502872,0.006210655443431742
2025-12-26,TSM,301.2834777832031,0.013520717849899722,0.01343012858544472
2025-12-29,TSM,299.3733825683594,-0.0063398604825526395,-0.0063600427450605825
2025-12-30,TSM,298.0402526855469,-0.00445306750845853,-0.004463011946727383
2025-12-31,TSM,302.328125,0.014386889944618009,0.014284380666814592
2026-01-02,TSM,317.96728515625,0.05172909452684893,0.050435566444593745
2026-01-05,TSM,320.5937194824219,0.00826007721165789,0.008226149476322964
2026-01-06,TSM,325.7471008300781,0.01607449252585491,0.015946665883764727
2026-01-07,TSM,317.04205322265625,-0.0267233310296221,-0.02708689089383922
2026-01-08,TSM,316.37554931640625,-0.002102257096417204,-0.0021044699407226078
2026-01-09,TSM,321.9666442871094,0.017672335876725676,0.017517995861835233
2026-01-12,TSM,330.0647888183594,0.025152122665317522,0.024841013934754606
2026-01-13,TSM,329.5076599121094,-0.001687938020424773,-0.0016893641928916031
2026-01-14,TSM,325.4287414550781,-0.012378827424282757,-0.012456083328885715
2026-01-15,TSM,339.88409423828125,0.04441941027878915,0.0434611427704702
2026-01-16,TSM,340.64013671875,0.002224412655035035,0.0022219423119018466
2026-01-20,TSM,325.4784851074219,-0.044509292878326834,-0.045530241019775694
2026-01-21,TSM,324.44384765625,-0.003178819794587673,-0.0031838829750369404
2026-01-22,TSM,325.6874084472656,0.0038328998993168995,0.003825573054571683
2026-01-23,TSM,333.14886474609375,0.022909870339786975,0.02265137980350136
2026-01-26,TSM,330.9999694824219,-0.006450255399518268,-0.0064711481878841955
2026-01-27,TSM,336.60101318359375,0.016921583738905177,0.016780008625506975
2026-01-28,TSM,340.5406799316406,0.011704262892096695,0.011636297813888412
2026-01-29,TSM,337.8048095703125,-0.008033901740835514,-0.008066347423219013
2026-01-30,TSM,328.86102294921875,-0.02647619680865476,-0.02683300332207341
2026-02-02,TSM,339.6054992675781,0.0326717840320605,0.03214940880046748
2026-02-03,TSM,334.0243225097656,-0.016434294408804728,-0.016570835462666383
2026-02-04,TSM,324.0657958984375,-0.02981377684266384,-0.030267243274587546
2026-02-05,TSM,329.0301513671875,0.015318973898454269,0.015202823122897379
2026-02-06,TSM,347.0570373535156,0.05478794545552357,0.05333974715668524
2026-02-09,TSM,353.5832824707031,0.018804531862985474,0.01862991234941745
2026-02-10,TSM,360.0498962402344,0.01828879952792195,0.01812357094803445
2026-02-11,TSM,372.1672668457031,0.033654698229335755,0.033100772759501976
2026-02-12,TSM,366.2080993652344,-0.016012067721526302,-0.016141645949726963
2026-02-13,TSM,364.4770202636719,-0.004727036634533888,-0.004738244405851382
2026-02-17,TSM,362.328125,-0.005895831957025144,-0.005913280992448192
2026-02-18,TSM,360.3981018066406,-0.005326727516279273,-0.005340965111663545
2026-02-19,TSM,358.5377197265625,-0.0051620196409254415,-0.005175388892383783
2026-02-20,TSM,368.63555908203125,0.02816395263284943,0.027774641313209596
2026-02-23,TSM,368.1380920410156,-0.0013494819714473527,-0.0013503933422542374
2026-02-24,TSM,383.7673645019531,0.04245491786597344,0.0415784295024969
2026-02-25,TSM,385.7371826171875,0.005132844263062264,0.005119716121920939
2026-02-26,TSM,374.8733215332031,-0.028163893898623393,-0.028568103860866365
2026-02-27,TSM,372.6547546386719,-0.0059181776005224895,-0.005935759416102424
2026-03-02,TSM,367.2128601074219,-0.014603046019167287,-0.01471072002700861
2026-03-03,TSM,351.3150329589844,-0.04329322002444813,-0.044258329487596594
2026-03-04,TSM,355.6028747558594,0.01220511903735022,0.012131237122880986
2026-03-05,TSM,352.041259765625,-0.010015709216860569,-0.010066203875216588
2026-03-06,TSM,337.1482238769531,-0.04230480227967326,-0.04322571685543379
2026-03-09,TSM,346.9078063964844,0.028947453459203576,0.0285363899107042
2026-03-10,TSM,345.3060607910156,-0.004617208307033938,-0.004627900538176317
2026-03-11,TSM,352.7376403808594,0.021521717785143224,0.021293395730046842
2026-03-12,TSM,334.9794006347656,-0.05034404529927616,-0.05165551292737239
2026-03-13,TSM,336.5711669921875,0.004751833558736873,0.004740579236015292
2026-03-16,TSM,338.4813232421875,0.005675341316579097,0.005659297242158607
2026-03-17,TSM,345.1716613769531,0.01976575271770198,0.019572946723284818
2026-03-18,TSM,338.7766418457031,-0.01852706999682152,-0.018700845877059676
2026-03-19,TSM,337.99847412109375,-0.002296993441961659,-0.0022996355781529517
2026-03-20,TSM,328.47076416015625,-0.02818861826436536,-0.02859354506447764
2026-03-23,TSM,337.6592712402344,0.027973591815915633,0.027589477807984347
2026-03-24,TSM,342.4480285644531,0.014182217792005236,0.014082590989029703
2026-03-25,TSM,346.9375305175781,0.013110024233297768,0.013024831642399535
2026-03-26,TSM,325.3480529785156,-0.06222871739144009,-0.06424919488065227
2026-03-27,TSM,325.9765930175781,0.0019319004165179177,0.001930036696869385
2026-03-30,TSM,315.7605285644531,-0.0313398712421481,-0.031841472932487534
2026-03-31,TSM,337.1604309082031,0.0677725694248128,0.06557476788417031
2026-04-01,TSM,340.692138671875,0.010474858375754792,0.010420377171764297
2026-04-02,TSM,338.2478942871094,-0.007174349235923305,-0.007200208636546495
2026-04-06,TSM,340.9615173339844,0.008022586667078002,0.00799057680595014
2026-04-07,TSM,344.5132141113281,0.010416708621884485,0.010362828558235521
2026-04-08,TSM,365.04510498046875,0.05959681669134986,0.0578884741562156
2026-04-09,TSM,364.6360778808594,-0.001120483726610333,-0.0011211119378119277
2026-04-10,TSM,369.734130859375,0.013981208354762353,0.013884372802753737
2026-04-13,TSM,368.70654296875,-0.0027792616500851297,-0.0027831309686402917
2026-04-14,TSM,379.00244140625,0.027924371383809765,0.027541595633872294
2026-04-15,TSM,374.2236328125,-0.012608912428159313,-0.012689079355857471
2026-04-16,TSM,362.5010681152344,-0.031325025117104444,-0.03182614659579334
2026-04-17,TSM,369.6343688964844,0.019678013138936246,0.019486904067646298
2026-04-20,TSM,365.3843078613281,-0.011498013693489795,-0.011564626958704145
2026-04-21,TSM,367.2200012207031,0.00502400710670825,0.005011428894099685
2026-04-22,TSM,386.5347900390625,0.05259732246106874,0.05126075019600938
2026-04-23,TSM,381.7659606933594,-0.012337387134599642,-0.012414124507581524
2026-04-24,TSM,401.5196838378906,0.05174301844159901,0.05044880542662202
2026-04-27,TSM,404.0338134765625,0.006261535212024549,0.0062420132496748115
2026-04-28,TSM,391.42333984375,-0.031211431351014896,-0.03170888630813638
2026-04-29,TSM,392.90985107421875,0.003797707185938748,0.0037905141017368785
2026-04-30,TSM,395.1346435546875,0.005662348435362841,0.005646377600387225
2026-05-01,TSM,396.74090576171875,0.004065100930106036,0.004056860731264754
2026-05-04,TSM,400.6716613769531,0.009907613654527303,0.00985885504020259
2026-05-05,TSM,393.488525390625,-0.01792773654528612,-0.018090385295714613
2026-05-06,TSM,418.5198974609375,0.06361398225135861,0.06167252645616451
2026-05-07,TSM,413.182373046875,-0.012753334898636837,-0.012835356788808934
2026-05-08,TSM,410.7181396484375,-0.005964033219195253,-0.005981889096074556
2026-05-11,TSM,403.5948486328125,-0.01734350233890891,-0.017495662772015752
2026-05-12,TSM,396.351806640625,-0.017946319227620133,-0.018109307384075783
2026-05-13,TSM,398.86590576171875,0.0063430999404356925,0.006323067150705522
2026-05-14,TSM,416.7440490722656,0.044822440455031476,0.04384695753968911
2026-05-15,TSM,403.4053039550781,-0.03200704400430321,-0.032530468595986135
2026-05-18,TSM,395.0249328613281,-0.020774072654937692,-0.020992889485293667
2026-05-19,TSM,391.69268798828125,-0.008435530509201206,-0.008471310956813615
2026-05-20,TSM,400.6816711425781,0.022949070610595035,0.02268970138083811
2026-05-21,TSM,406.19873046875,0.013769183178355737,0.013675249255728788
2026-05-22,TSM,403.57489013671875,-0.006459499095438748,-0.006480451938372083
2026-05-26,TSM,411.3566589355469,0.019282093581669324,0.019098549669796183
2026-05-27,TSM,421.7423400878906,0.025247387946067068,0.02493393756288178
2026-05-28,TSM,423.8673400878906,0.005038621447296832,0.005025970073445278
2026-05-29,TSM,417.47235107421875,-0.015087241711866373,-0.01520221199847997
2026-06-01,TSM,434.6122131347656,0.04105628077271084,0.04023585231427257
2026-06-02,TSM,445.6463623046875,0.0253884930898165,0.02507155842992801
2026-06-03,TSM,435.66973876953125,-0.022386861823714965,-0.02264125144041743
2026-06-04,TSM,443.8805236816406,0.018846351218469337,0.018670958983889485
2026-06-05,TSM,414.20001220703125,-0.06686599184040076,-0.0692064569808529
2026-06-08,TSM,425.8028259277344,0.02801258662180728,0.027627410753551084
2026-06-09,TSM,426.92022705078125,0.002624221952055583,0.00262078469373471
2026-06-10,TSM,407.7950134277344,-0.04479809671976953,-0.0458325437994796
2026-06-11,TSM,421.07000732421875,0.03255310501445563,0.032034477958441554
2026-06-12,TSM,423.92999267578125,0.006792184914182986,0.0067692219467346175
2026-06-15,TSM,441.3999938964844,0.041209637257404674,0.0403831500091954
2026-06-16,TSM,425.8299865722656,-0.03527414485617364,-0.03591130593763106
2026-06-17,TSM,432.1499938964844,0.014841621124646265,0.014732562017667318
2026-06-18,TSM,462.1199951171875,0.06935092362371309,0.06705185097366137
2026-06-22,TSM,467.6700134277344,0.012009907316690382,0.011938360655980505
2026-06-23,TSM,436.3900146484375,-0.06688476464427062,-0.06922657519811216
2026-06-24,TSM,440.8299865722656,0.010174320618690169,0.010122910632391732
2026-06-25,TSM,434.989990234375,-0.01324772931918794,-0.013336263270496036
2026-06-26,TSM,432.3500061035156,-0.006069068691527679,-0.006087560344958147
2026-06-29,TSM,455.1000061035156,0.05261940483135574,0.05128172891045862
2026-06-30,TSM,477.57000732421875,0.04937376602801491,0.04819357293761522
2026-07-01,TSM,444.2300109863281,-0.0698117466058884,-0.07236829031518638
2026-07-02,TSM,434.1600036621094,-0.02266845344793389,-0.022929332866317736
2026-07-06,TSM,451.7900085449219,0.040607160342050586,0.03980435082487872
2026-07-07,TSM,432.57000732421875,-0.04254189082800852,-0.04347330909642378
2026-07-08,TSM,436.9800109863281,0.010194890046558491,0.01014327268083362
2026-07-09,TSM,436.9599914550781,-4.5813379895398576e-05,-4.5814429360340446e-05
2026-07-10,TSM,434.1099853515625,-0.006522350236288443,-0.006543713706614632
2026-07-13,TSM,421.5799865722656,-0.028863650231748306,-0.029288398542620813
2026-07-14,TSM,420.3900146484375,-0.0028226480424353717,-0.0028266392256607316
2026-07-15,TSM,419.4800109863281,-0.0021646652641604813,-0.0021670115385573614
2026-07-16,TSM,409.739990234375,-0.02321927266343704,-0.023493086789213285
2026-07-17,TSM,398.3699951171875,-0.0277492931814729,-0.0281415789539737
2026-07-20,TSM,402.29998779296875,0.009865182428272945,0.009816839199269498
2026-07-21,TSM,424.6099853515625,0.05545612288229762,0.05397301745857062
2026-07-22,TSM,421.2099914550781,-0.008007333821104745,-0.00803956468941569
2026-07-23,TSM,415.5799865722656,-0.013366266225935286,-0.013456398820887413
2026-07-24,TSM,403.4100036621094,-0.02928433346979764,-0.02972167897913167
2026-07-27,TSM,399.0899963378906,-0.010708726320622253,-0.010766477393997883
2026-07-28,TSM,392.30999755859375,-0.01698864627405139,-0.017134608824410064
2026-07-29,TSM,374.6700134277344,-0.044964401214946714,-0.04600666298143215
2026-07-30,TSM,403.30999755859375,0.07644055596774724,0.07365981657420385
2026-07-31,TSM,404.25,0.0023307194145854027,0.0023280075010795286
2022-01-04,^GSPC,4793.5400390625,-0.000629621957060511,-0.0006298202522032699
2022-01-05,^GSPC,4700.580078125,-0.019392757790687165,-0.019583264304501073
2022-01-06,^GSPC,4696.0498046875,-0.0009637690162076495,-0.0009642337401809882
2022-01-07,^GSPC,4677.02978515625,-0.004050216740091761,-0.004058441082336512
2022-01-10,^GSPC,4670.2900390625,-0.0014410312534549607,-0.0014420705375388979
2022-01-11,^GSPC,4713.06982421875,0.009159984668711818,0.009118286452399373
2022-01-12,^GSPC,4726.35009765625,0.002817754443029452,0.0028137920146670695
2022-01-13,^GSPC,4659.02978515625,-0.0142436152864307,-0.014346029234400533
2022-01-14,^GSPC,4662.85009765625,0.0008199802697488323,0.0008196442695905652
2022-01-18,^GSPC,4577.10986328125,-0.018387945694007368,-0.0185591053980085
2022-01-19,^GSPC,4532.759765625,-0.009689541868338813,-0.009736790941460195
2022-01-20,^GSPC,4482.72998046875,-0.01103737849414832,-0.011098742304330734
2022-01-21,^GSPC,4397.93994140625,-0.018914821867908604,-0.019095995324635427
2022-01-24,^GSPC,4410.1298828125,0.002771738943381896,0.0027679047582695165
2022-01-25,^GSPC,4356.4501953125,-0.012171906253646725,-0.012246590556866267
2022-01-26,^GSPC,4349.93017578125,-0.0014966358477518371,-0.0014977569258856588
2022-01-27,^GSPC,4326.509765625,-0.00538408875771057,-0.005398635199970923
2022-01-28,^GSPC,4431.85009765625,0.024347646888076113,0.024055967914736694
2022-01-31,^GSPC,4515.5498046875,0.018885951732779516,0.018709826222984446
2022-02-01,^GSPC,4546.5400390625,0.00686300355780145,0.006839560348317067
2022-02-02,^GSPC,4589.3798828125,0.00942251544733641,0.009378400448324454
2022-02-03,^GSPC,4477.43994140625,-0.024391082077444004,-0.024693471720120656
2022-02-04,^GSPC,4500.52978515625,0.0051569298644233985,0.005143678439863626
2022-02-07,^GSPC,4483.8701171875,-0.0037017126347429485,-0.003708580927828488
2022-02-08,^GSPC,4521.5400390625,0.008401207191663262,0.00836611346663433
2022-02-09,^GSPC,4587.18017578125,0.014517207887505545,0.014412842079264784
2022-02-10,^GSPC,4504.080078125,-0.01811572566845976,-0.01828182448505601
2022-02-11,^GSPC,4418.64013671875,-0.01896945434456343,-0.019151682638086528
2022-02-14,^GSPC,4401.669921875,-0.0038405967262932217,-0.0038479907556283146
2022-02-15,^GSPC,4471.06982421875,0.01576672117072042,0.015643717646064172
2022-02-16,^GSPC,4475.009765625,0.0008812077558950637,0.0008808197202838003
2022-02-17,^GSPC,4380.259765625,-0.021173138152195015,-0.021400504136936647
2022-02-18,^GSPC,4348.8701171875,-0.0071661613961429005,-0.007191961663866342
2022-02-22,^GSPC,4304.759765625,-0.010142945264832837,-0.010194735435016016
2022-02-23,^GSPC,4225.5,-0.018412122845487655,-0.018583735748788438
2022-02-24,^GSPC,4288.7001953125,0.014956856067329216,0.014846105252724002
2022-02-25,^GSPC,4384.64990234375,0.022372677655603468,0.022126080551265786
2022-02-28,^GSPC,4373.93994140625,-0.002442603440647617,-0.0024455914631261143
2022-03-01,^GSPC,4306.259765625,-0.015473503680411893,-0.015594467786613053
2022-03-02,^GSPC,4386.5400390625,0.018642691757321028,0.018471046780652183
2022-03-03,^GSPC,4363.490234375,-0.005254666430088317,-0.005268520744245652
2022-03-04,^GSPC,4328.8701171875,-0.007934042550334475,-0.007965684543001903
2022-03-07,^GSPC,4201.08984375,-0.029518158313449172,-0.029962586814416495
2022-03-08,^GSPC,4170.7001953125,-0.00723375351819977,-0.007260043975698096
2022-03-09,^GSPC,4277.8798828125,0.02569824789143582,0.025373598122141117
2022-03-10,^GSPC,4259.52001953125,-0.004291813651667864,-0.004301049920247209
2022-03-11,^GSPC,4204.31005859375,-0.012961545123475138,-0.013046278933238144
2022-03-14,^GSPC,4173.10986328125,-0.007421002465963666,-0.007448675095533314
2022-03-15,^GSPC,4262.4501953125,0.021408574170870942,0.021182629724144964
2022-03-16,^GSPC,4357.85986328125,0.02238376135718223,0.022136921648393443
2022-03-17,^GSPC,4411.669921875,0.01234781757145198,0.012272205068700267
2022-03-18,^GSPC,4463.1201171875,0.011662294827948783,0.011594814411888112
2022-03-21,^GSPC,4461.18017578125,-0.00043466036210393355,-0.0004347548543014596
2022-03-22,^GSPC,4511.60986328125,0.0113041136006502,0.011240699554074212
2022-03-23,^GSPC,4456.240234375,-0.012272698789159042,-0.012348630252495208
2022-03-24,^GSPC,4520.16015625,0.01434391292056647,0.014242012281618024
2022-03-25,^GSPC,4543.06005859375,0.005066170567449069,0.005053380704237665
2022-03-28,^GSPC,4575.52001953125,0.007144955276586762,0.007119551020042568
2022-03-29,^GSPC,4631.60009765625,0.012256547427530462,0.01218204410139109
2022-03-30,^GSPC,4602.4501953125,-0.0062937001746978805,-0.006313588999088777
2022-03-31,^GSPC,4530.41015625,-0.015652540713177343,-0.015776335226881762
2022-04-01,^GSPC,4545.85986328125,0.0034102225843584133,0.0034044209614630277
2022-04-04,^GSPC,4582.64013671875,0.008090938687879357,0.008058382532133647
2022-04-05,^GSPC,4525.1201171875,-0.012551720801807331,-0.01263115907400537
2022-04-06,^GSPC,4481.14990234375,-0.009716916613271898,-0.009764433912479721
2022-04-07,^GSPC,4500.2099609375,0.004253385628492534,0.004244365552037262
2022-04-08,^GSPC,4488.27978515625,-0.002651026482054286,-0.0026545466755523947
2022-04-11,^GSPC,4412.52978515625,-0.01687729010355421,-0.017021334584696127
2022-04-12,^GSPC,4397.4501953125,-0.003417447717741773,-0.0034233005304522353
2022-04-13,^GSPC,4446.58984375,0.011174577597236057,0.011112603268901934
2022-04-14,^GSPC,4392.58984375,-0.01214413784439794,-0.012218480383508163
2022-04-18,^GSPC,4391.68994140625,-0.0002048682840329885,-0.0002048892724065068
2022-04-19,^GSPC,4462.2099609375,0.016057604355527166,0.01593004474938665
2022-04-20,^GSPC,4459.4501953125,-0.0006184750715809706,-0.0006186664061825758
2022-04-21,^GSPC,4393.66015625,-0.014752948498371943,-0.014862855551311067
2022-04-22,^GSPC,4271.77978515625,-0.027740054250753654,-0.028132076377366966
2022-04-25,^GSPC,4296.1201171875,0.005697936985382235,0.0056817651441118085
2022-04-26,^GSPC,4175.2001953125,-0.028146308431003852,-0.028550008928597752
2022-04-27,^GSPC,4183.9599609375,0.0020980468517017847,0.0020958490249645954
2022-04-28,^GSPC,4287.5,0.02474690007293945,0.024445655340832175
2022-04-29,^GSPC,4131.93017578125,-0.036284507106413955,-0.03695915978469415
2022-05-02,^GSPC,4155.3798828125,0.005675242812353654,0.005659199293818601
2022-05-03,^GSPC,4175.47998046875,0.004837126381486367,0.004825465075359521
2022-05-04,^GSPC,4300.169921875,0.02986242108440229,0.029425221557325833
2022-05-05,^GSPC,4146.8701171875,-0.035649708609806985,-0.03630067756409906
2022-05-06,^GSPC,4123.33984375,-0.0056742248424840325,-0.00569038441395277
2022-05-09,^GSPC,3991.239990234375,-0.03203710063235676,-0.03256151953960419
2022-05-10,^GSPC,4001.050048828125,0.0024578974498534745,0.002454881760409255
2022-05-11,^GSPC,3935.179931640625,-0.01646320750393837,-0.016600232095697796
2022-05-12,^GSPC,3930.080078125,-0.0012959645058717717,-0.0012968049941124407
2022-05-13,^GSPC,4023.889892578125,0.02386969542307149,0.023589267956869442
2022-05-16,^GSPC,4008.010009765625,-0.003946400929555671,-0.003954208517722458
2022-05-17,^GSPC,4088.85009765625,0.020169632234863677,0.01996891958146264
2022-05-18,^GSPC,3923.679931640625,-0.04039526078745259,-0.041233809291248875
2022-05-19,^GSPC,3900.7900390625,-0.005833781800992588,-0.005850864777347809
2022-05-20,^GSPC,3901.360107421875,0.00014614176965843662,0.0001461310919903067
2022-05-23,^GSPC,3973.75,0.018555039930923556,0.018384995412060758
2022-05-24,^GSPC,3941.47998046875,-0.008120797617175213,-0.008153950903558081
2022-05-25,^GSPC,3978.72998046875,0.009450764734207695,0.009406385648931585
2022-05-26,^GSPC,4057.840087890625,0.019883256167224195,0.019688166007720866
2022-05-27,^GSPC,4158.240234375,0.02474226295510973,0.024441130195822013
2022-05-31,^GSPC,4132.14990234375,-0.006274368617659065,-0.006294135193666945
2022-06-01,^GSPC,4101.22998046875,-0.007482768681131846,-0.007510905041155451
2022-06-02,^GSPC,4176.81982421875,0.018431018038486124,0.018263225415545106
2022-06-03,^GSPC,4108.5400390625,-0.016347313992415624,-0.016482405609817057
2022-06-06,^GSPC,4121.43017578125,0.003137400778913113,0.003132489407036025
2022-06-07,^GSPC,4160.68017578125,0.009523393173235029,0.00947833153171984
2022-06-08,^GSPC,4115.77001953125,-0.010793945785935621,-0.010852623040155319
2022-06-09,^GSPC,4017.820068359375,-0.02379869397635359,-0.02408645766515553
2022-06-10,^GSPC,3900.860107421875,-0.029110303335524668,-0.029542414811409477
2022-06-13,^GSPC,3749.6298828125,-0.038768430665237275,-0.03953993199003993
2022-06-14,^GSPC,3735.47998046875,-0.0037736797459957394,-0.003780818039489633
2022-06-15,^GSPC,3789.989990234375,0.014592504858983224,0.014487058836534478
2022-06-16,^GSPC,3666.77001953125,-0.03251195148816344,-0.033052207113840666
2022-06-17,^GSPC,3674.840087890625,0.002200865698254617,0.0021984473410133873
2022-06-21,^GSPC,3764.7900390625,0.024477242280086964,0.024182474960671992
2022-06-22,^GSPC,3759.889892578125,-0.0013015723144006452,-0.0013024200953574458
2022-06-23,^GSPC,3795.72998046875,0.009532217409177868,0.00948707248555652
2022-06-24,^GSPC,3911.739990234375,0.03056329358583576,0.030105539729901033
2022-06-27,^GSPC,3900.110107421875,-0.0029730715337762392,-0.0029774998903406716
2022-06-28,^GSPC,3821.550048828125,-0.020143036075892073,-0.0203486731494949
2022-06-29,^GSPC,3818.830078125,-0.0007117454091590814,-0.0007119988201726959
2022-06-30,^GSPC,3785.3798828125,-0.008759278267998716,-0.008797866246367652
2022-07-01,^GSPC,3825.330078125,0.010553814029047315,0.010498511296639174
2022-07-05,^GSPC,3831.389892578125,0.0015841285142366157,0.0015828751061934918
2022-07-06,^GSPC,3845.080078125,0.0035731642904301975,0.003566795705066178
2022-07-07,^GSPC,3902.6201171875,0.014964587965241805,0.014853723180930391
2022-07-08,^GSPC,3899.3798828125,-0.000830271529819071,-0.00083061639612735
2022-07-11,^GSPC,3854.429931640625,-0.011527461422777274,-0.011594417660525545
2022-07-12,^GSPC,3818.800048828125,-0.009243878717321574,-0.00928686849749371
2022-07-13,^GSPC,3801.780029296875,-0.0044569025122100925,-0.00446686411181668
2022-07-14,^GSPC,3790.3798828125,-0.00299863390215227,-0.003003138812764307
2022-07-15,^GSPC,3863.159912109375,0.01920124935943668,0.01901923165863364
2022-07-18,^GSPC,3830.85009765625,-0.008363571580831342,-0.008398742485835936
2022-07-19,^GSPC,3936.68994140625,0.02762829164595959,0.02725351764373082
2022-07-20,^GSPC,3959.89990234375,0.005895806193263242,0.0058784939410571665
2022-07-21,^GSPC,3998.949951171875,0.00986137270919718,0.00981306668950467
2022-07-22,^GSPC,3961.6298828125,-0.00933246697634671,-0.009376287293813849
2022-07-25,^GSPC,3966.840087890625,0.0013151670479691902,0.001314302973305868
2022-07-26,^GSPC,3921.050048828125,-0.01154320266205866,-0.011610342599263359
2022-07-27,^GSPC,4023.610107421875,0.026156273782937722,0.025820048778629066
2022-07-28,^GSPC,4072.429931640625,0.012133338697180918,0.012060319791912806
2022-07-29,^GSPC,4130.2900390625,0.014207760082581844,0.014107775781753557
2022-08-01,^GSPC,4118.6298828125,-0.0028230841271976725,-0.002827076544916728
2022-08-02,^GSPC,4091.18994140625,-0.006662395550704803,-0.00668468837887098
2022-08-03,^GSPC,4155.169921875,0.015638477163140152,0.015517456270090707
2022-08-04,^GSPC,4151.93994140625,-0.0007773401640558397,-0.0007776424495837734
2022-08-05,^GSPC,4145.18994140625,-0.0016257460597355333,-0.0016270690189191196
2022-08-08,^GSPC,4140.06005859375,-0.0012375507238541195,-0.0012383171221209141
2022-08-09,^GSPC,4122.47021484375,-0.004248692893594086,-0.004257744235926498
2022-08-10,^GSPC,4210.240234375,0.021290637641290244,0.021067158460407496
2022-08-11,^GSPC,4207.27001953125,-0.0007054739583503,-0.0007057229222018175
2022-08-12,^GSPC,4280.14990234375,0.017322368774566943,0.017174046951492668
2022-08-15,^GSPC,4297.14013671875,0.0039695418998517695,0.003961684056233163
2022-08-16,^GSPC,4305.2001953125,0.0018756797165810912,0.0018739228259478625
2022-08-17,^GSPC,4274.0400390625,-0.007237794954094601,-0.007264114867648021
2022-08-18,^GSPC,4283.740234375,0.002269561170191503,0.0022669896063847975
2022-08-19,^GSPC,4228.47998046875,-0.012900001139847905,-0.012983928713038868
2022-08-22,^GSPC,4137.990234375,-0.0214000649197158,-0.021632366466494565
2022-08-23,^GSPC,4128.72998046875,-0.0022378626777133093,-0.002240370434437464
2022-08-24,^GSPC,4140.77001953125,0.0029161604463010526,0.002911916698724165
2022-08-25,^GSPC,4199.1201171875,0.014091605518061545,0.013993241836107048
2022-08-26,^GSPC,4057.659912109375,-0.03368805871951874,-0.03426857631703952
2022-08-29,^GSPC,4030.610107421875,-0.006666355799502699,-0.0066886751973248065
2022-08-30,^GSPC,3986.159912109375,-0.011028155571448206,-0.011089416492117008
2022-08-31,^GSPC,3955.0,-0.007817025105971265,-0.007847738208153028
2022-09-01,^GSPC,3966.85009765625,0.0029962320243361873,0.0029917522671948716
2022-09-02,^GSPC,3924.260009765625,-0.010736500458081055,-0.010794552570724387
2022-09-06,^GSPC,3908.18994140625,-0.004095056983834944,-0.004103464690895143
2022-09-07,^GSPC,3979.8701171875,0.018341016392734,0.018174848666169877
2022-09-08,^GSPC,4006.179931640625,0.006610721877456038,0.006588966880442448
2022-09-09,^GSPC,4067.360107421875,0.015271449816332883,0.01515601498121106
2022-09-12,^GSPC,4110.41015625,0.0105842727693497,0.010528651483995635
2022-09-13,^GSPC,3932.68994140625,-0.0432366134006168,-0.04419916303197406
2022-09-14,^GSPC,3946.010009765625,0.0033870120853238816,0.003381289078844715
2022-09-15,^GSPC,3901.35009765625,-0.011317739184353415,-0.011382272168149512
2022-09-16,^GSPC,3873.330078125,-0.007182134089448455,-0.007208049775663175
2022-09-19,^GSPC,3899.889892578125,0.006857100716286535,0.006833697724705768
2022-09-20,^GSPC,3855.929931640625,-0.011272103097361819,-0.011336114736600402
2022-09-21,^GSPC,3789.929931640625,-0.017116493600784488,-0.01726467409850635
2022-09-22,^GSPC,3757.989990234375,-0.00842758097968943,-0.008463293830453985
2022-09-23,^GSPC,3693.22998046875,-0.017232619015461026,-0.017382828767330778
2022-09-26,^GSPC,3655.0400390625,-0.010340526208282075,-0.010394360890280502
2022-09-27,^GSPC,3647.2900390625,-0.0021203598092424114,-0.0021226109548247284
2022-09-28,^GSPC,3719.0400390625,0.019672139926234733,0.019481144181152356
2022-09-29,^GSPC,3640.469970703125,-0.021126437880238824,-0.0213527948230975
2022-09-30,^GSPC,3585.6201171875,-0.015066695771983274,-0.0151813515462093
2022-10-03,^GSPC,3678.429931640625,0.025883894952576147,0.02555457753093017
2022-10-04,^GSPC,3790.929931640625,0.030583700679551518,0.030125341416799834
2022-10-05,^GSPC,3783.280029296875,-0.002017948757084831,-0.0020199875589381176
2022-10-06,^GSPC,3744.52001953125,-0.010245080846639998,-0.010297922911395202
2022-10-07,^GSPC,3639.659912109375,-0.028003617786773516,-0.028403196531478058
2022-10-10,^GSPC,3612.389892578125,-0.00749246363390188,-0.007520673133652772
2022-10-11,^GSPC,3588.840087890625,-0.006519175777754405,-0.006540518412323781
2022-10-12,^GSPC,3577.030029296875,-0.0032907731480149582,-0.0032961996501662937
2022-10-13,^GSPC,3669.909912109375,0.02596564246086497,0.025634259307631132
2022-10-14,^GSPC,3583.070068359375,-0.02366266361565439,-0.023947120744528417
2022-10-17,^GSPC,3677.949951171875,0.026480052302171098,0.026135524557561848
2022-10-18,^GSPC,3719.97998046875,0.011427569666488724,0.011362768207087462
2022-10-19,^GSPC,3695.159912109375,-0.0066720972934503076,-0.006694455239684375
2022-10-20,^GSPC,3665.780029296875,-0.007950909706564868,-0.007982686738766696
2022-10-21,^GSPC,3752.75,0.02372481982226482,0.023447759860447268
2022-10-24,^GSPC,3797.340087890625,0.011881976654619875,0.011811940205111494
2022-10-25,^GSPC,3859.110107421875,0.016266654579669915,0.01613577001587496
2022-10-26,^GSPC,3830.60009765625,-0.007387716072364547,-0.007415140398989885
2022-10-27,^GSPC,3807.300048828125,-0.006082610618211248,-0.006101185053184453
2022-10-28,^GSPC,3901.06005859375,0.024626377895927698,0.024328036770856338
2022-10-31,^GSPC,3871.97998046875,-0.00745440410765752,-0.007482327030336412
2022-11-01,^GSPC,3856.10009765625,-0.004101230608784645,-0.0041096637203590055
2022-11-02,^GSPC,3759.68994140625,-0.02500198485734284,-0.025319843737482882
2022-11-03,^GSPC,3719.889892578125,-0.010585992315429671,-0.010642422531956597
2022-11-04,^GSPC,3770.550048828125,0.013618724670070526,0.013526823285563951
2022-11-07,^GSPC,3806.800048828125,0.009613981920559844,0.00956806167935914
2022-11-08,^GSPC,3828.110107421875,0.005597892802462701,0.005582282828760321
2022-11-09,^GSPC,3748.570068359375,-0.02077788695478977,-0.020996784712303443
2022-11-10,^GSPC,3956.3701171875,0.05543448436034493,0.05395251566479769
2022-11-11,^GSPC,3992.929931640625,0.009240746788147902,0.009198312304769028
2022-11-14,^GSPC,3957.25,-0.008935777048800997,-0.008975940544918012
2022-11-15,^GSPC,3991.72998046875,0.008713116550319144,0.008675376414669186
2022-11-16,^GSPC,3958.7900390625,-0.008252046497990273,-0.008286283111873759
2022-11-17,^GSPC,3946.56005859375,-0.0030893228355314273,-0.0030941046442292835
2022-11-18,^GSPC,3965.340087890625,0.00475858190881473,0.00474729564815821
2022-11-21,^GSPC,3949.93994140625,-0.003883688698329779,-0.003891249800275618
2022-11-22,^GSPC,4003.580078125,0.013579987927526016,0.01348860626982839
2022-11-23,^GSPC,4027.260009765625,0.0059146891478476515,0.0058972660417383116
2022-11-25,^GSPC,4026.1201171875,-0.0002830441976333642,-0.0002830842622024787
2022-11-28,^GSPC,3963.93994140625,-0.015444192913123267,-0.015564696794064813
2022-11-29,^GSPC,3957.6298828125,-0.0015918653377758885,-0.0015931337016243704
2022-11-30,^GSPC,4080.110107421875,0.030947872397389053,0.030478643521294944
2022-12-01,^GSPC,4076.570068359375,-0.0008676332180498347,-0.0008680098296065889
2022-12-02,^GSPC,4071.699951171875,-0.001194660488065602,-0.001195374663761461
2022-12-05,^GSPC,3998.840087890625,-0.017894212283564803,-0.01805624963097222
2022-12-06,^GSPC,3941.260009765625,-0.014399194981406072,-0.014503869422986057
2022-12-07,^GSPC,3933.919921875,-0.0018623708845491027,-0.001864107253381664
2022-12-08,^GSPC,3963.510009765625,0.00752178195750397,0.007493634413933237
2022-12-09,^GSPC,3934.3798828125,-0.007349578247904498,-0.0073767194642132125
2022-12-12,^GSPC,3990.56005859375,0.014279296218109305,0.01417830729965003
2022-12-13,^GSPC,4019.64990234375,0.0072896644387934195,0.007263223255457212
2022-12-14,^GSPC,3995.320068359375,-0.006052724634100337,-0.006071116623835963
2022-12-15,^GSPC,3895.75,-0.024921675023714007,-0.02523747790182607
2022-12-16,^GSPC,3852.360107421875,-0.011137750774080746,-0.011200239946011676
2022-12-19,^GSPC,3817.659912109375,-0.009007516001852345,-0.0090483289411038
2022-12-20,^GSPC,3821.6201171875,0.0010373383615349674,0.001036800697890769
2022-12-21,^GSPC,3878.43994140625,0.014867993802734736,0.014758548669054294
2022-12-22,^GSPC,3822.389892578125,-0.01445169956861636,-0.014557142498145655
2022-12-23,^GSPC,3844.820068359375,0.005868102525282026,0.005850952271915072
2022-12-27,^GSPC,3829.25,-0.004049622110409712,-0.004057844034659477
2022-12-28,^GSPC,3783.219970703125,-0.012020638322615351,-0.012093470442948605
2022-12-29,^GSPC,3849.280029296875,0.01746133164481911,0.01731063431499432
2022-12-30,^GSPC,3839.5,-0.0025407424823445934,-0.002543975646110833
2023-01-03,^GSPC,3824.139892578125,-0.004000548879248611,-0.004008572481273608
2023-01-04,^GSPC,3852.969970703125,0.007538970575044379,0.007510694562138916
2023-01-05,^GSPC,3808.10009765625,-0.011645528874622113,-0.011713869136457158
2023-01-06,^GSPC,3895.080078125,0.02284078102943865,0.02258383558903089
2023-01-09,^GSPC,3892.090087890625,-0.0007676325452631305,-0.0007679273259905782
2023-01-10,^GSPC,3919.25,0.006978233159061986,0.006953997970593733
2023-01-11,^GSPC,3969.610107421875,0.012849424614881588,0.012767571192293676
2023-01-12,^GSPC,3983.169921875,0.0034159058663651987,0.0034100849120427303
2023-01-13,^GSPC,3999.090087890625,0.003996858363534361,0.003988892144656051
2023-01-17,^GSPC,3990.969970703125,-0.0020304911890052235,-0.002032555430996314
2023-01-18,^GSPC,3928.860107421875,-0.015562598500411085,-0.01568496697774467
2023-01-19,^GSPC,3898.85009765625,-0.007638350296294338,-0.007667671901812428
2023-01-20,^GSPC,3972.610107421875,0.018918401045981525,0.01874167355235196
2023-01-23,^GSPC,4019.81005859375,0.01188134498366522,0.011811315951328555
2023-01-24,^GSPC,4016.949951171875,-0.0007115031258156934,-0.0007117563642918193
2023-01-25,^GSPC,4016.219970703125,-0.0001817250594663422,-0.00018174157346566321
2023-01-26,^GSPC,4060.429931640625,0.011007853469181317,0.010947708029114303
2023-01-27,^GSPC,4070.56005859375,0.002494840970949097,0.002491734021703855
2023-01-30,^GSPC,4017.77001953125,-0.012968740984683369,-0.013053569315292663
2023-01-31,^GSPC,4076.60009765625,0.014642470285510134,0.014536304416419527
2023-02-01,^GSPC,4119.2099609375,0.010452303944590291,0.01039805629688473
2023-02-02,^GSPC,4179.759765625,0.014699373244309921,0.014592384626854379
2023-02-03,^GSPC,4136.47998046875,-0.010354610691310495,-0.010408592637285455
2023-02-06,^GSPC,4111.080078125,-0.006140463017754394,-0.006159393193939262
2023-02-07,^GSPC,4164.0,0.01287251059802652,0.012790364037397075
2023-02-08,^GSPC,4117.85986328125,-0.011080724476164705,-0.011142573012411353
2023-02-09,^GSPC,4081.5,-0.00882979617773516,-0.008869009831037385
2023-02-10,^GSPC,4090.4599609375,0.0021952617756952897,0.0021928557092171274
2023-02-13,^GSPC,4137.2900390625,0.011448609342766147,0.011383569951155146
2023-02-14,^GSPC,4136.1298828125,-0.0002804145319874607,-0.0002804538554937624
2023-02-15,^GSPC,4147.60009765625,0.002773175690496066,0.002769337533076689
2023-02-16,^GSPC,4090.409912109375,-0.013788741489130674,-0.013884689204881605
2023-02-17,^GSPC,4079.090087890625,-0.002767405825327751,-0.0027712421722827342
2023-02-21,^GSPC,3997.340087890625,-0.020041234255327334,-0.020244783973471698
2023-02-22,^GSPC,3991.050048828125,-0.0015735561458868341,-0.0015747954856433837
2023-02-23,^GSPC,4012.320068359375,0.005329429416074394,0.005315278263237728
2023-02-24,^GSPC,3970.0400390625,-0.010537551485558128,-0.010593464619774184
2023-02-27,^GSPC,3982.239990234375,0.0030730045671669703,0.0030682925395522777
2023-02-28,^GSPC,3970.14990234375,-0.0030360018281855305,-0.0030406198309477117
2023-03-01,^GSPC,3951.389892578125,-0.004725264845680033,-0.004736464203492832
2023-03-02,^GSPC,3981.35009765625,0.0075821940867943916,0.0075535937311959735
2023-03-03,^GSPC,4045.639892578125,0.0161477371607488,0.01601874917648306
2023-03-06,^GSPC,4048.419921875,0.0006871667698291617,0.0006869307788483012
2023-03-07,^GSPC,3986.3701171875,-0.015326919115337678,-0.015445590479262547
2023-03-08,^GSPC,3992.010009765625,0.0014147940136839399,0.0014137941356032722
2023-03-09,^GSPC,3918.320068359375,-0.01845935787384867,-0.018631857945482354
2023-03-10,^GSPC,3861.590087890625,-0.01447813845705137,-0.01458396943606664
2023-03-13,^GSPC,3855.760009765625,-0.001509761003189447,-0.001510901840738768
2023-03-14,^GSPC,3919.2900390625,0.016476655480623936,0.016342388235363665
2023-03-15,^GSPC,3891.929931640625,-0.00698088356543769,-0.007005363929353597
2023-03-16,^GSPC,3960.280029296875,0.017562006217166637,0.017409576249031722
2023-03-17,^GSPC,3916.639892578125,-0.011019457310067593,-0.011080621273953702
2023-03-20,^GSPC,3951.570068359375,0.008918403718310097,0.008878869635940853
2023-03-21,^GSPC,4002.8701171875,0.012982193897784988,0.012898647518559103
2023-03-22,^GSPC,3936.969970703125,-0.01646322377571363,-0.016600248639842885
2023-03-23,^GSPC,3948.719970703125,0.0029845287333754023,0.0029800838691824228
2023-03-24,^GSPC,3970.989990234375,0.005639807253104534,0.005623963084303207
2023-03-27,^GSPC,3977.530029296875,0.0016469543057482383,0.0016455995637670831
2023-03-28,^GSPC,3971.27001953125,-0.0015738434957162095,-0.0015750832883878866
2023-03-29,^GSPC,4027.81005859375,0.014237268879836451,0.014136870775046802
2023-03-30,^GSPC,4050.830078125,0.005715269388667954,0.005698999199482652
2023-03-31,^GSPC,4109.31005859375,0.014436542471763847,0.014333327782036555
2023-04-03,^GSPC,4124.509765625,0.0036988464765423945,0.003692022565802823
2023-04-04,^GSPC,4100.60009765625,-0.005796972083329965,-0.005813839745162529
2023-04-05,^GSPC,4090.3798828125,-0.002492370531228194,-0.002495481657121423
2023-04-06,^GSPC,4105.02001953125,0.0035791630944272956,0.0035727731328032467
2023-04-10,^GSPC,4109.10986328125,0.0009963029974375814,0.0009958070170100843
2023-04-11,^GSPC,4108.93994140625,-4.1352477946232646e-05,-4.135333298352082e-05
2023-04-12,^GSPC,4091.949951171875,-0.004134884052006904,-0.0041434563234613855
2023-04-13,^GSPC,4146.22021484375,0.01326268999363811,0.013175510497831548
2023-04-14,^GSPC,4137.64013671875,-0.0020693734728036706,-0.0020715175845779886
2023-04-17,^GSPC,4151.31982421875,0.00330615690296554,0.0033007035826147536
2023-04-18,^GSPC,4154.8701171875,0.0008552202959737354,0.0008548548034659753
2023-04-19,^GSPC,4154.52001953125,-8.42619976980652e-05,-8.426554793962826e-05
2023-04-20,^GSPC,4129.7900390625,-0.00595254815297297,-0.005970335188311131
2023-04-21,^GSPC,4133.52001953125,0.0009031888869577287,0.0009027812573008861
2023-04-24,^GSPC,4137.0400390625,0.0008515791660903549,0.0008512167782723126
2023-04-25,^GSPC,4071.6298828125,-0.015810858882773227,-0.01593718381857645
2023-04-26,^GSPC,4055.989990234375,-0.003841187197329843,-0.0038485835033448754
2023-04-27,^GSPC,4135.35009765625,0.01956614972249704,0.019377193402696356
2023-04-28,^GSPC,4169.47998046875,0.008253202753460531,0.008219331313243467
2023-05-01,^GSPC,4167.8701171875,-0.0003861064902076494,-0.0003861810485107871
2023-05-02,^GSPC,4119.580078125,-0.011586262936400304,-0.011653906680571788
2023-05-03,^GSPC,4090.75,-0.006998305064656485,-0.007022908054892971
2023-05-04,^GSPC,4061.219970703125,-0.007218732334382416,-0.007244913455062742
2023-05-05,^GSPC,4136.25,0.018474751389515376,0.018306166381879797
2023-05-08,^GSPC,4138.1201171875,0.0004521286642489297,0.0004520264848820656
2023-05-09,^GSPC,4119.169921875,-0.004579421277258522,-0.004589938949059595
2023-05-10,^GSPC,4137.64013671875,0.004483965263404999,0.004473942241914432
2023-05-11,^GSPC,4130.6201171875,-0.0016966239932159066,-0.0016980648897067581
2023-05-12,^GSPC,4124.080078125,-0.0015833068345566526,-0.0015845615894390477
2023-05-15,^GSPC,4136.27978515625,0.0029581644391338813,0.002953797680316935
2023-05-16,^GSPC,4109.89990234375,-0.006377683373153031,-0.006398107681917463
2023-05-17,^GSPC,4158.77001953125,0.011890829058788244,0.011820688622071574
2023-05-18,^GSPC,4198.0498046875,0.009445048649426635,0.009400723063727155
2023-05-19,^GSPC,4191.97998046875,-0.0014458676054706077,-0.0014469138806754414
2023-05-22,^GSPC,4192.6298828125,0.0001550346964389604,0.00015502267980239146
2023-05-23,^GSPC,4145.580078125,-0.011222026747550129,-0.011285468768284297
2023-05-24,^GSPC,4115.240234375,-0.007318600335353365,-0.007345512678305211
2023-05-25,^GSPC,4151.27978515625,0.008757581265902425,0.008719456079011883
2023-05-26,^GSPC,4205.4501953125,0.01304908677799732,0.012964680931640788
2023-05-30,^GSPC,4205.52001953125,1.660326849850513e-05,1.660313066576836e-05
2023-05-31,^GSPC,4179.830078125,-0.006108624209833935,-0.006127358186214099
2023-06-01,^GSPC,4221.02001953125,0.009854453563032717,0.009806215085853812
2023-06-02,^GSPC,4282.3701171875,0.014534424705965554,0.014429812390107408
2023-06-05,^GSPC,4273.7900390625,-0.0020035816359177394,-0.002005591490657713
2023-06-06,^GSPC,4283.85009765625,0.0023538963079141606,0.002351130233850576
2023-06-07,^GSPC,4267.52001953125,-0.0038120096998572883,-0.003819293926420617
2023-06-08,^GSPC,4293.93017578125,0.0061886426142414575,0.00616957160752325
2023-06-09,^GSPC,4298.85986328125,0.001148059539441082,0.0011474010230505239
2023-06-12,^GSPC,4338.93017578125,0.009321148810237156,0.00927797498175416
2023-06-13,^GSPC,4369.009765625,0.006932489951473775,0.006908570725908898
2023-06-14,^GSPC,4372.58984375,0.0008194255259321714,0.0008190899801265841
2023-06-15,^GSPC,4425.83984375,0.01217813742034668,0.012104580493589997
2023-06-16,^GSPC,4409.58984375,-0.0036716195284263176,-0.0036783764677510893
2023-06-20,^GSPC,4388.7099609375,-0.0047351076976228645,-0.004746353835236048
2023-06-21,^GSPC,4365.68994140625,-0.005245281583003636,-0.005259086366925201
2023-06-22,^GSPC,4381.89013671875,0.003710798414438443,0.0037039303873345254
2023-06-23,^GSPC,4348.330078125,-0.007658808766684566,-0.007688288056502158
2023-06-26,^GSPC,4328.81982421875,-0.004486838293256468,-0.004496934363132171
2023-06-27,^GSPC,4378.41015625,0.011455854954693034,0.01139073352418076
2023-06-28,^GSPC,4376.85986328125,-0.00035407668843834283,-0.0003541393883898215
2023-06-29,^GSPC,4396.43994140625,0.004473544672805918,0.00446356811449
2023-06-30,^GSPC,4450.3798828125,0.012269004495714109,0.0121943502618858
2023-07-03,^GSPC,4455.58984375,0.0011706778016009611,0.0011699930926736418
2023-07-05,^GSPC,4446.81982421875,-0.0019683184132291975,-0.0019702580976127164
2023-07-06,^GSPC,4411.58984375,-0.007922511336500904,-0.007954061175894762
2023-07-07,^GSPC,4398.9501953125,-0.0028651005386203243,-0.002869212795733482
2023-07-10,^GSPC,4409.52978515625,0.002405026057131332,0.002402138610626312
2023-07-11,^GSPC,4439.259765625,0.0067422110558885695,0.006719583998254874
2023-07-12,^GSPC,4472.16015625,0.007411233485312474,0.007383905235389679
2023-07-13,^GSPC,4510.0400390625,0.008470153458069118,0.008434482989627111
2023-07-14,^GSPC,4505.419921875,-0.0010244071333035398,-0.001024932196907484
2023-07-17,^GSPC,4522.7900390625,0.0038553825145495324,0.0038479695744204137
2023-07-18,^GSPC,4554.97998046875,0.007117275205842377,0.007092066941428338
2023-07-19,^GSPC,4565.72021484375,0.002357910335732072,0.002355134827233639
2023-07-20,^GSPC,4534.8701171875,-0.006756896218903741,-0.006779827396257691
2023-07-21,^GSPC,4536.33984375,0.0003240945218980773,0.0003240420146130911
2023-07-24,^GSPC,4554.64013671875,0.004034153877153557,0.004026038496874852
2023-07-25,^GSPC,4567.4599609375,0.002814673351556163,0.0028107195758387046
2023-07-26,^GSPC,4566.75,-0.00015543889679858758,-0.00015545097867591856
2023-07-27,^GSPC,4537.41015625,-0.006424666064487883,-0.006445393055197076
2023-07-28,^GSPC,4582.22998046875,0.009877842794752345,0.009829375810433848
2023-07-31,^GSPC,4588.9599609375,0.0014687129405193122,0.0014676354365687912
2023-08-01,^GSPC,4576.72998046875,-0.002665087639215691,-0.0026686453076827116
2023-08-02,^GSPC,4513.39013671875,-0.013839541336347905,-0.013936200638336184
2023-08-03,^GSPC,4501.89013671875,-0.0025479738404268204,-0.0025512254502915274
2023-08-04,^GSPC,4478.02978515625,-0.005300074155050516,-0.0053141693739379705
2023-08-07,^GSPC,4518.43994140625,0.00902409277936278,0.008983618964856572
2023-08-08,^GSPC,4499.3798828125,-0.004218283044793103,-0.004227205100058866
2023-08-09,^GSPC,4467.7099609375,-0.007038730380597102,-0.007063619102045116
2023-08-10,^GSPC,4468.830078125,0.00025071394456976925,0.00025068252108086326
2023-08-11,^GSPC,4464.0498046875,-0.0010696923700230787,-0.0010702648992294865
2023-08-14,^GSPC,4489.72021484375,0.005750475751703066,0.005734004879419051
2023-08-15,^GSPC,4437.85986328125,-0.011550909428841738,-0.011618139396096483
2023-08-16,^GSPC,4404.330078125,-0.007555395210577687,-0.007584081792624527
2023-08-17,^GSPC,4370.35986328125,-0.007712913029036983,-0.0077428113775290805
2023-08-18,^GSPC,4369.7099609375,-0.00014870682600087726,-0.00014871788395720285
2023-08-21,^GSPC,4399.77001953125,0.006879188518795987,0.006855634859799785
2023-08-22,^GSPC,4387.5498046875,-0.002777466728829614,-0.0027813310465456837
2023-08-23,^GSPC,4436.009765625,0.011044879965972587,0.010984330710791359
2023-08-24,^GSPC,4376.31005859375,-0.013457974663146133,-0.01354935398400801
2023-08-25,^GSPC,4405.7099609375,0.006717966037625089,0.006695501060295156
2023-08-28,^GSPC,4433.31005859375,0.006264619755036449,0.006245078594196461
2023-08-29,^GSPC,4497.6298828125,0.01450830719454621,0.014404068712056505
2023-08-30,^GSPC,4514.8701171875,0.003833182103508026,0.003825854181192944
2023-08-31,^GSPC,4507.66015625,-0.0015969365120942491,-0.0015982129743398576
2023-09-01,^GSPC,4515.77001953125,0.0017991292600010311,0.001797512765518541
2023-09-05,^GSPC,4496.830078125,-0.004194177587506065,-0.004202997821381205
2023-09-06,^GSPC,4465.47998046875,-0.006971599351452862,-0.006996014491432261
2023-09-07,^GSPC,4451.14013671875,-0.0032112659361860363,-0.003216433115732967
2023-09-08,^GSPC,4457.490234375,0.0014266227216406246,0.0014256060622570594
2023-09-11,^GSPC,4487.4599609375,0.006723453106275201,0.006700951498135517
2023-09-12,^GSPC,4461.89990234375,-0.005695885604828921,-0.005712169023003997
2023-09-13,^GSPC,4467.43994140625,0.0012416323054647016,0.0012408621175346041
2023-09-14,^GSPC,4505.10009765625,0.00842991886716793,0.00839458553366625
2023-09-15,^GSPC,4450.31982421875,-0.012159612938677844,-0.012234145842493929
2023-09-18,^GSPC,4453.52978515625,0.0007212876971294246,0.0007210276941755188
2023-09-19,^GSPC,4443.9501953125,-0.002151010615372817,-0.0021533273615331264
2023-09-20,^GSPC,4402.2001953125,-0.0093947947580596,-0.009439204206291041
2023-09-21,^GSPC,4330.0,-0.01640093410321941,-0.016536918318488084
2023-09-22,^GSPC,4320.06005859375,-0.002295598477193961,-0.0022982374027607495
2023-09-25,^GSPC,4337.43994140625,0.0040230650909416354,0.0040149942038066174
2023-09-26,^GSPC,4273.52978515625,-0.014734533990868215,-0.014844165482264943
2023-09-27,^GSPC,4274.509765625,0.00022931406074522265,0.00022928777229479233
2023-09-28,^GSPC,4299.7001953125,0.005893173970516585,0.005875877143000698
2023-09-29,^GSPC,4288.0498046875,-0.002709582086142026,-0.002713259648289315
2023-10-02,^GSPC,4288.39013671875,7.936755559079245e-05,7.936440615299324e-05
2023-10-03,^GSPC,4229.4501953125,-0.013744071674259506,-0.013839395863449198
2023-10-04,^GSPC,4263.75,0.008109754957160709,0.008077047607828946
2023-10-05,^GSPC,4258.18994140625,-0.001304030159777203,-0.0013048811469951228
2023-10-06,^GSPC,4308.5,0.011814893014644445,0.011745642093961117
2023-10-09,^GSPC,4335.66015625,0.00630385429964031,0.006284068119387409
2023-10-10,^GSPC,4358.240234375,0.005207990781392224,0.005194476099985354
2023-10-11,^GSPC,4376.9501953125,0.00429300817103373,0.004283819500095073
2023-10-12,^GSPC,4349.60986328125,-0.00624643434611849,-0.006266024940654918
2023-10-13,^GSPC,4327.77978515625,-0.005018858888767519,-0.005031495660219892
2023-10-16,^GSPC,4373.6298828125,0.01059436938392988,0.010538642302589985
2023-10-17,^GSPC,4373.2001953125,-9.824505308242415e-05,-9.824987944376507e-05
2023-10-18,^GSPC,4314.60009765625,-0.013399820506516447,-0.013490408251151898
2023-10-19,^GSPC,4278.0,-0.008482848196321058,-0.008519032328057976
2023-10-20,^GSPC,4224.16015625,-0.012585283719027562,-0.012665149196155915
2023-10-23,^GSPC,4217.0400390625,-0.0016855698941634634,-0.0016869920654349177
2023-10-24,^GSPC,4247.68017578125,0.007265792222727274,0.0072395235196288195
2023-10-25,^GSPC,4186.77001953125,-0.014339628627712542,-0.014443434657238052
2023-10-26,^GSPC,4137.22998046875,-0.011832519778109618,-0.011903081205584871
2023-10-27,^GSPC,4117.3701171875,-0.004800280229768528,-0.00481183857862075
2023-10-30,^GSPC,4166.81982421875,0.012010022325859904,0.011938474300285915
2023-10-31,^GSPC,4193.7998046875,0.006474957307233353,0.006454084821688244
2023-11-01,^GSPC,4237.85986328125,0.010505999486313922,0.010451194990191868
2023-11-02,^GSPC,4317.77978515625,0.01885855702012762,0.018682938934086474
2023-11-03,^GSPC,4358.33984375,0.009393730253031363,0.00934988354455146
2023-11-06,^GSPC,4365.97998046875,0.0017529924220356374,0.0017514577241005862
2023-11-07,^GSPC,4378.3798828125,0.0028401189192852616,0.0028360934017119537
2023-11-08,^GSPC,4382.77978515625,0.0010049156221052513,0.0010044110324198868
2023-11-09,^GSPC,4347.35009765625,-0.008083839306732843,-0.008116690699068705
2023-11-10,^GSPC,4415.240234375,0.015616441094852496,0.015495759270772258
2023-11-13,^GSPC,4411.5498046875,-0.0008358389332403515,-0.0008361884413700847
2023-11-14,^GSPC,4495.7001953125,0.019075017703661823,0.01889537047457725
2023-11-15,^GSPC,4502.8798828125,0.0015970120755575135,0.0015957382078471765
2023-11-16,^GSPC,4508.240234375,0.0011904273935798848,0.0011897193967137305
2023-11-17,^GSPC,4514.02001953125,0.0012820490603360213,0.0012812279371779871
2023-11-20,^GSPC,4547.3798828125,0.007390278097329839,0.007363103793795633
2023-11-21,^GSPC,4538.18994140625,-0.0020209310950652926,-0.002022975931757968
2023-11-22,^GSPC,4556.6201171875,0.00406112922094648,0.004052905094313324
2023-11-24,^GSPC,4559.33984375,0.0005968736678840791,0.0005966956096450322
2023-11-27,^GSPC,4550.43017578125,-0.001954157460090089,-0.0019560693168983586
2023-11-28,^GSPC,4554.89013671875,0.0009801185306033133,0.0009796385280502918
2023-11-29,^GSPC,4550.580078125,-0.0009462486392383118,-0.0009466966151019382
2023-11-30,^GSPC,4567.7998046875,0.0037840728581564065,0.003776931264994605
2023-12-01,^GSPC,4594.6298828125,0.005873742123607695,0.005856558953846637
2023-12-04,^GSPC,4569.77978515625,-0.005408509126972105,-0.005423188063826943
2023-12-05,^GSPC,4567.18017578125,-0.0005688697261614362,-0.0005690315939348026
2023-12-06,^GSPC,4549.33984375,-0.003906202808869552,-0.003913851944943747
2023-12-07,^GSPC,4585.58984375,0.007968189065892917,0.007936610684821922
2023-12-08,^GSPC,4604.3701171875,0.00409549786994079,0.0040871341465037936
2023-12-11,^GSPC,4622.43994140625,0.003924494286698943,0.003916813547781492
2023-12-12,^GSPC,4643.7001953125,0.00459935752021523,0.0045888127956924
2023-12-13,^GSPC,4707.08984375,0.013650676351045998,0.01355834517501981
2023-12-14,^GSPC,4719.5498046875,0.0026470624846992585,0.002643565185154432
2023-12-15,^GSPC,4719.18994140625,-7.62494933082003e-05,-7.625240044859478e-05
2023-12-18,^GSPC,4740.56005859375,0.004528344366900416,0.004518122263400515
2023-12-19,^GSPC,4768.3701171875,0.005866407818910568,0.005849267450818904
2023-12-20,^GSPC,4698.35009765625,-0.014684266911006771,-0.014793147965305628
2023-12-21,^GSPC,4746.75,0.010301467821202559,0.010248769307271876
2023-12-22,^GSPC,4754.6298828125,0.0016600585268868873,0.0016586821527610754
2023-12-26,^GSPC,4774.75,0.0042316894655107795,0.004222761046978559
2023-12-27,^GSPC,4781.580078125,0.0014304577464787638,0.0014294356164229985
2023-12-28,^GSPC,4783.35009765625,0.0003701746080437829,0.0003701061103271183
2023-12-29,^GSPC,4769.830078125,-0.0028264750133749628,-0.0028304770367338357
2024-01-02,^GSPC,4742.830078125,-0.005660579005492328,-0.005676660799723162
2024-01-03,^GSPC,4704.81005859375,-0.008016314922730805,-0.008048618327197648
2024-01-04,^GSPC,4688.68017578125,-0.0034283812973570083,-0.003434271663317429
2024-01-05,^GSPC,4697.240234375,0.0018256861788026324,0.0018240216394339805
2024-01-08,^GSPC,4763.5400390625,0.014114629309846638,0.014015945436353141
2024-01-09,^GSPC,4756.5,-0.0014779006799081618,-0.0014789938523175842
2024-01-10,^GSPC,4783.4501953125,0.00566597189372442,0.005649980650495912
2024-01-11,^GSPC,4780.240234375,-0.0006710555783868699,-0.0006712808369611647
2024-01-12,^GSPC,4783.830078125,0.0007509755941104146,0.0007506937530339595
2024-01-16,^GSPC,4765.97998046875,-0.0037313402367431525,-0.0037383190523568345
2024-01-17,^GSPC,4739.2099609375,-0.005616897183990499,-0.005632731271107821
2024-01-18,^GSPC,4780.93994140625,0.008805260963896,0.008766720726243148
2024-01-19,^GSPC,4839.81005859375,0.012313502764936146,0.012238308232548512
2024-01-22,^GSPC,4850.43017578125,0.0021943252026270788,0.0021919211872316853
2024-01-23,^GSPC,4864.60009765625,0.002921374261968035,0.002917115340764486
2024-01-24,^GSPC,4868.5498046875,0.0008119284117831249,0.0008115989762168653
2024-01-25,^GSPC,4894.16015625,0.005260365527706368,0.00524657813497798
2024-01-26,^GSPC,4890.97021484375,-0.0006517852510764532,-0.0006519977554263648
2024-01-29,^GSPC,4927.93017578125,0.007556774896180896,0.007528365505246204
2024-01-30,^GSPC,4924.97021484375,-0.0006006499345398986,-0.0006008303969786162
2024-01-31,^GSPC,4845.64990234375,-0.016105744611597972,-0.016236851740733683
2024-02-01,^GSPC,4906.18994140625,0.012493688211609788,0.012416286114049784
2024-02-02,^GSPC,4958.60986328125,0.01068444607751462,0.01062777072263312
2024-02-05,^GSPC,4942.81005859375,-0.0031863375266721894,-0.0031914247092839714
2024-02-06,^GSPC,4954.22998046875,0.0023104108269635937,0.0023077459317481074
2024-02-07,^GSPC,4995.06005859375,0.008241457963390042,0.008207682594008628
2024-02-08,^GSPC,4997.91015625,0.0005705832608251526,0.000570420540090595
2024-02-09,^GSPC,5026.60986328125,0.0057423415255595245,0.0057259171287955156
2024-02-12,^GSPC,5021.83984375,-0.0009489536011326738,-0.0009494041426524416
2024-02-13,^GSPC,4953.169921875,-0.013674255653625456,-0.013768609419845444
2024-02-14,^GSPC,5000.6201171875,0.009579763275017639,0.009534168304216807
2024-02-15,^GSPC,5029.72998046875,0.005821250684729495,0.00580437267404004
2024-02-16,^GSPC,5005.56982421875,-0.0048034698371121065,-0.0048150435759610425
2024-02-20,^GSPC,4975.509765625,-0.006005322001165325,-0.0060234264658172495
2024-02-21,^GSPC,4981.7998046875,0.001264199922982101,0.0012634014951035982
2024-02-22,^GSPC,5087.02978515625,0.02112288421741404,0.02090288866640342
2024-02-23,^GSPC,5088.7998046875,0.0003479475462115911,0.000347887026502183
2024-02-26,^GSPC,5069.52978515625,-0.003786751350190576,-0.003793939244668484
2024-02-27,^GSPC,5078.18017578125,0.0017063496993998672,0.001704895538720964
2024-02-28,^GSPC,5069.759765625,-0.001658155060430544,-0.001659531321112244
2024-02-29,^GSPC,5096.27001953125,0.005229094697149161,0.0052154704557999644
2024-03-01,^GSPC,5137.080078125,0.00800782894888763,0.007975936433387976
2024-03-04,^GSPC,5130.9501953125,-0.0011932620709189656,-0.0011939745749630112
2024-03-05,^GSPC,5078.64990234375,-0.010193100883444606,-0.010245406275917994
2024-03-06,^GSPC,5104.759765625,0.005141103203274655,0.005127932853001643
2024-03-07,^GSPC,5157.35986328125,0.010304127925951478,0.010251402284983627
2024-03-08,^GSPC,5123.68994140625,-0.0065285190034379825,-0.006549922992050337
2024-03-11,^GSPC,5117.93994140625,-0.001122238087346461,-0.0011228682680281005
2024-03-12,^GSPC,5175.27001953125,0.011201787981366396,0.011139512586668012
2024-03-13,^GSPC,5165.31005859375,-0.0019245297153407392,-0.0019263840021219723
2024-03-14,^GSPC,5150.47998046875,-0.0028710915621273925,-0.002875221051495188
2024-03-15,^GSPC,5117.08984375,-0.006482917484461503,-0.0065040228597376655
2024-03-18,^GSPC,5149.419921875,0.006318059504952345,0.006298184238480456
2024-03-19,^GSPC,5178.509765625,0.0056491496501236416,0.00563325304434312
2024-03-20,^GSPC,5224.6201171875,0.008904173912846591,0.008864765516360184
2024-03-21,^GSPC,5241.52978515625,0.0032365354015160275,0.003231309094528888
2024-03-22,^GSPC,5234.18017578125,-0.0014021878490156903,-0.0014031718343267125
2024-03-25,^GSPC,5218.18994140625,-0.0030549644525015296,-0.0030596403820319297
2024-03-26,^GSPC,5203.580078125,-0.002799795225030266,-0.002803721982805726
2024-03-27,^GSPC,5248.490234375,0.008630626525532925,0.008593595582706042
2024-03-28,^GSPC,5254.35009765625,0.0011164855071790214,0.0011158627007616052
2024-04-01,^GSPC,5243.77001953125,-0.0020135845401164643,-0.0020156145269577246
2024-04-02,^GSPC,5205.81005859375,-0.0072390590731691296,-0.007265388203672426
2024-04-03,^GSPC,5211.490234375,0.001091122364688113,0.001090527523337898
2024-04-04,^GSPC,5147.2099609375,-0.012334336350379616,-0.01241103561926225
2024-04-05,^GSPC,5204.33984375,0.011099194174331695,0.011038050135699558
2024-04-08,^GSPC,5202.39013671875,-0.00037463099831791524,-0.0003747011900415767
2024-04-09,^GSPC,5209.91015625,0.0014454931932483817,0.0014444494736345207
2024-04-10,^GSPC,5160.64013671875,-0.009456980649108493,-0.009501981832212592
2024-04-11,^GSPC,5199.06005859375,0.007444797710585593,0.007417221983342437
2024-04-12,^GSPC,5123.41015625,-0.01455068829580164,-0.014657587802248536
2024-04-15,^GSPC,5061.81982421875,-0.01202135494776202,-0.012094195787459195
2024-04-16,^GSPC,5051.41015625,-0.0020565070133361507,-0.0020586245275039964
2024-04-17,^GSPC,5022.2099609375,-0.005780602724641426,-0.005797375076004185
2024-04-18,^GSPC,5011.1201171875,-0.002208160119998248,-0.0022106017004853043
2024-04-19,^GSPC,4967.22998046875,-0.00875854812743615,-0.008797129654056974
2024-04-22,^GSPC,5010.60009765625,0.008731248071466746,0.00869335115683908
2024-04-23,^GSPC,5070.5498046875,0.011964576270872662,0.01189356656772209
2024-04-24,^GSPC,5071.6298828125,0.0002130100613548791,0.00021298737793290078
2024-04-25,^GSPC,5048.419921875,-0.004576430353515626,-0.0045869342701194095
2024-04-26,^GSPC,5099.9599609375,0.01020914263474304,0.010157381332325343
2024-04-29,^GSPC,5116.169921875,0.0031784486665891176,0.0031734080766393944
2024-04-30,^GSPC,5035.68994140625,-0.01573051358686217,-0.015855551118928123
2024-05-01,^GSPC,5018.39013671875,-0.0034354388154940185,-0.0034413534856316866
2024-05-02,^GSPC,5064.2001953125,0.009128437077573048,0.009087024725084856
2024-05-03,^GSPC,5127.7900390625,0.012556739721478527,0.012478557659508005
2024-05-06,^GSPC,5180.740234375,0.01032612390701182,0.010273173691247842
2024-05-07,^GSPC,5187.7001953125,0.0013434298232750663,0.0013425282288256131
2024-05-08,^GSPC,5187.669921875,-5.835618166138978e-06,-5.835635193424912e-06
2024-05-09,^GSPC,5214.080078125,0.005090947698625836,0.005078032639106711
2024-05-10,^GSPC,5222.68017578125,0.001649398844549843,0.001648040080166728
2024-05-13,^GSPC,5221.419921875,-0.00024130405535727206,-0.00024133317386520824
2024-05-14,^GSPC,5246.68017578125,0.004837813139759728,0.004826148527454041
2024-05-15,^GSPC,5308.14990234375,0.011715927882596233,0.01164782778729962
2024-05-16,^GSPC,5297.10009765625,-0.0020816677921287052,-0.0020838374740880464
2024-05-17,^GSPC,5303.27001953125,0.0011647735102702228,0.0011640956878937513
2024-05-20,^GSPC,5308.1298828125,0.0009163899374069473,0.0009159703084911664
2024-05-21,^GSPC,5321.41015625,0.002501874243978186,0.0024987497668926086
2024-05-22,^GSPC,5307.009765625,-0.002706123039226127,-0.0027097912093521476
2024-05-23,^GSPC,5267.83984375,-0.0073807894850155265,-0.007408162283471933
2024-05-24,^GSPC,5304.72021484375,0.0070010425881694704,0.0069766490766732595
2024-05-28,^GSPC,5306.0400390625,0.0002488018529340774,0.00024877090688591537
2024-05-29,^GSPC,5266.9501953125,-0.007367046509680453,-0.007394317215742535
2024-05-30,^GSPC,5235.47998046875,-0.005975035585443322,-0.005992957535754186
2024-05-31,^GSPC,5277.509765625,0.00802787620486467,0.007995824231928897
2024-06-03,^GSPC,5283.39990234375,0.0011160825806737495,0.0011154602235352391
2024-06-04,^GSPC,5291.33984375,0.0015028090913065117,0.0015016810037827531
2024-06-05,^GSPC,5354.02978515625,0.011847649793331305,0.011778015849957281
2024-06-06,^GSPC,5352.9599609375,-0.00019981663563317653,-0.00019983660163685183
2024-06-07,^GSPC,5346.990234375,-0.0011152197300303701,-0.0011158420502790662
2024-06-10,^GSPC,5360.7900390625,0.0025808546645145203,0.002577529978240972
2024-06-11,^GSPC,5375.31982421875,0.0027103813151374556,0.0027067148552095224
2024-06-12,^GSPC,5421.02978515625,0.008503672791998707,0.008467720241887338
2024-06-13,^GSPC,5433.740234375,0.0023446558536817097,0.00234191143711672
2024-06-14,^GSPC,5431.60009765625,-0.000393860697500914,-0.00039393828099749413
2024-06-17,^GSPC,5473.22998046875,0.007664386564552705,0.007635164372320518
2024-06-18,^GSPC,5487.02978515625,0.0025213273947457537,0.0025181541815171163
2024-06-20,^GSPC,5473.169921875,-0.0025259318472709014,-0.0025291273954115403
2024-06-21,^GSPC,5464.6201171875,-0.001562130321101196,-0.0015633517188252497
2024-06-24,^GSPC,5447.8701171875,-0.003065171894990004,-0.0030698791558664423
2024-06-25,^GSPC,5469.2998046875,0.003933590015736899,0.003925873679181344
2024-06-26,^GSPC,5477.89990234375,0.0015724312002203256,0.0015711962247204525
2024-06-27,^GSPC,5482.8701171875,0.0009073212238914774,0.0009069098567990731
2024-06-28,^GSPC,5460.47998046875,-0.004083652583445674,-0.0040920134623695995
2024-07-01,^GSPC,5475.08984375,0.0026755639309195,0.0026719909814295235
2024-07-02,^GSPC,5509.009765625,0.006195317856513505,0.0061762057711850496
2024-07-03,^GSPC,5537.02001953125,0.005084444409779065,0.0050715622695336636
2024-07-05,^GSPC,5567.18994140625,0.005448765178485582,0.00543397436096954
2024-07-08,^GSPC,5572.85009765625,0.0010166989647510949,0.0010161824764044329
2024-07-09,^GSPC,5576.97998046875,0.0007410719362856977,0.0007407974780654752
2024-07-10,^GSPC,5633.91015625,0.010208065293514812,0.010156314878105886
2024-07-11,^GSPC,5584.5400390625,-0.008763028841120457,-0.008801649969266724
2024-07-12,^GSPC,5615.35009765625,0.0055170270744306915,0.00550186402496512
2024-07-15,^GSPC,5631.22021484375,0.0028262026252154904,0.0028222164233526843
2024-07-16,^GSPC,5667.2001953125,0.006389375498743188,0.0063690499714532745
2024-07-17,^GSPC,5588.27001953125,-0.013927543241993745,-0.014025441523645543
2024-07-18,^GSPC,5544.58984375,-0.007816403936922511,-0.007847112145350072
2024-07-19,^GSPC,5505.0,-0.007140265531926926,-0.007165879226406085
2024-07-22,^GSPC,5564.41015625,0.01079203564940956,0.010734217246220293
2024-07-23,^GSPC,5555.740234375,-0.001558102589770738,-0.0015593176939461904
2024-07-24,^GSPC,5427.1298828125,-0.02314909375473495,-0.02342124222289286
2024-07-25,^GSPC,5399.22021484375,-0.005142620237842288,-0.005155889019717259
2024-07-26,^GSPC,5459.10009765625,0.011090468702846357,0.011029420409570924
2024-07-29,^GSPC,5463.5400390625,0.0008133101292933098,0.0008129795718284517
2024-07-30,^GSPC,5436.43994140625,-0.004960171878030217,-0.0049725143613676215
2024-07-31,^GSPC,5522.2998046875,0.0157933986591674,0.015669980701917767
2024-08-01,^GSPC,5446.68017578125,-0.013693502993456064,-0.013788123791990166
2024-08-02,^GSPC,5346.56005859375,-0.018381860868696753,-0.01855290660855327
2024-08-05,^GSPC,5186.330078125,-0.02996879838863975,-0.0304270413923931
2024-08-06,^GSPC,5240.02978515625,0.010354085880061037,0.010300849493599515
2024-08-07,^GSPC,5199.5,-0.007734647858502863,-0.007764715388769489
2024-08-08,^GSPC,5319.31005859375,0.023042611519136447,0.02278113959089888
2024-08-09,^GSPC,5344.16015625,0.004671676849538509,0.004660798434381699
2024-08-12,^GSPC,5344.39013671875,4.303397765514916e-05,4.30330517200971e-05
2024-08-13,^GSPC,5434.43017578125,0.016847579753558328,0.016707233419049988
2024-08-14,^GSPC,5455.2099609375,0.0038237284285767004,0.00381643656119841
2024-08-15,^GSPC,5543.22021484375,0.016133247764330783,0.01600448993130413
2024-08-16,^GSPC,5554.25,0.001989779357261412,0.0019878023683961516
2024-08-19,^GSPC,5608.25,0.009722284736913167,0.009675327436177775
2024-08-20,^GSPC,5597.1201171875,-0.0019845553982971165,-0.001986527237609709
2024-08-21,^GSPC,5620.85009765625,0.004239676828782013,0.004230714721006796
2024-08-22,^GSPC,5570.64013671875,-0.008932805548120926,-0.00897294225665722
2024-08-23,^GSPC,5634.60986328125,0.01148337085011919,0.01141793740166443
2024-08-26,^GSPC,5616.83984375,-0.0031537266931381813,-0.0031587101696058145
2024-08-27,^GSPC,5625.7998046875,0.0015951960865450143,0.0015939251127232035
2024-08-28,^GSPC,5592.18017578125,-0.00597597320797616,-0.005993900794735212
2024-08-29,^GSPC,5591.9599609375,-3.937906806072977e-05,-3.937984343658622e-05
2024-08-30,^GSPC,5648.39990234375,0.010093051774424433,0.010042457079144168
2024-09-03,^GSPC,5528.93017578125,-0.02115107439771169,-0.021377963372397696
2024-09-04,^GSPC,5520.06982421875,-0.0016025435809103872,-0.0016038290273809634
2024-09-05,^GSPC,5503.41015625,-0.003018017615584734,-0.003022581014674196
2024-09-06,^GSPC,5408.419921875,-0.01726024985928465,-0.017410944507424406
2024-09-09,^GSPC,5471.0498046875,0.0115800702824842,0.011513534435818254
2024-09-10,^GSPC,5495.52001953125,0.004472672652839682,0.004462699977793541
2024-09-11,^GSPC,5554.1298828125,0.010665025888896507,0.01060855564984334
2024-09-12,^GSPC,5595.759765625,0.007495302358939249,0.00746735215680267
2024-09-13,^GSPC,5626.02001953125,0.005407711405364557,0.0053931422343560355
2024-09-16,^GSPC,5633.08984375,0.0012566297656613212,0.0012558408673102855
2024-09-17,^GSPC,5634.580078125,0.00026455008109871336,0.00026451509389645083
2024-09-18,^GSPC,5618.259765625,-0.002896455862498093,-0.0029006587083132912
2024-09-19,^GSPC,5713.64013671875,0.01697685316676334,0.016834356892725128
2024-09-20,^GSPC,5702.5498046875,-0.0019410273951238066,-0.0019429136300157343
2024-09-23,^GSPC,5718.56982421875,0.0028092730585327352,0.0028053344257131223
2024-09-24,^GSPC,5732.93017578125,0.0025111788443470395,0.002508031103345345
2024-09-25,^GSPC,5722.259765625,-0.0018612489301417234,-0.001862983206212128
2024-09-26,^GSPC,5745.3701171875,0.00403867571712313,0.004030542158199222
2024-09-27,^GSPC,5738.169921875,-0.0012532169669905446,-0.0012540029000721238
2024-09-30,^GSPC,5762.47998046875,0.004236552581176722,0.004227603658441509
2024-10-01,^GSPC,5708.75,-0.009324107094664358,-0.009367848694454447
2024-10-02,^GSPC,5709.5400390625,0.00013839090212397487,0.00013838132698647728
2024-10-03,^GSPC,5699.93994140625,-0.001681413492255035,-0.0016828286544586894
2024-10-04,^GSPC,5751.06982421875,0.008970249395274354,0.008930255699186382
2024-10-07,^GSPC,5695.93994140625,-0.009586022165882668,-0.009632263829388773
2024-10-08,^GSPC,5751.1298828125,0.009689347495581924,0.009642706804694385
2024-10-09,^GSPC,5792.0400390625,0.007113411987488272,0.007088231016994585
2024-10-10,^GSPC,5780.0498046875,-0.002070122839989974,-0.0020722685059824846
2024-10-11,^GSPC,5815.02978515625,0.006051847587953629,0.00603360870729872
2024-10-14,^GSPC,5859.85009765625,0.0077076668832223305,0.007678114574594323
2024-10-15,^GSPC,5815.259765625,-0.007609466332438197,-0.0076385660375134215
2024-10-16,^GSPC,5842.47021484375,0.004679145956573816,0.004668232782779766
2024-10-17,^GSPC,5841.47021484375,-0.00017116047891174713,-0.00017117512853816633
2024-10-18,^GSPC,5864.669921875,0.00397155273894878,0.003963686942774387
2024-10-21,^GSPC,5853.97998046875,-0.0018227694906369774,-0.001824432756419033
2024-10-22,^GSPC,5851.2001953125,-0.0004748538883844189,-0.0004749666671957937
2024-10-23,^GSPC,5797.419921875,-0.009191323428069387,-0.009233824267679564
2024-10-24,^GSPC,5809.85986328125,0.002145772011323821,0.0021434731305568283
2024-10-25,^GSPC,5808.1201171875,-0.00029944716993013376,-0.00029949201318627087
2024-10-28,^GSPC,5823.52001953125,0.0026514435020339455,0.002647934626732945
2024-10-29,^GSPC,5832.919921875,0.001614127248163344,0.0016128259449012198
2024-10-30,^GSPC,5813.669921875,-0.003300233889343751,-0.0033056916724881185
2024-10-31,^GSPC,5705.4501953125,-0.018614700871699585,-0.018790134928745348
2024-11-01,^GSPC,5728.7998046875,0.004092509543626166,0.004084158004525459
2024-11-04,^GSPC,5712.68994140625,-0.002812083478299976,-0.0028160448131902913
2024-11-05,^GSPC,5782.759765625,0.012265644545291332,0.012191031029563081
2024-11-06,^GSPC,5929.0400390625,0.025295927786425976,0.024981280957186654
2024-11-07,^GSPC,5973.10009765625,0.007431229727488331,0.007403754173995657
2024-11-08,^GSPC,5995.5400390625,0.0037568333092317108,0.0037497940357180464
2024-11-11,^GSPC,6001.35009765625,0.0009690634297987444,0.0009685941909569238
2024-11-12,^GSPC,5983.990234375,-0.00289265965137242,-0.0028968514769364996
2024-11-13,^GSPC,5985.3798828125,0.00023222772482434095,0.00023220076414018386
2024-11-14,^GSPC,5949.169921875,-0.006049734794859041,-0.006068108582244
2024-11-15,^GSPC,5870.6201171875,-0.013203489851361216,-0.013291430866793769
2024-11-18,^GSPC,5893.6201171875,0.003917814394541086,0.003910159746206537
2024-11-19,^GSPC,5916.97998046875,0.003963584828470035,0.003955750520596487
2024-11-20,^GSPC,5917.10986328125,2.195086225209586e-05,2.19506213354446e-05
2024-11-21,^GSPC,5948.7099609375,0.0053404615405816536,0.005326251844288491
2024-11-22,^GSPC,5969.33984375,0.003467959094991535,0.0034619595915364653
2024-11-25,^GSPC,5987.3701171875,0.003020480305938378,0.0030159278201245415
2024-11-26,^GSPC,6021.6298828125,0.005722005647630368,0.005705697155263866
2024-11-27,^GSPC,5998.740234375,-0.003801238017440034,-0.003808481083577712
2024-11-29,^GSPC,6032.3798828125,0.005607785488815242,0.005592120396801623
2024-12-02,^GSPC,6047.14990234375,0.0024484564662998753,0.0024454638805813736
2024-12-03,^GSPC,6049.8798828125,0.0004514491145146682,0.0004513472420221813
2024-12-04,^GSPC,6086.490234375,0.006051417924264779,0.00603318162813612
2024-12-05,^GSPC,6075.10986328125,-0.0018697756269248078,-0.0018715258393823342
2024-12-06,^GSPC,6090.27001953125,0.0024954538421815275,0.0024923453675383123
2024-12-09,^GSPC,6052.85009765625,-0.006144213927296471,-0.006163167285227462
2024-12-10,^GSPC,6034.91015625,-0.002963883313944371,-0.002968284314279252
2024-12-11,^GSPC,6084.18994140625,0.008165786048233592,0.008132626411368235
2024-12-12,^GSPC,6051.25,-0.005414022527810203,-0.005428731461463251
2024-12-13,^GSPC,6051.08984375,-2.6466639124200775e-05,-2.646698937187397e-05
2024-12-16,^GSPC,6074.080078125,0.0037993543260221863,0.0037921550087844295
2024-12-17,^GSPC,6050.60986328125,-0.003863994965801476,-0.0038714794806554956
2024-12-18,^GSPC,5872.16015625,-0.02949284635160343,-0.02993650530451818
2024-12-19,^GSPC,5867.080078125,-0.0008651123249070469,-0.0008654867505367934
2024-12-20,^GSPC,5930.85009765625,0.010869123768910471,0.010810479402397299
2024-12-23,^GSPC,5974.06982421875,0.007287273468533639,0.007260849585616372
2024-12-24,^GSPC,6040.0400390625,0.01104275925539211,0.010982233165126825
2024-12-26,^GSPC,6037.58984375,-0.00040565878647391695,-0.0004057410882578191
2024-12-27,^GSPC,5970.83984375,-0.011055736101235558,-0.01111730496491221
2024-12-30,^GSPC,5906.93994140625,-0.010701995701766776,-0.010759673941729728
2024-12-31,^GSPC,5881.6298828125,-0.004284800394927402,-0.0042940064589823065
2025-01-02,^GSPC,5868.5498046875,-0.0022238866412221947,-0.002226363149448992
2025-01-03,^GSPC,5942.47021484375,0.01259602672149196,0.01251735670782609
2025-01-06,^GSPC,5975.3798828125,0.005538045085450305,0.005522766496818171
2025-01-07,^GSPC,5909.02978515625,-0.01110391288210788,-0.011166021516637011
2025-01-08,^GSPC,5918.25,0.001560360190925314,0.0015591440938312422
2025-01-10,^GSPC,5827.0400390625,-0.01541164380306681,-0.015531637650233373
2025-01-13,^GSPC,5836.22021484375,0.0015754440882007614,0.0015742043780551176
2025-01-14,^GSPC,5842.91015625,0.0011462798112440442,0.001145623334164268
2025-01-15,^GSPC,5949.91015625,0.018312792279639112,0.018147132504516373
2025-01-16,^GSPC,5937.33984375,-0.0021126894641922966,-0.0021149243408667613
2025-01-17,^GSPC,5996.66015625,0.009991058969353706,0.009941478308394033
2025-01-21,^GSPC,6049.240234375,0.008768227105582893,0.00873000944059605
2025-01-22,^GSPC,6086.3701171875,0.006137941522227575,0.006119181086994129
2025-01-23,^GSPC,6118.7099609375,0.00531348622041139,0.005299419459529372
2025-01-24,^GSPC,6101.240234375,-0.002855132319398823,-0.002859215984467759
2025-01-27,^GSPC,6012.27978515625,-0.014580715690809543,-0.014688059032112328
2025-01-28,^GSPC,6067.7001953125,0.009217869449967608,0.009175644177716802
2025-01-29,^GSPC,6039.31005859375,-0.004678895760321544,-0.004689876056919602
2025-01-30,^GSPC,6071.169921875,0.005275414405311762,0.005261548152180238
2025-01-31,^GSPC,6040.52978515625,-0.005046825754019935,-0.005059603990267195
2025-02-03,^GSPC,5994.56982421875,-0.007608597684666707,-0.007637690729495203
2025-02-04,^GSPC,6037.8798828125,0.007224881828679752,0.007198907403029113
2025-02-05,^GSPC,6061.47998046875,0.003908672930614365,0.003901053915613614
2025-02-06,^GSPC,6083.56982421875,0.003644298722618622,0.003637674355266266
2025-02-07,^GSPC,6025.990234375,-0.009464770111542897,-0.0095098456936602
2025-02-10,^GSPC,6066.43994140625,0.006712541085862833,0.006690112295455172
2025-02-11,^GSPC,6068.5,0.00033958278885926063,0.00033952514367385523
2025-02-12,^GSPC,6051.97021484375,-0.0027238667143857365,-0.0027275831896475754
2025-02-13,^GSPC,6115.06982421875,0.010426292122230674,0.010372313214235747
2025-02-14,^GSPC,6114.6298828125,-7.194380749464546e-05,-7.19463955744955e-05
2025-02-18,^GSPC,6129.580078125,0.0024449877750611915,0.002442003655551809
2025-02-19,^GSPC,6144.14990234375,0.0023769693899173827,0.0023741488668242434
2025-02-20,^GSPC,6117.52001953125,-0.0043341850761716705,-0.004343604884290259
2025-02-21,^GSPC,6013.1298828125,-0.01706412670256352,-0.017211396672539132
2025-02-24,^GSPC,5983.25,-0.00496910650440241,-0.004981493566252351
2025-02-25,^GSPC,5955.25,-0.004679730915472358,-0.004690715138395557
2025-02-26,^GSPC,5956.06005859375,0.00013602428004699796,0.00013601502958346571
2025-02-27,^GSPC,5861.56982421875,-0.015864553655509872,-0.015991742678524653
2025-02-28,^GSPC,5954.5,0.01585414463498891,0.015729780420663385
2025-03-03,^GSPC,5849.72021484375,-0.0175967394669998,-0.017753402648308866
2025-03-04,^GSPC,5778.14990234375,-0.012234826602200433,-0.012310288231505477
2025-03-05,^GSPC,5842.6298828125,0.011159277893187936,0.011097472528735688
2025-03-06,^GSPC,5738.52001953125,-0.017819007085749905,-0.017979677107455568
2025-03-07,^GSPC,5770.2001953125,0.00552061780274804,0.005505435045454467
2025-03-10,^GSPC,5614.56005859375,-0.0269730913054258,-0.027343541788428148
2025-03-11,^GSPC,5572.06982421875,-0.007567865323653167,-0.007596646918536578
2025-03-12,^GSPC,5599.2998046875,0.004886869929446425,0.004874967940490777
2025-03-13,^GSPC,5521.52001953125,-0.013890984206835322,-0.013988366806464148
2025-03-14,^GSPC,5638.93994140625,0.021265869083087807,0.02104290595319694
2025-03-17,^GSPC,5675.1201171875,0.006416130719105961,0.0063956349746060355
2025-03-18,^GSPC,5614.66015625,-0.010653512117636543,-0.010710667074319702
2025-03-19,^GSPC,5675.2900390625,0.010798495567894584,0.010740608172953766
2025-03-20,^GSPC,5662.89013671875,-0.0021848931523151816,-0.002187283513782985
2025-03-21,^GSPC,5667.56005859375,0.0008246534476661349,0.0008243136078323211
2025-03-24,^GSPC,5767.56982421875,0.017646000146633645,0.01749211712863917
2025-03-25,^GSPC,5776.64990234375,0.0015743334544251475,0.0015730954906538206
2025-03-26,^GSPC,5712.2001953125,-0.011156934922627149,-0.011219640357598032
2025-03-27,^GSPC,5693.31005859375,-0.003306980860763864,-0.0033124610071321114
2025-03-28,^GSPC,5580.93994140625,-0.01973722070834405,-0.019934601126853548
2025-03-31,^GSPC,5611.85009765625,0.005538521570653376,0.005523240357645722
2025-04-01,^GSPC,5633.06982421875,0.0037812354559083605,0.0037741045552120668
2025-04-02,^GSPC,5670.97021484375,0.006728194715792668,0.006705661429484109
2025-04-03,^GSPC,5396.52001953125,-0.04839563335990149,-0.04960591182899663
2025-04-04,^GSPC,5074.080078125,-0.05974960534553109,-0.061609061898230934
2025-04-07,^GSPC,5062.25,-0.0023314724921273955,-0.0023341946059635883
2025-04-08,^GSPC,4982.77001953125,-0.015700524562941354,-0.015825083277054855
2025-04-09,^GSPC,5456.89990234375,0.09515387644904849,0.09089487983303646
2025-04-10,^GSPC,5268.0498046875,-0.03460757958472693,-0.03522060702411168
2025-04-11,^GSPC,5363.35986328125,0.018092095201708958,0.01793038083577807
2025-04-14,^GSPC,5405.97021484375,0.007944712390868913,0.007913319326342991
2025-04-15,^GSPC,5396.6298828125,-0.0017277808903947145,-0.001729275225300909
2025-04-16,^GSPC,5275.7001953125,-0.0224083715440897,-0.022663253964902527
2025-04-17,^GSPC,5282.7001953125,0.0013268380955802073,0.0013259586237727749
2025-04-21,^GSPC,5158.2001953125,-0.023567493023827546,-0.02384964833401801
2025-04-22,^GSPC,5287.759765625,0.025117204723895226,0.02480695212545062
2025-04-23,^GSPC,5375.85986328125,0.01666113847096007,0.016523864366879457
2025-04-24,^GSPC,5484.77001953125,0.020259113708281262,0.020056628082583162
2025-04-25,^GSPC,5525.2099609375,0.007373133469998461,0.0073460847957005125
2025-04-28,^GSPC,5528.75,0.0006407067039131409,0.0006405015390019333
2025-04-29,^GSPC,5560.830078125,0.005802410694099036,0.005785641545556399
2025-04-30,^GSPC,5569.06005859375,0.00147999135976562,0.0014788972519335208
2025-05-01,^GSPC,5604.14013671875,0.006299102138585644,0.006279345716451974
2025-05-02,^GSPC,5686.669921875,0.01472657412963474,0.014619191109112719
2025-05-05,^GSPC,5650.3798828125,-0.006381597588933863,-0.006402047029318447
2025-05-06,^GSPC,5606.91015625,-0.007693239651855532,-0.007722985278391797
2025-05-07,^GSPC,5631.27978515625,0.00434635623313584,0.004336938106710132
2025-05-08,^GSPC,5663.93994140625,0.005799775094835535,0.005783021147465641
2025-05-09,^GSPC,5659.91015625,-0.0007114809122162891,-0.0007117341348763632
2025-05-12,^GSPC,5844.18994140625,0.032558782749008364,0.03203997667702081
2025-05-13,^GSPC,5886.5498046875,0.0072482009835321826,0.007222059020245977
2025-05-14,^GSPC,5892.580078125,0.001024415597859818,0.001023891242276054
2025-05-15,^GSPC,5916.93017578125,0.004132332074135769,0.004123817438757677
2025-05-16,^GSPC,5958.3798828125,0.007005272294898557,0.006980849368100189
2025-05-19,^GSPC,5963.60009765625,0.0008761131291423752,0.0008757295660482738
2025-05-20,^GSPC,5940.4599609375,-0.0038802294486252054,-0.0038877770695725784
2025-05-21,^GSPC,5844.60986328125,-0.01613513066101424,-0.016266719267758897
2025-05-22,^GSPC,5842.009765625,-0.00044487103794299543,-0.0004449700224211693
2025-05-23,^GSPC,5802.81982421875,-0.006708297825321674,-0.006730899591473139
2025-05-27,^GSPC,5921.5400390625,0.0204590558452733,0.02025258080218437
2025-05-28,^GSPC,5888.5498046875,-0.005571225417268844,-0.005586802576444734
2025-05-29,^GSPC,5912.169921875,0.004011194261904327,0.0040031708706317415
2025-05-30,^GSPC,5911.68994140625,-8.118516130162234e-05,-8.118845699520562e-05
2025-06-02,^GSPC,5935.93994140625,0.0041020419271569075,0.004093651490626028
2025-06-03,^GSPC,5970.3701171875,0.005800290454605506,0.005783533535368979
2025-06-04,^GSPC,5970.81005859375,7.36874595066439e-05,7.368474471916267e-05
2025-06-05,^GSPC,5939.2998046875,-0.005277383403094138,-0.005291357978698112
2025-06-06,^GSPC,6000.35986328125,0.010280683010067904,0.010228196215376713
2025-06-09,^GSPC,6005.8798828125,0.0009199480792858594,0.0009195251863913659
2025-06-10,^GSPC,6038.81005859375,0.00548298940767844,0.005468012541646841
2025-06-11,^GSPC,6022.240234375,-0.002743888954607865,-0.002747660318287345
2025-06-12,^GSPC,6045.259765625,0.0038224199557175265,0.0038151330716763875
2025-06-13,^GSPC,5976.97021484375,-0.011296379879250695,-0.01136066859010289
2025-06-16,^GSPC,6033.10986328125,0.009392659896159117,0.0093488231481891
2025-06-17,^GSPC,5982.72021484375,-0.008352184790166306,-0.008387259723643134
2025-06-18,^GSPC,5980.8701171875,-0.0003092402101070313,-0.00030928803472058796
2025-06-20,^GSPC,5967.83984375,-0.002178658486505891,-0.002181035215587759
2025-06-23,^GSPC,6025.169921875,0.009606504133156335,0.009560655071259439
2025-06-24,^GSPC,6092.18017578125,0.01112172017970181,0.011060328616958607
2025-06-25,^GSPC,6092.16015625,-3.2861029504172024e-06,-3.286108349665331e-06
2025-06-26,^GSPC,6141.02001953125,0.008020121275230219,0.007988131032516797
2025-06-27,^GSPC,6173.06982421875,0.005218970885222163,0.005205399256150098
2025-06-30,^GSPC,6204.9501953125,0.005164427424532603,0.005151137506128882
2025-07-01,^GSPC,6198.009765625,-0.001118531087121899,-0.0011191571098791433
2025-07-02,^GSPC,6227.419921875,0.004745096791088033,0.0047338743064907745
2025-07-03,^GSPC,6279.35009765625,0.008338955206607324,0.00830437821066394
2025-07-07,^GSPC,6229.97998046875,-0.007862297279128794,-0.007893368104244017
2025-07-08,^GSPC,6225.52001953125,-0.0007158868810946961,-0.0007161432504695748
2025-07-09,^GSPC,6263.259765625,0.0060621034026635545,0.00604380277677969
2025-07-10,^GSPC,6280.4599609375,0.0027462050044453346,0.0027424410729257912
2025-07-11,^GSPC,6259.75,-0.0032975229626984737,-0.0033029717732258423
2025-07-14,^GSPC,6268.56005859375,0.001407413809457303,0.0014064243309367943
2025-07-15,^GSPC,6243.759765625,-0.003956298214731202,-0.003964145065672561
2025-07-16,^GSPC,6263.7001953125,0.003193657417327689,0.0031885685253844154
2025-07-17,^GSPC,6297.35986328125,0.00537376740890938,0.005359380240011013
2025-07-18,^GSPC,6296.7900390625,-9.048620868445933e-05,-9.049030280841674e-05
2025-07-21,^GSPC,6305.60009765625,0.001399134882868358,0.001398157005673256
2025-07-22,^GSPC,6309.6201171875,0.0006375316336257875,0.0006373284966667569
2025-07-23,^GSPC,6358.91015625,0.007811886951519131,0.007781532145702873
2025-07-24,^GSPC,6363.35009765625,0.0006982236416543941,0.0006979799969332514
2025-07-25,^GSPC,6388.64013671875,0.00397432777929585,0.003966451001680552
2025-07-28,^GSPC,6389.77001953125,0.00017685810881817865,0.00017684247126657597
2025-07-29,^GSPC,6370.85986328125,-0.002959442388724254,-0.002963830197466829
2025-07-30,^GSPC,6362.89990234375,-0.0012494327466496813,-0.0012502139385094711
2025-07-31,^GSPC,6339.39013671875,-0.0036948193411530106,-0.003701662046374567
2025-08-01,^GSPC,6238.009765625,-0.015992133140148468,-0.0161213871855698
2025-08-04,^GSPC,6329.93994140625,0.01473710033091602,0.014629564491414495
2025-08-05,^GSPC,6299.18994140625,-0.004857865996303334,-0.004869703780462017
2025-08-06,^GSPC,6345.06005859375,0.007281907295092482,0.007255522219852605
2025-08-07,^GSPC,6340.0,-0.0007974800154801898,-0.0007977981718278668
2025-08-08,^GSPC,6389.4501953125,0.007799715348974834,0.0077694548163894745
2025-08-11,^GSPC,6373.4501953125,-0.0025041278217863283,-0.0025072683938851073
2025-08-12,^GSPC,6445.759765625,0.01134543584661274,0.011281559075170764
2025-08-13,^GSPC,6466.580078125,0.0032300788824048965,0.0032248733840464015
2025-08-14,^GSPC,6468.5400390625,0.00030309080129242716,0.00030304487855445177
2025-08-15,^GSPC,6449.7998046875,-0.0028971350972291088,-0.0029013399163647113
2025-08-18,^GSPC,6449.14990234375,-0.00010076318078544588,-0.00010076825773579619
2025-08-19,^GSPC,6411.3701171875,-0.005858103118756786,-0.005875329112207127
2025-08-20,^GSPC,6395.77978515625,-0.0024316693228262354,-0.002434630632264957
2025-08-21,^GSPC,6370.169921875,-0.004004181529308926,-0.004012219728951123
2025-08-22,^GSPC,6466.91015625,0.015186444876893468,0.015072285158779139
2025-08-25,^GSPC,6439.31982421875,-0.004266385548063467,-0.004275512539646319
2025-08-26,^GSPC,6465.93994140625,0.004133995191134998,0.00412547371011636
2025-08-27,^GSPC,6481.39990234375,0.0023909843081744153,0.0023881304533030262
2025-08-28,^GSPC,6501.85986328125,0.0031567194195349924,0.003151747441466755
2025-08-29,^GSPC,6460.259765625,-0.00639818429357164,-0.006418740402792551
2025-09-02,^GSPC,6415.5400390625,-0.006922279936861564,-0.006946350061030363
2025-09-03,^GSPC,6448.259765625,0.0051000736279842585,0.005087112302941308
2025-09-04,^GSPC,6502.080078125,0.008346486409699372,0.008311847102873571
2025-09-05,^GSPC,6481.5,-0.003165152978388819,-0.00317017266993674
2025-09-08,^GSPC,6495.14990234375,0.0021059789159529885,0.0021037644508885675
2025-09-09,^GSPC,6512.60986328125,0.0026881536531127015,0.0026845470300734414
2025-09-10,^GSPC,6532.0400390625,0.002983469943562689,0.0029790282293981275
2025-09-11,^GSPC,6587.47021484375,0.008485890387959882,0.008450087623093565
2025-09-12,^GSPC,6584.2900390625,-0.00048276131466740146,-0.00048287788142832935
2025-09-15,^GSPC,6615.27978515625,0.004706619226962694,0.004695577726559718
2025-09-16,^GSPC,6606.759765625,-0.0012879303382402618,-0.0012887604333313247
2025-09-17,^GSPC,6600.35009765625,-0.0009701681605103207,-0.0009706390782443865
2025-09-18,^GSPC,6631.9599609375,0.004789119185128365,0.004777687836708263
2025-09-19,^GSPC,6664.35986328125,0.004885418870829605,0.004873523937481177
2025-09-22,^GSPC,6693.75,0.004410046474333074,0.004400350714762291
2025-09-23,^GSPC,6656.919921875,-0.005502159197012135,-0.005517351828739721
2025-09-24,^GSPC,6637.97021484375,-0.002846617843333288,-0.0028506771652953692
2025-09-25,^GSPC,6604.72021484375,-0.0050090613431266195,-0.005021648742526333
2025-09-26,^GSPC,6643.7001953125,0.005901836747171263,0.005884489130413512
2025-09-29,^GSPC,6661.2099609375,0.00263554421636214,0.002632077259912619
2025-09-30,^GSPC,6688.4599609375,0.0040908483833717035,0.004082503613507919
2025-10-01,^GSPC,6711.2001953125,0.003399920834961989,0.0033941541712235066
2025-10-02,^GSPC,6715.35009765625,0.0006183547238911569,0.0006181636213842448
2025-10-03,^GSPC,6715.7900390625,6.551280273581206e-05,6.55106568658717e-05
2025-10-06,^GSPC,6740.27978515625,0.0036465919796933033,0.003639959282762629
2025-10-07,^GSPC,6714.58984375,-0.0038114057910215715,-0.003818687706853079
2025-10-08,^GSPC,6753.72021484375,0.0058276636405680815,0.005810748494187323
2025-10-09,^GSPC,6735.10986328125,-0.002755570407195318,-0.0027593739802789824
2025-10-10,^GSPC,6552.509765625,-0.02711167321141361,-0.027485975439899807
2025-10-13,^GSPC,6654.72021484375,0.015598671787557583,0.015478263036934031
2025-10-14,^GSPC,6644.31005859375,-0.0015643266604626893,-0.00156555149694257
2025-10-15,^GSPC,6671.06005859375,0.004026001159503689,0.004017918503427979
2025-10-16,^GSPC,6629.06982421875,-0.006294387099829435,-0.006314280275141975
2025-10-17,^GSPC,6664.009765625,0.0052707155502571545,0.0052568739445263
2025-10-20,^GSPC,6735.1298828125,0.010672270853256949,0.010615724136144117
2025-10-21,^GSPC,6735.35009765625,3.2696450934288634e-05,3.269591641698797e-05
2025-10-22,^GSPC,6699.39990234375,-0.005337539220865439,-0.005351834774743029
2025-10-23,^GSPC,6738.43994140625,0.0058273934429324825,0.0058104798620133855
2025-10-24,^GSPC,6791.68994140625,0.00790242258787388,0.007871361975244856
2025-10-27,^GSPC,6875.16015625,0.012290050865671143,0.012215141327379352
2025-10-28,^GSPC,6890.89013671875,0.0022879438603986557,0.0022853305022299255
2025-10-29,^GSPC,6890.58984375,-4.3578255173426506e-05,-4.3579204733175357e-05
2025-10-30,^GSPC,6822.33984375,-0.00990481243951924,-0.009954191424534511
2025-10-31,^GSPC,6840.2001953125,0.0026179217059763005,0.0026145009178832708
2025-11-03,^GSPC,6851.97021484375,0.0017207127269924793,0.0017192339969181521
2025-11-04,^GSPC,6771.5498046875,-0.011736830084583816,-0.011806250392326717
2025-11-05,^GSPC,6796.2900390625,0.0036535556982648654,0.0036468976756877185
2025-11-06,^GSPC,6720.31982421875,-0.011178189042419073,-0.011241134514722728
2025-11-07,^GSPC,6728.7998046875,0.0012618418007710464,0.0012610463474931072
2025-11-10,^GSPC,6832.43017578125,0.01540101862170995,0.015283626703501816
2025-11-11,^GSPC,6846.60986328125,0.002075350517340535,0.0020731999523923177
2025-11-12,^GSPC,6850.919921875,0.0006295171887717999,0.0006293191259445972
2025-11-13,^GSPC,6737.490234375,-0.01655685496159698,-0.01669545163092778
2025-11-14,^GSPC,6734.10986328125,-0.0005017255648851471,-0.0005018514712717733
2025-11-17,^GSPC,6672.41015625,-0.00916226617680782,-0.009204497894305158
2025-11-18,^GSPC,6617.31982421875,-0.008256436690967983,-0.008290709844169318
2025-11-19,^GSPC,6642.16015625,0.0037538357962292324,0.00374680773726533
2025-11-20,^GSPC,6538.759765625,-0.015567283563270418,-0.01568972611631523
2025-11-21,^GSPC,6602.990234375,0.009823035415319481,0.009775103041592069
2025-11-24,^GSPC,6705.1201171875,0.015467217001293498,0.015348818899081837
2025-11-25,^GSPC,6765.8798828125,0.009061696817220577,0.009020886000832944
2025-11-26,^GSPC,6812.60986328125,0.006906711511012631,0.006882969436149685
2025-11-28,^GSPC,6849.08984375,0.005354773163420257,0.005340487341137372
2025-12-01,^GSPC,6812.6298828125,-0.005323329342915684,-0.005337548746055966
2025-12-02,^GSPC,6829.3701171875,0.002457235261999813,0.002454221195936617
2025-12-03,^GSPC,6849.72021484375,0.0029797912994984355,0.0029753605210852863
2025-12-04,^GSPC,6857.1201171875,0.0010803218396737702,0.001079738711974404
2025-12-05,^GSPC,6870.39990234375,0.001936641757662061,0.0019347688846794776
2025-12-08,^GSPC,6846.509765625,-0.003477255626794018,-0.0034833153316476935
2025-12-09,^GSPC,6840.509765625,-0.0008763589340257116,-0.0008767431610132386
2025-12-10,^GSPC,6886.68017578125,0.00674955693920154,0.006726880659139976
2025-12-11,^GSPC,6901.0,0.002079350841514227,0.00207719198371703
2025-12-12,^GSPC,6827.41015625,-0.010663649289958,-0.010720913458554537
2025-12-15,^GSPC,6816.509765625,-0.0015965630269072495,-0.0015978388918367072
2025-12-16,^GSPC,6800.259765625,-0.0023839179519623555,-0.00238676400843967
2025-12-17,^GSPC,6721.43017578125,-0.011592143912241393,-0.01165985661137129
2025-12-18,^GSPC,6774.759765625,0.007934262269941872,0.007902951520479156
2025-12-19,^GSPC,6834.5,0.008818059450332205,0.008779407421828872
2025-12-22,^GSPC,6878.490234375,0.006436496360377575,0.006415870575561936
2025-12-23,^GSPC,6909.7900390625,0.004550388765703239,0.004540067046788208
2025-12-24,^GSPC,6932.0498046875,0.0032214822012188726,0.003216304344700708
2025-12-26,^GSPC,6929.93994140625,-0.00030436354912266594,-0.00030440987710828846
2025-12-29,^GSPC,6905.740234375,-0.00349205148036813,-0.003498162923937312
2025-12-30,^GSPC,6896.240234375,-0.0013756671519022934,-0.0013766142506534472
2025-12-31,^GSPC,6845.5,-0.007357666300846111,-0.007384867434248815
2026-01-02,^GSPC,6858.47021484375,0.0018947067188299638,0.0018929140261155547
2026-01-05,^GSPC,6902.0498046875,0.006354126864826393,0.006334024511051582
2026-01-06,^GSPC,6944.81982421875,0.006196712678341321,0.0061775920038938375
2026-01-07,^GSPC,6920.93017578125,-0.003439923431013958,-0.0034458535710101927
2026-01-08,^GSPC,6921.4599609375,7.65482590914246e-05,7.654532942294603e-05
2026-01-09,^GSPC,6966.27978515625,0.006475487031883276,0.006454611138321038
2026-01-12,^GSPC,6977.27001953125,0.001577633215136931,0.0015763900591805138
2026-01-13,^GSPC,6963.740234375,-0.0019391230550597216,-0.0019410055882070072
2026-01-14,^GSPC,6926.60009765625,-0.005333360445499591,-0.005347633584135448
2026-01-15,^GSPC,6944.47021484375,0.0025799262171273263,0.002576603920444464
2026-01-16,^GSPC,6940.009765625,-0.0006423023039563436,-0.0006425086684515026
2026-01-20,^GSPC,6796.85986328125,-0.02062675805627745,-0.020842460953261224
2026-01-21,^GSPC,6875.6201171875,0.011587741323274559,0.01152111763356032
2026-01-22,^GSPC,6913.35009765625,0.005487502192628835,0.0054725007079021405
2026-01-23,^GSPC,6915.60986328125,0.0003268698377891788,0.0003268164274822459
2026-01-26,^GSPC,6950.22998046875,0.005006083031276365,0.00499359426016032
2026-01-27,^GSPC,6978.60009765625,0.004081896177137168,0.004073587840441241
2026-01-28,^GSPC,6978.02978515625,-8.172305219089626e-05,-8.172639170147053e-05
2026-01-29,^GSPC,6969.009765625,-0.001292631274007694,-0.0012934674424623016
2026-01-30,^GSPC,6939.02978515625,-0.004301899620894223,-0.0043111794144580756
2026-02-02,^GSPC,6976.43994140625,0.00539126612916796,0.005376785277364613
2026-02-03,^GSPC,6917.81005859375,-0.008403983020698336,-0.008439495590663714
2026-02-04,^GSPC,6882.72021484375,-0.005072391906223106,-0.005085300155013826
2026-02-05,^GSPC,6798.39990234375,-0.012251015567674717,-0.01232667785383289
2026-02-06,^GSPC,6932.2998046875,0.0196957966973359,0.019504344282200718
2026-02-09,^GSPC,6964.81982421875,0.004691086716887227,0.004680117860123293
2026-02-10,^GSPC,6941.81005859375,-0.003303712975458173,-0.0033091822845107053
2026-02-11,^GSPC,6941.47021484375,-4.895607156218951e-05,-4.89572699497733e-05
2026-02-12,^GSPC,6832.759765625,-0.01566101212770199,-0.01578494138611745
2026-02-13,^GSPC,6836.169921875,0.0004990891480125548,0.0004989646444475858
2026-02-17,^GSPC,6843.22021484375,0.0010313220779065713,0.0010307906306565179
2026-02-18,^GSPC,6881.31005859375,0.005566070147410729,0.005550636821134019
2026-02-19,^GSPC,6861.89013671875,-0.0028221256867719813,-0.0028261153915347848
2026-02-20,^GSPC,6909.509765625,0.006939724763506794,0.006915755702175204
2026-02-23,^GSPC,6837.75,-0.010385652247284827,-0.01043995947145646
2026-02-24,^GSPC,6890.06982421875,0.0076516140863223114,0.007622488962383376
2026-02-25,^GSPC,6946.1298828125,0.008136355657339944,0.0081034339701294
2026-02-26,^GSPC,6908.85986328125,-0.005365580569328343,-0.005380026995566101
2026-02-27,^GSPC,6878.8798828125,-0.00433935281103115,-0.004348795128037643
2026-03-02,^GSPC,6881.6201171875,0.0003983547353176853,0.0003982754131349892
2026-03-03,^GSPC,6816.6298828125,-0.009444031095625416,-0.009488908731312503
2026-03-04,^GSPC,6869.5,0.007756049264286302,0.00772612574014956
2026-03-05,^GSPC,6830.7099609375,-0.005646704863891072,-0.005662707772703004
2026-03-06,^GSPC,6740.02001953125,-0.013276795812569242,-0.013365720432496335
2026-03-09,^GSPC,6795.990234375,0.008304161513105202,0.008269871665388671
2026-03-10,^GSPC,6781.47998046875,-0.0021351198877325173,-0.002137402505887721
2026-03-11,^GSPC,6775.7998046875,-0.0008376012017449197,-0.0008379521856348736
2026-03-12,^GSPC,6672.6201171875,-0.015227676506708532,-0.015344808189494536
2026-03-13,^GSPC,6632.18994140625,-0.006059115470564369,-0.006077546398501344
2026-03-16,^GSPC,6699.3798828125,0.010130883162251969,0.010079909746818997
2026-03-17,^GSPC,6716.08984375,0.0024942548757938,0.002491149384952951
2026-03-18,^GSPC,6624.7001953125,-0.013607567880073446,-0.013700999383730839
2026-03-19,^GSPC,6606.490234375,-0.002748797741878972,-0.002752582623899739
2026-03-20,^GSPC,6506.47998046875,-0.015138182356779217,-0.015253934307770224
2026-03-23,^GSPC,6581.0,0.011453200463990454,0.0113881090950741
2026-03-24,^GSPC,6556.3701171875,-0.0037425745042546366,-0.0037495954593205535
2026-03-25,^GSPC,6591.89990234375,0.005419124381509377,0.005404493759949214
2026-03-26,^GSPC,6477.16015625,-0.017406172392416708,-0.017559440961209507
2026-03-27,^GSPC,6368.85009765625,-0.01672184352107431,-0.01686323194605131
2026-03-30,^GSPC,6343.72021484375,-0.003945748828622642,-0.003953553833355896
2026-03-31,^GSPC,6528.52001953125,0.02913114047102594,0.028714893309798716
2026-04-01,^GSPC,6575.31982421875,0.007168516684867399,0.0071429450037592815
2026-04-02,^GSPC,6582.68994140625,0.0011208758485563575,0.0011202481362370179
2026-04-06,^GSPC,6611.830078125,0.0044267825126402816,0.004417013131605809
2026-04-07,^GSPC,6616.85009765625,0.0007592481161695641,0.0007589600331270599
2026-04-08,^GSPC,6782.81005859375,0.025081414644149813,0.024772038357183543
2026-04-09,^GSPC,6824.66015625,0.006170023529293189,0.006151066869514015
2026-04-10,^GSPC,6816.89013671875,-0.0011385210916523558,-0.0011391696991393636
2026-04-13,^GSPC,6886.240234375,0.010173274948748201,0.010121875493741075
2026-04-14,^GSPC,6967.3798828125,0.011782866364792755,0.011713988916143619
2026-04-15,^GSPC,7022.9501953125,0.007975783355387733,0.00794414491156507
2026-04-16,^GSPC,7041.27978515625,0.0026099558353673835,0.002606555815286028
2026-04-17,^GSPC,7126.06005859375,0.012040463669150903,0.011968553928737802
2026-04-20,^GSPC,7109.14013671875,-0.002374372617670484,-0.0023771959102520377
2026-04-21,^GSPC,7064.009765625,-0.006348217959672997,-0.00636845358085314
2026-04-22,^GSPC,7137.89990234375,0.010460084168953943,0.010405756011537825
2026-04-23,^GSPC,7108.39990234375,-0.004132868267081369,-0.004141432170939999
2026-04-24,^GSPC,7165.080078125,0.007973689797975636,0.007942067917632457
2026-04-27,^GSPC,7173.91015625,0.0012323767534654362,0.0012316180005498539
2026-04-28,^GSPC,7138.7998046875,-0.004894172187521972,-0.0049061878687959495
2026-04-29,^GSPC,7135.9501953125,-0.0003991720531409948,-0.00039925174351248426
2026-04-30,^GSPC,7209.009765625,0.010238239941821936,0.010186184168105012
2026-05-01,^GSPC,7230.1201171875,0.002928328889657106,0.00292404968652147
2026-05-04,^GSPC,7200.75,-0.004062189384334225,-0.004070462487840939
2026-05-05,^GSPC,7259.22021484375,0.008120017337603702,0.008087227380575185
2026-05-06,^GSPC,7365.1201171875,0.014588330317794274,0.014482944327746904
2026-05-07,^GSPC,7337.10986328125,-0.003803095327784889,-0.0038103454826786936
2026-05-08,^GSPC,7398.93017578125,0.008425703533400997,0.008390405429031966
2026-05-11,^GSPC,7412.83984375,0.0018799566475542484,0.0018781917406753333
2026-05-12,^GSPC,7400.9599609375,-0.0016026088601545085,-0.0016038944114079717
2026-05-13,^GSPC,7444.25,0.005849246488426552,0.005832206062995343
2026-05-14,^GSPC,7501.240234375,0.007655604577358366,0.007626449143738461
2026-05-15,^GSPC,7408.5,-0.012363320128051747,-0.012440381787730354
2026-05-18,^GSPC,7403.0498046875,-0.0007356678561787344,-0.0007359385925655567
2026-05-19,^GSPC,7353.60986328125,-0.006678320788135905,-0.006700720556670582
2026-05-20,^GSPC,7432.97021484375,0.010792026370445518,0.010734208066325955
2026-05-21,^GSPC,7445.72021484375,0.0017153304306989359,0.0017138609316666425
2026-05-22,^GSPC,7473.47021484375,0.0037269732409066503,0.003720045284340991
2026-05-26,^GSPC,7519.1201171875,0.006108260424063872,0.006089680623147164
2026-05-27,^GSPC,7520.35986328125,0.00016487914469087706,0.00016486555361860245
2026-05-28,^GSPC,7563.6298828125,0.005753716619668614,0.0057372272122164095
2026-05-29,^GSPC,7580.06005859375,0.002172260678511728,0.0021699047314878454
2026-06-01,^GSPC,7599.9599609375,0.0026252961308912415,0.0026218560604907887
2026-06-02,^GSPC,7609.77978515625,0.0012920889411551784,0.0012912549125880068
2026-06-03,^GSPC,7553.68017578125,-0.007372041104846239,-0.007399348892067432
2026-06-04,^GSPC,7584.31005859375,0.004054961568363158,0.0040467623691873905
2026-06-05,^GSPC,7383.740234375,-0.026445361894386843,-0.026801330315360895
2026-06-08,^GSPC,7405.72998046875,0.0029781310549599205,0.0029737052076611974
2026-06-09,^GSPC,7386.64990234375,-0.0025763939780845124,-0.0025797185926219454
2026-06-10,^GSPC,7266.990234375,-0.016199450298948426,-0.016332095868206012
2026-06-11,^GSPC,7394.2998046875,0.017518885564244746,0.01736719891346488
2026-06-12,^GSPC,7431.4599609375,0.0050255138730570525,0.005012928127161434
2026-06-15,^GSPC,7554.2900390625,0.016528391294663436,0.01639328413858115
2026-06-16,^GSPC,7511.35009765625,-0.005684179609759754,-0.005700396039273383
2026-06-17,^GSPC,7420.10009765625,-0.012148282108228825,-0.012222675603360274
2026-06-18,^GSPC,7500.580078125,0.010846212235623431,0.010787813962926182
2026-06-22,^GSPC,7472.7900390625,-0.003705051979052687,-0.003711932684976348
2026-06-23,^GSPC,7365.4599609375,-0.014362785193208105,-0.014466928386098657
2026-06-24,^GSPC,7358.22021484375,-0.0009829319733113406,-0.000983415367731934
2026-06-25,^GSPC,7357.490234375,-9.92061187945481e-05,-9.921104004703284e-05
2026-06-26,^GSPC,7354.02001953125,-0.00047165741757115853,-0.0004717686829183932
2026-06-29,^GSPC,7440.43017578125,0.011750057250389023,0.01168156135934559
2026-06-30,^GSPC,7499.35986328125,0.007920198981480553,0.007888998838148293
2026-07-01,^GSPC,7483.22998046875,-0.0021508346187620875,-0.0021531509855513085
2026-07-02,^GSPC,7483.240234375,1.3702513856905796e-06,1.370250446897007e-06
2026-07-06,^GSPC,7537.43017578125,0.00724150765029874,0.0072154138304445295
2026-07-07,^GSPC,7503.85009765625,-0.0044551096782159405,-0.004465063253185491
2026-07-08,^GSPC,7482.7099609375,-0.002817238676629863,-0.0028212145626126694
2026-07-09,^GSPC,7543.64013671875,0.008142795337428232,0.008109821657156896
2026-07-10,^GSPC,7575.39013671875,0.004208843399813977,0.004200010992571727
2026-07-13,^GSPC,7515.33984375,-0.007927023147980106,-0.007958609028043705
2026-07-14,^GSPC,7543.58984375,0.0037589783811964317,0.003751931076883282
2026-07-15,^GSPC,7572.39990234375,0.003819144358387927,0.003811869942054222
2026-07-16,^GSPC,7533.77001953125,-0.005101405539945647,-0.005114462132765812
2026-07-17,^GSPC,7457.68994140625,-0.010098540030789804,-0.010149876192112738
2026-07-20,^GSPC,7443.27978515625,-0.0019322546744660052,-0.0019341238867804414
2026-07-21,^GSPC,7509.2001953125,0.008856366018608064,0.008817378432212827
2026-07-22,^GSPC,7498.9599609375,-0.0013636917526039793,-0.0013646224263997142
2026-07-23,^GSPC,7408.2998046875,-0.012089697334330851,-0.012163372131276511
2026-07-24,^GSPC,7411.97998046875,0.0004967638835191579,0.0004966405371888175
2026-07-27,^GSPC,7413.18017578125,0.0001619264104413265,0.00016191330177520104
2026-07-28,^GSPC,7428.77978515625,0.002104307328987254,0.0021020963754603476
2026-07-29,^GSPC,7316.14990234375,-0.015161289750108109,-0.015277397157074194
2026-07-30,^GSPC,7437.6298828125,0.016604359135647728,0.016468013977056842
2026-07-31,^GSPC,7489.72021484375,0.00700361981598796,0.006979208383378553
